Station,Cast,BottleID,Date,Latitude_degrees_start,Longitude_degrees_start,Latitude_degrees_end,Longitude_degrees_end,Depth_fathoms,Depth_meters,Time_CTD_on,Time_in,Time_bottom,Time_ascent,Time_out,Salinity_bottle,Preservation,Pres_vol_ug,Bottle_CTD_notes,Tow_start_time,Tow_end_time,Tow_latitude_start,Tow_longitude_start,Tow_latitude_end,Tow_longitude_end,Tow_abundance,Scallop_samples,Tow_notes,Depth_m_CTD,Temp,Temp_FLAG,Pressure,Press_FLAG,SeaPressure,SeaPress_FLAG,Salinity,Salinity_FLAG,DIC,DIC_FLAG,TA,TA_FLAG,Dissolved_oxygen
1,Bottom,RSA_001B,20210502,41°42.01',69°47.78',41°41.90',69°47.85',24.3,44.4,1:31,1:31,1:33,1:39,1:43,NA,Mercuric,100,,NA,NA,NA,NA,NA,NA,NA,NA,,46.39418381,6.986346436,2,55.90284602,2,45.77034632,2,32.4468,2,2034,2,2195.2,NA,299.5486147
2,Bottom,RSA_002A,20210502,41°36.09',69°41.99',41°36.10',69°41.89',19.7,36,2:48,2:49,2:50,2:53,2:55,NA,Mercuric,100,,NA,NA,NA,NA,NA,NA,NA,NA,,37.67806976,6.958532715,2,47.63403416,2,37.50153446,2,32.5361,2,2043.1,2,2197.7,NA,305.1544176
3,Bottom,RSA_003A,20210502,41°36.22',69°30.26',41°36.28',69°30.24',41.4,75.7,3:53,3:54,3:55,3:58,4:00,NA,Mercuric,100,,16:10,16:26,41°36.22,69°30.26,41°35.04,69°28.80,1306,50,,76.88881653,6.792474365,2,86.76404572,2,76.63154602,2,33,2,2074.2,2,2227.3,NA,300.1318342
4,Bottom,RSA_004A,20210502,41°23.64',69°17.71',41°23.68',69°17.67',58.2,106.4,6:20,6:21,6:24,6:26,6:28,L2,Benzalkonium and mercuric,250,Lots of headspace - around 1 inch,NA,NA,NA,NA,NA,NA,NA,NA,,107.4057767,6.717486572,2,117.3282433,2,107.1957436,2,33.0367,2,2080.3,2,2225.3,NA,297.9233758
5,Bottom,RSA_005A,20210502,41°30.58',69°23.99',41°30.56',69°23.90',36.6,66.9,5:11,5:13,5:15,5:18,5:21,L1,Mercuric,100,,NA,NA,NA,NA,NA,NA,NA,NA,,67.87361115,7.166271973,2,77.13929818,2,67.00679848,2,32.9899,2,2065.8,2,2227.3,NA,305.4302654
7,Bottom,RSA_007A,20210502,41°12.15',69°17.78',41°12.08',69°17.71',28.9,52.9,8:11,8:12,8:14,8:17,8:18,NA,Benzalkonium and mercuric,250,,NA,NA,NA,NA,NA,NA,NA,NA,,53.90016907,7.007533046,2,63.82110314,2,53.68860344,2,32.9402,2,2073.5,2,2222.7,NA,301.2388536
8,Bottom,RSA_008A,20210502,41°06.12',69°12.10',41°06.04',69°12.01',32.3,59.1,9:05,9:05,9:06,9:09,9:10,L3,Benzalkonium and mercuric,250,,NA,NA,NA,NA,NA,NA,NA,NA,,58.72117584,7.037729899,2,68.81687818,2,58.68437849,2,32.8461,2,2066,2,2214.1,NA,300.5646849
9,Bottom,RSA_009A,20210502,41°07.97',68°59.85',41°07.88',68°59.73',53.4,97.7,10:11,10:12,10:14,10:17,10:19,L4,Benzalkonium and mercuric,250,,NA,NA,NA,NA,NA,NA,NA,NA,,98.5916745,6.92109375,2,108.1895316,2,98.0570319,2,33.0169,2,2075.9,2,2226.3,NA,297.5819977
10,Bottom,RSA_010A,20210502,40°59.84',69°05.27',40°59.67',69°05.28',40.8,74.6,11:14,11:14,11:15,11:18,11:20,NA,Benzalkonium and mercuric,250,,NA,NA,NA,NA,NA,NA,NA,NA,,75.77828186,7.042840576,2,85.83917084,2,75.70667114,2,32.8902,2,2070.9,2,2218,NA,299.8584057
11,Bottom,RSA_011A,20210502,40°53.92',68°54.24',40°53.85',68°54.25',38.2,69.9,12:23,12:23,12:25,12:27,12:28,NA,Benzalkonium and mercuric,250,,NA,NA,NA,NA,NA,NA,NA,NA,,73.03740662,7.368804932,2,82.77562332,2,72.64312363,2,32.9635,2,2068.1,2,2221.7,NA,304.26408730000003
13,Bottom,RSA_013A,20210502,40°53.79',68°42.18',40°53.78',68°42.12',34.3,62.7,13:36,13:38,13:39,13:41,13:42,NA,Benzalkonium and mercuric,250,,13:48,14:03,40°54.16,68°42.42,40°55.00,68°43.36,0,0,Rocks,63.92988556,7.528625488,2,73.70691299,2,63.5744133,2,32.8533,2,2052.6,2,2224.1,NA,308.7198928
14,Bottom,RSA_014A,20210502,41°00.03',68°47.77',41°00.06',68°47.98',36.3,66.4,14:47,14:48,14:50,14:51,14:52,NA,Benzalkonium and mercuric,250,,NA,NA,NA,NA,NA,NA,NA,NA,,66.03125732,7.37963693,2,75.85697319,2,65.7244735,2,32.9018,2,2066.7,2,2222.9,NA,306.5771617
15,Bottom,RSA_015A,20210502,41°06.17',68°41.99',41°06.32',68°42.01',32.2,58.9,15:40,15:40,15:41,15:47,15:47,L6,Benzalkonium and mercuric,250,,NA,NA,NA,NA,NA,NA,NA,NA,,59.02493256,7.320712284,2,68.99129486,2,58.85879517,2,32.9381,2,2053.8,2,2225.7,NA,307.8286679
17,Bottom,RSA_017A,20210502,41°12.16',68°42.26',41°12.22',68°42.20',35,64,17:02,17:03,17:05,17:08,17:09,L12,Benzalkonium and mercuric,250,,17:12,17:27,41°12.30,68°42.16,41°12.27,68°40.26,53,50,,66.39179962,7.213043213,2,76.06489236,2,65.93239267,2,32.9656,2,2069.6,2,2226.6,NA,305.4301965
18,Bottom,RSA_018A,20210502,41°12.04',68°35.71',41°12.17',NA,33,60.4,17:57,17:57,17:58,18:00,18:01,NA,Benzalkonium and mercuric,250,,NA,NA,NA,NA,NA,NA,NA,NA,,60.45032,7.426965332,2,70.30398941,2,60.17148972,2,32.963,2,2069.2,2,2224.6,NA,310.2296073
19,Bottom,RSA_019A,20210502,41°17.50',68°30.16',41°17.69',68°30.09',31.9,58.3,18:38,18:38,18:40,18:42,18:44,NA,Benzalkonium and mercuric,250,,NA,NA,NA,NA,NA,NA,NA,NA,,59.58232,7.429125977,2,69.67708842,2,59.54458872,2,33.0153,2,2078.8,2,2225,NA,308.768
20,Bottom,RSA_020A,20210502,41°21.06',68°41.78',41°21.12',68°41.76',51.2,93.6,19:49,19:49,19:50,19:52,19:53,L11,Benzalkonium and mercuric,250,,NA,NA,NA,NA,NA,NA,NA,NA,,94.73071,7.003765869,2,104.220842,2,94.08834229,2,33.0042,2,2073.9,2,2229,NA,303.8080718
21,Bottom,RSA_021A,20210502,41°21.16',68°35.29',41°21.21',68°35.12',41.4,75.7,20:23,20:23,20:25,20:27,20:28,L10,Benzalkonium and mercuric,250,,20:31,20:47,41°21.39,68°34.50,41°21.68,68°33.03,24,24,Abundance edited from 23 -- we physically have 24 samples,77.64481,7.108575439,2,87.27835007,2,77.14585037,2,32.9862,2,2072,2,2225.7,NA,304.7401471
23,Bottom,RSA_023A,20210502,41°30.02',68°29.85',41°30.12',68°29.71',52.2,95.5,22:32,22:32,22:35,22:37,22:40,NA,Mercuric,100,,NA,NA,NA,NA,NA,NA,NA,NA,,96.40216,7.222849528,2,106.1136837,2,95.98118401,2,33.0389,2,2081.7,2,2229.7,NA,299.8602469
24,Bottom,RSA_024A,20210502,41°36.16',68°23.75',41°36.30',68°23.59',15,27.4,23:28,23:28,23:28,23:29,23:31,L18,Mercuric,100,,NA,NA,NA,NA,NA,NA,NA,NA,,27.53687,7.710083008,2,36.92798506,2,26.79548536,2,32.9299,2,2070,2,2224.6,NA,304.7659502
25,Bottom,RSA_025A,20210503,41°47.04',68°11.30',41°47.05',68°11.00',40,73.2,1:03,1:04,1:05,1:07,1:08,L9,Mercuric,100,,1:04,1:28,41°47.04,68°11.36,41°46.96,68°09.93,292,50,,74.68767,7.183447266,2,84.28215027,2,74.14965057,2,33.1154,2,2089.6,2,2232,NA,292.3669427
26,Bottom,RSA_026A,20210503,41°47.04',68°00.19',41°47.12',68°00.05',22.9,41.9,2:20,2:20,2:21,2:23,2:23,NA,Mercuric,100,,NA,NA,NA,NA,NA,NA,NA,NA,,43.95594,7.605584717,2,53.70165482,2,43.56915512,2,33.0187,2,2072.2,2,2230.3,NA,299.8483633
27,Bottom,RSA_027A,20210503,41°53.08',67°54.19',41°53.16',67°54.18',30.4,55.6,3:12,3:12,3:14,3:14,3:16,NA,Mercuric,100,,NA,NA,NA,NA,NA,NA,NA,NA,,55.95419,7.225024414,2,65.88976479,2,55.75726509,2,33.0837,2,2091.3,2,2232.1,NA,291.3312778
28,Bottom,RSA_028A,20210503,42°00.67',67°29.72',42°00.76',67°29.72',24.9,45.5,5:27,5:27,5:28,5:31,5:32,NA,Benzalkonium and mercuric,250,,6:00,6:15,42°03.93,67°26.05,42°04.98,67°25.22,2008,50,,43.69947,7.363727679,2,53.65159375,2,43.51909405,2,32.8758,2,2071.9,2,2221.5,NA,298.2713494
29,Bottom,RSA_029A,20210503,42°06.32',67°23.90',42°06.54',67°23.87',43.2,79,6:34,6:34,6:36,6:39,6:40,NA,Benzalkonium and mercuric,250,,NA,NA,NA,NA,NA,NA,NA,NA,,78.02595,7.105437012,2,88.05057907,2,77.91807938,2,32.9555,2,2082,2,2225,NA,293.2975351
31,Bottom,RSA_031A,20210503,42°01.69',67°11.98',42°01.67',67°11.93',28.7,52.5,8:35,8:35,8:36,8:38,8:39,NA,Benzalkonium and mercuric,250,,NA,NA,NA,NA,NA,NA,NA,NA,,53.74686,7.304144287,2,63.67005192,2,53.53755223,2,32.8071,2,2065.6,2,2212.7,NA,299.4034672
32,Bottom,RSA_032A,20210503,41°53.24',67°23.87',41°53.18',67°23.72',30.3,55.4,10:04,10:05,10:07,10:10,10:11,NA,Benzalkonium and mercuric,250,,NA,NA,NA,NA,NA,NA,NA,NA,,57.08439,7.66953125,2,66.80551338,2,56.67301369,2,32.93,2,2071,2,2216.7,NA,299.6767817
33,Bottom,RSA_033A,20210503,41°29.79',67°42.03',41°41.22',67°17.17',22.8,41.7,13:45,13:46,13:47,13:50,13:50,NA,Benzalkonium and mercuric,250,,NA,NA,NA,NA,NA,NA,NA,NA,,43.44986,7.888549805,2,53.54439354,2,43.41189384,2,32.9539,2,2069.7,2,2221.3,NA,303.2244773
34,Bottom,RSA_034A,20210503,41°35.76',67°30.71',41°35.65',67°30.72',17.8,32.6,12:42,12:42,12:43,12:45,12:46,L7,Benzalkonium and mercuric,250,,NA,NA,NA,NA,NA,NA,NA,NA,,35.26567,7.955181885,2,44.84445899,2,34.71195929,2,32.9114,2,2065.1,2,2215.4,NA,300.6849418
35,Bottom,RSA_035A,20210503,41°41.43',67°17.35',41°29.71',67°42.11',26.7,48.8,11:21,11:23,11:24,11:27,11:28,NA,Benzalkonium and mercuric,250,,NA,NA,NA,NA,NA,NA,NA,NA,,51.34352,7.8060119630000004,2,61.02321777,2,50.89071808,2,32.9247,2,2071.7,2,2227.5,NA,302.7792769
36,Bottom,RSA_036A,20210503,41°30.19',67°06.07',41°30.26',67°06.13',30,54.9,17:14,17:14,17:15,17:16,17:17,NA,Mercuric,100,,NA,NA,NA,NA,NA,NA,NA,NA,,57.33202,7.673400879,2,66.93928655,2,56.80678686,2,32.9267,2,2052.3,2,2226.9,NA,321.6974619
37,Bottom,RSA_037A,20210503,41°23.68',67°00.25',41°23.72',67°00.29',34,62.2,18:18,18:19,18:20,18:21,18:23,L24,Mercuric,100,,18:25,18:40,41°23.70,67°00.31,41°22.71,67°01.32,0,0,All sand dollars,64.76473,7.453430176,2,74.1995341,2,64.0670344,2,32.8367,2,2054.5,2,2220.2,NA,323.8155601
38,Bottom,RSA_038A,20210503,41°17.74',67°05.65',41°17.78',67°05.68',33,60.4,19:27,19:28,19:28,19:30,19:31,NA,Mercuric,100,,NA,NA,NA,NA,NA,NA,NA,NA,,62.26756,7.624829102,2,71.95452663,2,61.82202693,2,32.8873,2,2050.3,2,2219.5,NA,318.4038757
39,Bottom,RSA_039A,20210503,41°17.62',66°54.05',41°17.65',66°54.02',38,69.5,20:30,20:30,20:31,20:32,20:33,NA,Mercuric,100,,NA,NA,NA,NA,NA,NA,NA,NA,,70.85619,7.3640625,2,80.73426056,2,70.60176086,2,32.7401,2,2059.9,2,2215.6,NA,313.871674
40,Bottom,RSA_040A,20210503,41°17.51',66°42.27',41°17.66',66°42.13',41.8,76.4,21:29,21:30,21:31,21:32,21:33,NA,Mercuric,100,,21:34,21:50,41°17.66,66°42.13,41°18.77,66°40.91,140,50,Bags labelled 37,77.74607,6.885205078,2,87.32049391,2,77.18799422,2,32.8428,2,2086.1,2,2219.2,NA,296.5129057
41,Bottom,RSA_041A,20210503,41°23.47',66°35.67',41°23.51',66°35.59',46,84.1,22:32,22:33,22:34,22:35,22:37,NA,Mercuric,100,,NA,NA,NA,NA,NA,NA,NA,NA,,85.91049,7.002502441,2,95.34253802,2,85.21003832,2,32.8158,2,2081.8,2,2215.4,NA,300.7843608
42,Bottom,RSA_042A,20210503,41°17.84',66°30.22',41°17.82',66°30.13',49.7,90.9,23:19,23:20,23:21,23:23,23:24,L23,Mercuric,100,,NA,NA,NA,NA,NA,NA,NA,NA,,92.56243,6.879077147,2,102.1956348,2,92.06313515,2,32.9726,2,2095,2,2227.8,NA,288.8395249
43,Bottom,RSA_043A,20210504,41°12.20',66°24.12',41°12.21',66°24.06',50.9,93.1,0:07,0:07,0:08,0:09,0:11,NA,Mercuric,100,,NA,NA,NA,NA,NA,NA,NA,NA,,94.56269,8.324635315,2,104.5703798,2,94.43788006,2,33.6504,2,2108.6,2,2247.6,NA,260.0839412
44,Bottom,RSA_044A,20210504,41°11.97',66°34.99',41°11.93',66°35.00',48.7,89.1,1:06,1:06,1:09,1:09,1:10,L22,Mercuric,100,,NA,NA,NA,NA,NA,NA,NA,NA,,89.78135,6.843389893,2,99.39611192,2,89.26361223,2,32.9272,2,2092.6,2,2222.8,NA,289.2014018
45,Bottom,RSA_045A,20210504,41°12.01',66°47.45',41°11.96',66°47.46',38.7,70.8,2:11,2:11,2:12,2:13,2:14,NA,Mercuric,100,,NA,NA,NA,NA,NA,NA,NA,NA,,72.88882,6.882751465,2,82.7726593,2,72.64015961,2,32.681,2,2074.9,2,2214.5,NA,303.1586443
46,Bottom,RSA_046A,20210504,41°06.92',66°41.96',41°05.87',66°41.99',42.6,77.9,3:00,3:00,3:01,3:02,3:04,NA,Mercuric,100,,NA,NA,NA,NA,NA,NA,NA,NA,,79.50774,6.788006592,2,89.15282549,2,79.0203258,2,32.9506,2,2097.6,2,2225.4,NA,284.9187555
47,Bottom,RSA_047A,20210504,40°59.87',66°35.83',40°59.82',66°35.87',46.2,84.5,3:51,3:51,3:53,3:54,3:56,NA,Mercuric,100,,NA,NA,NA,NA,NA,NA,NA,NA,,86.45428,8.326690674,2,96.1541541,2,86.0216544,2,33.6673,2,2098.1,2,2258.1,NA,261.1788105
48,Bottom,RSA_048A,20210504,40°59.90',66°47.99',40°59.90',66°48.09',41.5,75.9,4:53,4:54,4:55,4:58,4:59,NA,Benzalkonium and mercuric,250,,NA,NA,NA,NA,NA,NA,NA,NA,,77.56934,6.8626525880000004,2,87.18876495,2,77.05626526,2,33.0015,2,2103.8,2,2228.5,NA,281.4673586
49,Bottom,RSA_049A,20210504,40°53.85',66°53.96',40°53.76',66°53.89',49.4,90.3,11:11,11:11,11:13,11:15,11:16,L13,Benzalkonium and mercuric,250,Rain,NA,NA,NA,NA,NA,NA,NA,NA,,91.71168,7.417047119,2,101.1056091,2,90.97310944,2,33.3029,2,2115.7,2,2243.8,NA,269.3913299
50,Bottom,RSA_050A,20210504,41°06.15',66°54.27',41°06.18',66°54.30',38.5,70.4,6:01,6:01,6:03,6:05,6:06,NA,Benzalkonium and mercuric,250,,5:39,5:54,41°05.01,66°53.14,41°05.97,66°54.13,2972,50,Bags labelled 47,72.19479,6.812060547,2,81.87382889,2,71.74132919,2,32.6888,2,2085.4,2,2217.7,NA,300.9229864
51,Bottom,RSA_051A,20210504,41°12.14',67°00.52',41°12.21',67°00.68',36.6,66.9,6:59,6:59,7:00,7:04,7:05,NA,Benzalkonium and mercuric,250,Light rain,NA,NA,NA,NA,NA,NA,NA,NA,,68.59651,7.634976366,2,78.11783659,2,67.98533689,2,32.8555,2,2060.7,2,2226.3,NA,309.0478447
52,Bottom,RSA_052A,20210504,40°59.85',66°59.75',40°59.87',66°59.67',38.3,70,10:17,10:17,10:19,10:21,10:22,NA,Benzalkonium and mercuric,250,Rain,NA,NA,NA,NA,NA,NA,NA,NA,,72.02369,6.7480896,2,81.95462799,2,71.8221283,2,32.8106,2,2096.7,2,2223.7,NA,289.3755192
53,Bottom,RSA_053A,20210504,40°47.50',67°00.10',40°47.44',67°00.10',53.8,98.4,12:07,12:07,12:08,12:12,12:13,NA,Benzalkonium and mercuric,250,Rain,NA,NA,NA,NA,NA,NA,NA,NA,,100.1508,9.112054443,2,109.4612325,2,99.32873281,2,34.006,2,2114.1,2,2276.9,NA,248.5443274
54,Bottom,RSA_054A,20210504,40°54.20',67°06.00',40°54.22',67°06.61',46,84.1,13:15,13:15,13:17,13:19,13:20,NA,Benzalkonium and mercuric,250,Rain,13:29,13:44,40°55.02,67°07.42,40°56.06,67°08.35,2312,51,,85.59264,7.151025391,2,95.14910671,2,85.01660701,2,33.1092,2,2108.7,2,2237,NA,273.6890976
55,Bottom,RSA_055A,20210504,41°06.13',67°05.33',41°06.06',67°05.23',35.4,64.7,9:18,9:19,9:21,9:25,9:27,NA,Benzalkonium and mercuric,250,Rain,NA,NA,NA,NA,NA,NA,NA,NA,,66.78201,6.844537354,2,76.71004486,2,66.57754517,2,32.635,2,2076,2,2217.3,NA,302.9061875
56,Bottom,RSA_056A,20210504,41°12.24',67°12.50',41°12.36',67°12.57',31.8,58.2,8:14,8:14,8:15,8:18,8:20,NA,Benzalkonium and mercuric,250,,7:53,8:08,41°12.09,67°10.43,41°12.05,67°12.27,6,6,Mainly sand dollars,59.67392,7.557580566,2,69.14114634,2,59.00864665,2,32.7706,2,2055.9,2,2224,NA,313.1977471
57,Bottom,RSA_057A,20210504,41°00.25',67°12.42',41°00.25',67°12.52',39.9,73,14:25,14:26,14:27,14:33,14:34,NA,Benzalkonium and mercuric,250,,NA,NA,NA,NA,NA,NA,NA,NA,,74.61543,6.871026611,2,79.86160431,2,69.72910461,2,32.5942,2,2055.2,2,2216.5,NA,306.6981942
58,Bottom,RSA_058A,20210504,40°47.05',67°12.16',40°47.40',67°12.05',51.4,94,23:02,23:02,23:03,23:05,23:06,L19,Mercuric,100,,NA,NA,NA,NA,NA,NA,NA,NA,,95.52681,7.488242013,2,105.4305364,2,95.29803668,2,33.315,2,2117.9,2,2243.3,999,265.2321
59,Bottom,RSA_059A,20210504,40°42.04',67°17.56',40°42.04',67°17.52',52,95.1,23:53,23:53,23:54,23:55,23:56,L14,Mercuric,100,,NA,NA,NA,NA,NA,NA,NA,NA,,97.01632,10.08000488,2,106.5098457,2,96.37734604,2,34.3967,2,2137.4,2,2291.8,999,236.4022369
60,Bottom,RSA_060A,20210504,40°53.68',67°17.78',NA,NA,45.5,83.2,20:09,20:09,20:11,20:13,20:14,NA,Mercuric,100,,19:26,19:44,40°55.73,67°19.86,40°54.39,67°19.89,6475,50,Bags labelled 62,85.08312,7.544818115,2,94.87190247,2,84.73940277,2,33.3239,2,2114.5,2,2241.4,999,267.5179
61,Bottom,RSA_061A,20210504,41°05.89',67°17.58',41°05.91',67°17.65',33.1,60.5,15:21,15:21,15:22,15:24,15:25,NA,Mercuric,100,,15:30,15:45,41°05.91,67°17.92,41°05.80,67°19.95,0,0,All sand dollars,62.02333,7.464276123,2,71.78342247,2,61.65092278,2,32.7281,2,2057.7,2,2217.2,999,309.9009423
62,Bottom,RSA_062A,20210504,41°00.10',67°23.92',40°59.78',67°23.32',38.2,69.9,18:44,18:45,18:45,18:47,18:48,NA,Mercuric,100,,NA,NA,NA,NA,NA,NA,NA,NA,,71.08583,6.939520264,2,80.84662628,2,70.71412659,2,32.5762,2,2064.2,2,2210.5,999,308.2521771
63,Bottom,RSA_063A,20210504,40°47.82',67°24.31',40°47.78',67°24.25',48,87.8,22:02,22:02,22:03,22:05,22:06,NA,Mercuric,100,,NA,NA,NA,NA,NA,NA,NA,NA,,89.6314,8.835894775,2,99.38874817,2,89.25624847,2,33.8767,2,2119.4,2,2273.1,NA,251.2976703
64,Bottom,RSA_064A,20210505,40°42.08',67°29.87',40°42.06',67°29.87',47.9,87.6,1:01,1:01,1:02,1:04,1:05,L15,Mercuric,100,,NA,NA,NA,NA,NA,NA,NA,NA,,89.97548,9.674731445,2,99.91883087,2,89.78633118,2,34.2395,2,2130.3,2,2286.4,NA,238.6605065
65,Bottom,RSA_065A,20210504,40°53.06',67°30.01',40°53.08',67°30.02',41.6,76.1,21:17,21:17,21:18,21:19,21:20,NA,Mercuric,100,,NA,NA,NA,NA,NA,NA,NA,NA,,72.56203,7.243678029,2,82.10168669,2,71.969187,2,33.1168,2,2103.4,2,2238,NA,275.5266066
66,Bottom,RSA_066A,20210504,41°00.07',67°30.12',41°00.08',67°30.11',35.9,65.7,17:57,17:57,17:58,17:59,18:01,NA,Mercuric,100,Light rain,18:04,18:19,41°00.09,67°29.67,41°00.09,67°28.30,59,50,"mainly sand dollars, bags labelled 61",67.31399,6.999053955,2,76.94893265,2,66.81643295,2,32.6235,2,2070.4,2,2218.3,NA,304.448797
67,Bottom,RSA_067A,20210504,41°06.06',67°29.65',41°06.10',67°29.74',31,56.7,16:34,16:34,16:35,16:36,16:37,NA,Mercuric,100,Light rain,NA,NA,NA,NA,NA,NA,NA,NA,,57.4551,7.580358887,2,66.99744034,2,56.86494064,2,32.7577,2,2058.5,2,2222.5,NA,308.5666173
68,Bottom,RSA_068A,20210504,41°00.07',67°35.65',41°00.10',67°38.70',35,64,17:25,17:26,17:26,17:28,17:29,NA,Mercuric,100,Light rain,NA,NA,NA,NA,NA,NA,NA,NA,,65.58011,7.229382324,2,75.03056335,2,64.89806366,2,32.6992,2,2069.7,2,2222,NA,302.6880493
69,Bottom,RSA_069A,20210505,40°47.44',67°35.50',40°47.42',67°35.51',41.6,76.1,1:55,1:55,1:56,1:57,1:59,NA,Mercuric,100,,NA,NA,NA,NA,NA,NA,NA,NA,,78.78655,7.536846924,2,88.33954511,2,78.20704542,2,33.2586,2,2102,2,2240.5,NA,270.299802
70,Bottom,RSA_070A,20210505,40°47.51',67°42.15',40°47.31',67°42.18',37.7,68.9,2:32,2:32,2:35,2:35,2:36,NA,Mercuric,100,,2:32,2:51,40°47.51,67°42.15,40°47.28,67°42.18,325,50,,70.96207,6.800915527,2,80.22525787,2,70.09275818,2,32.8421,2,2080.2,2,2225.7,NA,287.705616
71,Bottom,RSA_071A,20210505,40°41.94',67°42.07',40°41.90',67°42.06',41.6,76.1,3:21,3:21,3:23,3:25,3:26,NA,Mercuric,100,,NA,NA,NA,NA,NA,NA,NA,NA,,77.59865,6.905743408,2,87.19873619,2,77.0662365,2,32.917,2,2083.8,NA,2228.2,NA,283.72622
72,Bottom,RSA_072A,20210505,40°35.97',67°47.50',40°35.93',67°47.52',46.6,85.2,4:49,4:50,4:51,4:52,4:54,NA,Benzalkonium and mercuric,250,,NA,NA,NA,NA,NA,NA,NA,NA,,87.0952,7.586621094,2,96.96437073,2,86.83187103,2,33.2824,2,2096.3,NA,2253.7,NA,270.5083243
73,Bottom,RSA_073A,20210505,40°47.67',67°47.74',40°47.71',67°47.79',36.8,67.3,8:17,8:17,8:18,8:21,8:22,NA,Benzalkonium and mercuric,250,,NA,NA,NA,NA,NA,NA,NA,NA,,68.78495,6.857308683,2,78.1908741,2,68.0583744,2,32.7145,2,2070.9,NA,2218.8,NA,295.9814155
74,Bottom,RSA_074A,20210505,40°53.71',67°54.20',40°53.77',67°54.29',32.6,59.6,9:08,9:08,9:09,9:12,9:13,NA,Benzalkonium and mercuric,250,,NA,NA,NA,NA,NA,NA,NA,NA,,61.3717,7.617435564,2,70.9599415,2,60.82744181,2,32.8289,2,2066.2,NA,2221,NA,299.1906428
75,Bottom,RSA_075A,20210505,40°47.46',68°00.01',40°47.28',68°00.02',37.5,68.6,11:07,11:07,11:08,11:11,11:12,NA,Benzalkonium and mercuric,250,,NA,NA,NA,NA,NA,NA,NA,NA,,70.57275,7.408654785,2,79.92644691,2,69.79394722,2,32.8373,2,2070.5,NA,2225.8,NA,297.6388258
76,Bottom,RSA_076A,20210505,40°35.90',67°54.03',40°35.87',67°54.05',47.9,87.6,5:26,5:26,5:28,5:30,5:31,L16,Benzalkonium and mercuric,250,,5:39,5:54,40°35.89,67°54.85,40°36.01,67°56.48,79,50,,89.22034,8.047180176,2,99.01968257,2,88.88718287,2,33.5182,2,2104.5,NA,2253.1,NA,261.6622854
77,Bottom,RSA_077A,20210505,40°36.08',68°00.05',40°36.07',68°00.10',50,91.4,6:21,6:21,6:22,6:25,6:26,NA,Benzalkonium and mercuric,250,,NA,NA,NA,NA,NA,NA,NA,NA,,92.75003,8.107592773,2,102.3416733,2,92.20917358,2,33.4972,2,2100.9,NA,2254.1,NA,263.7739906
78,Bottom,RSA_078A,20210505,40°41.80',67°54.36',40°41.86',67°54.40',43.9,80.3,7:19,7:19,7:21,7:24,7:25,NA,Benzalkonium and mercuric,250,,NA,NA,NA,NA,NA,NA,NA,NA,,81.37396,7.595501709,2,91.12322617,2,80.99072647,2,33.2836,2,2095.6,NA,2242.4,NA,272.0535215
79,Bottom,RSA_079A,20210505,40°53.54',68°05.65',40°53.46',68°05.73',32,58.5,10:08,10:08,10:09,10:12,10:13,NA,Benzalkonium and mercuric,250,,NA,NA,NA,NA,NA,NA,NA,NA,,61.57066,8.131048584,2,71.03799057,2,60.90549088,2,32.9351,2,2057.2,NA,2230.5,-999,298.707806
80,Bottom,RSA_080A,20210505,40°41.75',68°05.87',40°41.76',68°05.87',42.7,78.1,12:02,12:03,12:04,12:07,12:09,L17,Benzalkonium and mercuric,250,,NA,NA,NA,NA,NA,NA,NA,NA,,79.58556,7.303088379,2,89.20467631,2,79.07217662,2,32.912,2,2076.8,NA,2231.3,-999,291.3109858
82,Bottom,RSA_082A,20210505,40°42.21',68°11.91',40°42.24',68°11.90',39.8,72.8,13:49,13:49,13:51,13:54,13:55,L20,Benzalkonium and mercuric,250,,6:03,6:18,40°42.23,68°12.60,40°42.12,68°14.46,32,32,,74.76045,7.467559814,2,84.76551056,2,74.63301086,2,32.9299,2,2071.4,NA,2244.2,-999,293.8869842
83,Bottom,RSA_083A,20210505,40°41.86',68°17.79',40°41.83',68°17.82',35.7,65.3,14:43,14:44,14:45,14:47,14:48,NA,Benzalkonium and mercuric,250,,NA,NA,NA,NA,NA,NA,NA,NA,,67.11761,7.620904541,2,76.22606277,2,66.09356308,2,32.9089,2,2037,NA,2234.1,-999,298.5679009
84,Bottom,RSA_084A,20210505,40°35.96',68°24.04',40°35.91',68°24.11',43.2,79,15:34,15:34,15:36,15:39,15:40,L21,Benzalkonium and mercuric,250,,NA,NA,NA,NA,NA,NA,NA,NA,,80.42122,7.541577148,2,90.0955073,2,79.96300761,2,33.0463,2,2078.7,NA,2234.2,-999,288.8720814
85,Bottom,RSA_085A,20210505,40°36.03',68°35.00',40°36.10',68°34.95',35.9,65.7,20:23,20:23,20:24,20:26,20:27,NA,Mercuric,100,,NA,NA,NA,NA,NA,NA,NA,NA,,67.19234,7.687371826,2,76.88565369,2,66.75315399,2,32.8969,2,2058,NA,2228.9,NA,304.1545683
86,Bottom,RSA_086A,20210505,40°30.14',68°29.90',40°30.04',68°29.97',48.8,89.2,16:26,16:26,16:27,16:29,16:30,NA,Mercuric,100,,NA,NA,NA,NA,NA,NA,NA,NA,,90.89623,9.023852539,2,100.4178743,2,90.28537464,2,33.8863,2,2111.9,NA,2278,NA,253.8818814
87,Bottom,RSA_234,20210505,40°23.50',68°35.59',40°23.51',68°35.56',49.1,89.8,17:19,17:20,17:21,17:22,17:24,D1,Mercuric,100,,NA,NA,NA,NA,NA,NA,NA,NA,,91.39427,9.509503174,2,101.1859531,2,91.05345345,2,34.0456,2,2113.7,NA,2277.6,NA,250.9812816
88,Bottom,RSA_088A,20210505,40°30.06',68°42.05',40°30.15',68°42.06',40,73.2,19:13,19:13,19:14,19:15,19:17,D2,Mercuric,100,,19:19,19:37,40°30.00,68°42.05,40°31.53,68°40.54,88,50,,74.41311,7.621325684,2,84.06365313,2,73.93115343,2,33.0089,2,2074.8,NA,2237.9,NA,294.8890456
89,Bottom,RSA_089A,20210505,40°42.01',68°35.00',40°36.10',68°34.95',34.5,63.1,21:11,21:12,21:13,21:14,21:16,NA,Mercuric,100,,NA,NA,NA,NA,NA,NA,NA,NA,,63.20583,7.81204834,2,72.92964608,2,62.79714639,2,32.8123,2,2041.4,NA,2224.6,NA,314.913202
90,Bottom,RSA_090A,20210505,40°47.67',68°42.08',40°47.81',68°42.28',33.4,61.1,21:45,21:46,21:47,21:48,21:49,NA,Mercuric,100,,NA,NA,NA,NA,NA,NA,NA,NA,,61.91129,7.827345784,2,71.82954254,2,61.69704285,2,32.8197,2,2036,NA,2226.6,NA,318.1678868
91,Bottom,RSA_091A,20210505,40°47.59',68°47.59',40°47.61',68°47.58',36.1,66,22:18,22:18,22:19,22:20,22:21,NA,Mercuric,100,,NA,NA,NA,NA,NA,NA,NA,NA,,67.62432,7.70199585,2,77.09243164,2,66.95993195,2,32.8178,2,2041,NA,2228.8,NA,315.7556808
92,Bottom,RSA_092A,20210506,40°36.09',68°47.57',40°36.03',68°47.43',36,65.8,0:38,0:38,0:41,0:42,0:43,NA,Mercuric,100,,NA,NA,NA,NA,NA,NA,NA,NA,,67.32213,7.537347412,2,76.97014236,2,66.83764267,2,32.8068,2,2053.8,NA,2226.4,NA,310.7506075
93,Bottom,RSA_093A,20210505,40°23.54',68°47.55',40°23.52',68°47.61',46.4,84.9,18:17,18:18,18:19,18:21,18:22,NA,Mercuric,100,,NA,NA,NA,NA,NA,NA,NA,NA,,86.50687,7.92980957,2,96.11013285,2,85.97763316,2,33.2407,2,2084.8,NA,2246.2,NA,280.9184578
94,Bottom,RSA_094A,20210506,40°23.63',68°59.97',40°23.53',68°59.93',45.1,82.5,2:22,2:23,2:24,2:26,2:27,NA,Mercuric,100,,NA,NA,NA,NA,NA,NA,NA,NA,,84.6853,7.631872557,2,94.39396598,2,84.26146629,2,33.0441,2,2074.8,NA,2241.1,NA,288.2568465
95,Bottom,RSA_095A,20210506,40°29.99',68°53.96',40°29.77',68°54.08',39.3,71.9,1:33,1:33,1:34,1:36,1:37,NA,Mercuric,100,,NA,NA,NA,NA,NA,NA,NA,NA,,73.71127,7.593408203,2,83.73741913,2,73.60491943,2,32.8914,2,2059.7,NA,2234.2,NA,300.8743153
96,Bottom,RSA_096A,20210505,40°42.15',68°53.98',40°42.11',68°53.91',36,65.8,23:48,23:49,23:50,23:51,23:52,NA,Mercuric,100,,NA,NA,NA,NA,NA,NA,NA,NA,,68.36497,7.593634035,2,77.98467827,2,67.85217857,2,32.8786,2,2051.7,NA,2234.8,NA,315.0729743
97,Bottom,RSA_097A,20210505,40°47.50',68°53.82',40°47.66',68°53.84',34.3,62.7,22:54,22:55,22:56,22:58,22:58,D3,Mercuric,100,,23:05,23:20,40°47.66,68°53.84,40°46.14,68°53.89,17,17,,65.75124,7.62947998,2,75.76420593,2,65.63170624,2,32.8549,2,2040.5,NA,2220.3,NA,317.3294602
98,Bottom,RSA_098A,20210506,40°47.58',69°05.54',40°47.55',69°05.53',35.9,65.7,7:00,7:00,7:02,7:05,7:06,NA,Benzalkonium and mercuric,250,,NA,NA,NA,NA,NA,NA,NA,NA,,66.73785,7.439770508,2,76.68700409,2,66.55450439,2,32.8862,2,2064.4,NA,2219.4,NA,306.9779419
99,Bottom,RSA_099A,20210506,40°41.20',69°12.64',40°41.22',69°12.62',31.2,57.1,9:17,9:17,9:18,9:21,9:21,D6,Benzalkonium and mercuric,250,,8:56,9:11,40°41.78,69°13.04,40°41.23,69°12.57,125,50,,59.19469,7.288690186,2,68.85836411,2,58.72586441,2,32.8145,2,2060.9,NA,2219.7,NA,307.675372
100,Bottom,RSA_100A,20210506,40°47.49',69°17.51',40°47.48',69°17.51',31.4,57.4,8:04,8:04,8:05,8:08,8:09,D5,Benzalkonium and mercuric,250,,NA,NA,NA,NA,NA,NA,NA,NA,,58.89424,7.305932617,2,68.75772349,2,58.6252238,2,32.9174,2,2059.7,NA,2229.2,NA,306.6316067
101,Bottom,RSA_101A,20210506,40°35.80',69°17.74',40°35.81',69°17.71',30.4,55.6,10:09,10:09,10:10,10:13,10:14,NA,Benzalkonium and mercuric,250,,NA,NA,NA,NA,NA,NA,NA,NA,,56.99459,7.515983391,2,66.15976608,2,56.02726639,2,32.8775,2,2055.6,NA,2220.9,NA,306.7255531
102,Bottom,RSA_102A,20210506,40°36.24',69°05.68',40°36.21',69°05.70',39.9,73,5:34,5:35,5:36,5:37,5:38,NA,Benzalkonium and mercuric,250,,NA,NA,NA,NA,NA,NA,NA,NA,,74.53312,7.602966304,2,84.19005013,2,74.05755043,2,32.9249,2,2056.6,NA,2226.9,NA,310.687889
103,Bottom,RSA_103A,20210506,40°30.08',69°05.57',40°30.06',69°05.57',42,76.8,4:29,4:29,4:30,4:32,4:33,D4,Mercuric,100,,4:37,4:52,40°30.34,69°05.57,40°31.49,69°05.62,45,44,unsure if 1 scallop was lost or if abundance is wrong,77.82825,7.689931234,2,87.82153875,2,77.68903906,2,32.9416,2,2051.1,NA,2230.7,NA,309.2000042
104,Bottom,RSA_104A,20210506,40°23.57',69°12.03',40°23.52',69°12.08',44.1,80.7,3:25,3:26,3:27,3:28,3:29,NA,Mercuric,100,,NA,NA,NA,NA,NA,NA,NA,NA,,82.16543,7.714544678,2,91.26247883,2,81.12997913,2,33.1453,2,2077.4,NA,2243.8,NA,283.364224
105,Bottom,RSA_105A,20210506,40°29.81',69°24.17',40°29.79',69°24.16',32.7,59.8,11:07,11:08,11:09,11:12,11:14,D7,Benzalkonium and mercuric,250,,NA,NA,NA,NA,NA,NA,NA,NA,,59.00658,7.422235107,2,69.01212438,2,58.87962468,2,32.7982,2,2050.5,NA,2215.3,NA,305.3953859
106,Bottom,RSA_106A,20210506,40°24.57',69°24.77',40°24.57',69°24.55',38.6,70.6,12:05,12:05,12:06,12:08,12:09,D8,Benzalkonium and mercuric,250,,11:43,11:58,40°25.55,69°24.19,40°24.64,69°24.49,12485,50,,71.72189,7.563647461,2,81.7999897,2,71.66749001,2,32.9513,2,2056.7,NA,2224.9,NA,302.3817259
107,Bottom,RSA_107A,20210506,40°36.09',69°30.36',40°36.01',69°30.38',29.5,53.9,16:02,16:02,16:03,16:06,16:07,NA,Benzalkonium and mercuric,250,,NA,NA,NA,NA,NA,NA,NA,NA,,55.31548,7.635540771,2,64.96615819,2,54.83365849,2,32.6939,2,2039.6,NA,2211.8,NA,320.0236963
108,Bottom,RSA_108A,20210506,40°30.47',69°35.41',40°30.42',69°35.41',35.9,65.7,15:07,15:07,15:08,15:11,15:12,NA,Benzalkonium and mercuric,250,,NA,NA,NA,NA,NA,NA,NA,NA,,66.98218,7.56315714,2,76.97153425,2,66.83903456,2,32.871,2,2053.7,NA,2217.7,NA,309.8953547
109,Bottom,RSA_109A,20210506,40°23.59',69°36.24',40°23.59',69°36.23',36.3,66.4,13:16,13:16,13:17,13:19,13:20,D9,Benzalkonium and mercuric,250,,13:24,13:40,40°23.54,69°36.60,40°23.48,69°38.30,19,18,unsure if 1 scallop was lost or if abundance is wrong,68.02521,7.783728027,2,77.87798309,2,67.7454834,2,32.9457,2,2047.5,NA,2214.9,NA,297.5592272
110,Bottom,RSA_110A,20210506,40°23.85',69°41.50',40°23.82',69°41.47',37.5,68.6,14:06,14:07,14:08,14:10,14:11,NA,Benzalkonium and mercuric,250,,NA,NA,NA,NA,NA,NA,NA,NA,,70.24182,7.687597656,2,79.95957947,2,69.82707977,2,32.9072,2,2052.7,NA,2217,NA,296.0347605
112,Bottom,RSA_112A,20210506,40°30.13',69°47.48',40°30.08',69°47.55',37.9,69.3,17:47,17:47,17:48,17:49,17:50,NA,Mercuric,100,,NA,NA,NA,NA,NA,NA,NA,NA,,70.99103,7.912475586,2,80.79898834,2,70.66648865,2,32.9483,2,1974.6,NA,2216.6,NA,299.6976474
113,Bottom,RSA_113A,20210506,40°35.92',69°53.85',40°35.96',69°53.92',32.1,58.7,18:37,18:37,18:38,18:40,18:40,NA,Mercuric,100,,NA,NA,NA,NA,NA,NA,NA,NA,,60.57163,8.28354187,2,70.17830319,2,60.04580349,2,32.8151,2,2032.6,NA,2202.5,NA,303.8918899
