Station,Cast,Bottle_ID,Date,Latitude_degrees_start,Longitude_degrees_start,Latitude_degrees_end,Longitude_degrees_end,Depth_fathoms,Depth_meters,Time_CTD_on,Time_in,Time_bottom,Time_ascent,Time_out,Salinity bottle,Preservation,Tow_start_time,Tow_end_time,Tow_latitude_start,Tow_longitude_start,Tow_latitude_end,Tow_longitude_end,Tow_abundance,Notes,Salinity,Salinity_FLAG,Temperature,Temperature_FLAG,Dissolved_oxygen,Depth_meters_CTD,TA,TA_FLAG,DIC,DIC_FLAG
1,Deep,RSA_001B,20210502,41°42.01',69°47.78',41°41.90',69°47.85',24.3,44.43984,1:31,1:31,1:33,1:39,1:43,NA,Mercuric,NA,NA,NA,NA,NA,NA,NA,,32.70093623,2,6.988067627,2,299.5486147,46.39418381,2192.760472,3,2034.201814,2
1,Shallow,RSA_001A,20210502,41°42.01',69°47.78',41°41.90',69°47.85',24.3,44.43984,NA,1:31,NA,NA,NA,NA,Mercuric,NA,NA,NA,NA,NA,NA,NA,,32.83934354,2,7.543601162,2,305.6243966,46.39418381,2189.227398,3,2039.823512,2
2,Deep,RSA_002A,20210502,41°36.09',69°41.99',41°36.10',69°41.89',19.7,36.02736,2:48,2:49,2:50,2:53,2:55,NA,Mercuric,NA,NA,NA,NA,NA,NA,NA,,32.71782948,2,6.958557129,2,305.1544176,37.67806976,2195.417747,3,2043.435402,2
2,Shallow,RSA_002B,20210502,41°36.09',69°41.99',41°36.10',69°41.89',19.7,36.02736,NA,2:49,NA,NA,NA,NA,Mercuric,NA,NA,NA,NA,NA,NA,NA,Lots of headspace - around 2 inches,32.58744299,2,6.981889879,2,304.7432803,37.67806976,2196.970044,3,2048.099217,2
3,Deep,RSA_003A,20210502,41°36.22',69°30.26',41°36.28',69°30.24,41.4,75.71232,3:53,3:54,3:55,3:58,4:00,NA,Mercuric,16:10,16:26,41°36.22,69°30.26,41°35.04,69°28.80,1306,,32.81890084,2,6.789825439,2,300.1318342,76.88881653,2224.826401,3,2075.004069,2
3,Shallow,RSA_003B,20210502,41°36.22',69°30.26',41°36.28',69°30.24,41.4,75.71232,NA,3:54,NA,NA,NA,NA,Mercuric,16:10,16:26,41°36.22,69°30.26,41°35.04,69°28.80,1306,,32.90184135,2,7.248159206,2,312.8540059,76.88881653,2221.812175,2,2055.005162,2
5,Deep,RSA_005A,20210502,41°30.58',69°23.99',41°30.56',69°23.90',36.6,66.93408,5:11,5:13,5:15,5:18,5:21,L1,Mercuric,NA,NA,NA,NA,NA,NA,NA,,32.92098714,2,7.166351318,2,305.4302654,67.87361115,2229.089348,3,2066.460558,2
5,Shallow,RSA_005B,20210502,41°30.58',69°23.99',41°30.56',69°23.90',36.6,66.93408,NA,5:13,NA,NA,NA,NA,Mercuric,NA,NA,NA,NA,NA,NA,NA,,32.96439774,2,7.37458433,2,312.0778819,67.87361115,2223.068081,2,2057.36112,2
4,Deep,RSA_004A,20210502,41°23.64',69°17.71',41°23.68',69°17.67',58.2,106.43616,6:20,6:21,6:24,6:26,6:28,L2,Benzalkonium and mercuric,NA,NA,NA,NA,NA,NA,NA,Lots of headspace - around 1 inch,32.81051928,2,6.717590332,2,297.9233758,107.4057767,2223.115401,3,2081.22736,2
4,Shallow,RSA_004B,20210502,41°23.64',69°17.71',41°23.68',69°17.67',58.2,106.43616,NA,6:21,NA,NA,NA,NA,Benzalkonium and mercuric,NA,NA,NA,NA,NA,NA,NA,Lots of headspace - around 1 inch,32.9497564,2,7.29123052,2,306.0274443,107.4057767,2224.299745,3,2067.519509,2
6,Deep,RSA_006A,20210502,41°18.00,69°29.03',41°17.93',69°23.98',24.0,43.8912,NA,7:21,7:22,7:25,7:26,NA,Benzalkonium and mercuric,NA,NA,NA,NA,NA,NA,NA,CTD off,,-999,,-999,,,2210.139903,3,2048.289209,2
6,Shallow,RSA_006B,20210502,41°18.00,69°29.03',41°17.93',69°23.98',24.0,43.8912,NA,7:21,NA,NA,NA,NA,Benzalkonium and mercuric,NA,NA,NA,NA,NA,NA,NA,,,-999,,-999,,,2207.582079,2,2057.071044,2
7,Deep,RSA_007A,20210502,41°12.15',69°17.78',41°12.08',69°17.71',28.9,52.85232,8:11,8:12,8:14,8:17,8:18,NA,Benzalkonium and mercuric,NA,NA,NA,NA,NA,NA,NA,,32.85584097,2,7.008026123,2,301.2388536,53.90016907,2221.189822,2,2074.174211,2
7,Shallow,RSA_007B,20210502,41°12.15',69°17.78',41°12.08',69°17.71',28.9,52.85232,NA,8:12,NA,NA,NA,NA,Benzalkonium and mercuric,NA,NA,NA,NA,NA,NA,NA,,32.84770824,2,7.0017468,2,300.0632357,53.90016907,2220.62777,2,2077.454148,2
8,Deep,RSA_008A,20210502,41°06.12',69°12.10',41°06.04',69°12.01,32.3,59.07024,9:05,9:05,9:06,9:09,9:10,L3,Benzalkonium and mercuric,NA,NA,NA,NA,NA,NA,NA,,32.83808389,2,7.038024902,2,300.5646849,58.72117584,2213.02104,2,2066.549179,2
8,Shallow,RSA_008B,20210502,41°06.12',69°12.10',41°06.04',69°12.01,32.3,59.07024,NA,9:05,NA,NA,NA,NA,Benzalkonium and mercuric,NA,NA,NA,NA,NA,NA,NA,,32.82792606,2,7.037919567,2,299.5012482,58.72117584,2215.434475,2,2072.222817,2
9,Deep,RSA_009A,20210502,41°07.97',68°59.85',41°07.88',68°59.73',53.4,97.65792,10:11,10:12,10:14,10:17,10:19,L4,Benzalkonium and mercuric,NA,NA,NA,NA,NA,NA,NA,,32.86063708,2,6.921356201,2,297.5819977,98.5916745,2224.969178,2,2076.658537,2
9,Shallow,RSA_009B,20210502,41°07.97',68°59.85',41°07.88',68°59.73',53.4,97.65792,NA,10:12,NA,NA,NA,NA,Benzalkonium and mercuric,NA,NA,NA,NA,NA,NA,NA,,32.85290429,2,7.042637844,2,297.7872051,98.5916745,2219.612612,2,2073.763729,2
10,Deep,RSA_010A,20210502,40°59.84,69°05.27',40°59.67',69°05.28',40.8,74.61504,11:14,11:14,11:15,11:18,11:20,NA,Benzalkonium and mercuric,NA,NA,NA,NA,NA,NA,NA,,32.85502618,2,7.04296875,2,299.8584057,75.77828186,2217.164287,2,2071.55715,2
10,Shallow,RSA_010B,20210502,40°59.84,69°05.27',40°59.67',69°05.28',40.8,74.61504,NA,11:14,NA,NA,NA,NA,Benzalkonium and mercuric,NA,NA,NA,NA,NA,NA,NA,,32.56954031,2,7.070066664,2,299.1619673,75.77828186,2214.750495,2,2072.591546,2
11,Deep,RSA_011A,20210502,40°53.92',68°54.24',40°53.85',68°54.25',38.2,69.86016,12:23,12:23,12:25,12:27,12:28,NA,Benzalkonium and mercuric,NA,NA,NA,NA,NA,NA,NA,,32.97410865,2,7.36932373,2,304.2640873,73.03740662,2220.805902,2,2067.980314,2
11,Shallow,RSA_011B,20210502,40°53.92',68°54.24',40°53.85',68°54.25',38.2,69.86016,NA,12:23,NA,NA,NA,NA,Benzalkonium and mercuric,NA,NA,NA,NA,NA,NA,NA,,32.93990193,2,7.377318488,2,304.015727,73.03740662,2217.793589,2,2067.794436,2
12,Deep,RSA_012A,20210502,40°53.75',68°47.60',40°53.72',68°47.99',36.5,66.7512,NA,13:07,NA,NA,NA,L5,Benzalkonium and mercuric,NA,NA,NA,NA,NA,NA,NA,CTD off,-999,999,-999,-999,999,-999,2221.016076,2,2057.719675,2
12,Shallow,RSA_012B,20210502,40°53.75',68°47.60',40°53.72',68°47.99',36.5,66.7512,NA,13:07,NA,NA,NA,NA,Benzalkonium and mercuric,NA,NA,NA,NA,NA,NA,NA,,-999,-999,-999,-999,-999,-999,2218.813027,2,2058.826667,2
13,Deep,RSA_013A,20210502,40°53.79',68°42.18',40°53.78',68°42.12',34.3,62.72784,13:36,13:38,13:39,13:41,13:42,NA,Benzalkonium and mercuric,13:48,14:03,40°54.16,68°42.42,40°55.00,68°43.36,0,Rocks,32.98461685,2,7.528137207,2,308.7198928,63.92988556,2223.587156,2,2051.50835,2
13,Shallow,RSA_013B,20210502,40°53.79',68°42.18',40°53.78',68°42.12',34.3,62.72784,NA,13:38,NA,NA,NA,NA,Benzalkonium and mercuric,13:48,14:03,40°54.16,68°42.42,40°55.00,68°43.36,0,Rocks,32.98159331,2,7.549147034,2,308.2560425,63.92988556,2223.641093,2,2052.531793,2
14,Deep,RSA_014A,20210502,41°00.03',68°47.77',41°00.06,68°47.98',36.3,66.38544,14:47,14:48,14:50,14:51,14:52,NA,Benzalkonium and mercuric,NA,NA,NA,NA,NA,NA,NA,,32.96023688,2,7.379302979,2,306.5771617,66.03125732,2223.039812,2,2066.444777,2
14,Shallow,RSA_014B,20210502,41°00.03',68°47.77',41°00.06,68°47.98',36.3,66.38544,NA,14:48,NA,NA,NA,NA,Benzalkonium and mercuric,NA,NA,NA,NA,NA,NA,NA,,32.95754227,2,7.409839527,2,306.4457694,66.03125732,2224.07237,2,2062.767636,2
15,Deep,RSA_015A,20210502,41°06.17',68°41.99',41°06.32',68°42.01',32.2,58.88736,15:40,15:40,15:41,15:47,15:47,L6,Benzalkonium and mercuric,NA,NA,NA,NA,NA,NA,NA,,32.94875164,2,7.321594238,2,307.8286679,59.02493256,2225.996233,2,2053.667514,2
15,Shallow,RSA_015B,20210502,41°06.17',68°41.99',41°06.32',68°42.01',32.2,58.88736,NA,15:40,NA,NA,NA,NA,Benzalkonium and mercuric,NA,NA,NA,NA,NA,NA,NA,,32.96311495,2,7.400292068,2,308.4443399,59.02493256,2228.812115,2,2056.683004,2
16,Deep,RSA_016A,20210502,41°12.08',68°47.56',41°12.23',68°47.55',40.8,74.61504,NA,16:28,16:30,16:33,16:34,NA,Benzalkonium and mercuric,NA,NA,NA,NA,NA,NA,NA,CTD off,,-999,,-999,,,2228.751226,2,2066.058796,2
16,Shallow,RSA_016B,20210502,41°12.08',68°47.56',41°12.23',68°47.55',40.8,74.61504,NA,16:28,NA,NA,NA,NA,Benzalkonium and mercuric,NA,NA,NA,NA,NA,NA,NA,,,-999,,-999,,,2232.569844,2,2072.956605,2
17,Deep,RSA_017A,20210502,41°12.16',68°42.26',41°12.22',68°42.20',35.0,64.008,17:02,17:03,17:05,17:08,17:09,L12,Benzalkonium and mercuric,17:12,17:27,41°12.30,68°42.16,41°12.27,68°40.26,53,,32.92904986,2,7.212402344,2,305.4301965,66.39179962,2228.28084,2,2069.429162,2
17,Shallow,RSA_017B,20210502,41°12.16',68°42.26',41°12.22',68°42.20',35.0,64.008,NA,17:03,NA,NA,NA,NA,Benzalkonium and mercuric,17:12,17:27,41°12.30,68°42.16,41°12.27,68°40.26,53,,32.93915536,2,7.39836137,2,307.7960381,66.39179962,2227.431861,2,2069.540587,2
18,Deep,RSA_018A,20210502,41°12.04',68°35.71',41°12.17',NA,33.0,60.3504,17:57,17:57,17:58,18:00,18:01,NA,Benzalkonium and mercuric,NA,NA,NA,NA,NA,NA,NA,,32.98872262,2,7.426819,2,310.2296073,60.45032,2226.517817,2,2068.861973,2
18,Shallow,RSA_018B,20210502,41°12.04',68°35.71',41°12.17',NA,33.0,60.3504,NA,17:57,NA,NA,NA,NA,Benzalkonium and mercuric,NA,NA,NA,NA,NA,NA,NA,,32.99052188,2,7.472057789,2,309.8390143,60.45032,2226.6,2,2057.312734,2
19,Deep,RSA_019A,20210502,41°17.50',68°30.16',41°17.69',68°30.09',31.9,58.33872,18:38,18:38,18:40,18:42,18:44,NA,Benzalkonium and mercuric,NA,NA,NA,NA,NA,NA,NA,,33.00569127,2,7.429626,2,308.768,59.58232,2227.37105,2,2078.501701,2
19,Shallow,RSA_019B,20210502,41°17.50',68°30.16',41°17.69',68°30.09',31.9,58.33872,NA,18:38,NA,NA,NA,NA,Benzalkonium and mercuric,NA,NA,NA,NA,NA,NA,NA,,33.01308564,2,7.467257208,2,308.1073359,59.58232,2229.757704,2,2078.439288,2
20,Deep,RSA_020A,20210502,41°21.06',68°41.78',41°21.12',68°41.76',51.2,93.63456,19:49,19:49,19:50,19:52,19:53,L11,Benzalkonium and mercuric,NA,NA,NA,NA,NA,NA,NA,,32.88129065,2,7.006989,2,303.8080718,94.73071,2231.9,2,2073.73149,2
20,Shallow,RSA_020B,20210502,41°21.06',68°41.78',41°21.12',68°41.76',51.2,93.63456,NA,19:49,NA,NA,NA,NA,Benzalkonium and mercuric,NA,NA,NA,NA,NA,NA,NA,,32.90580321,2,7.137035574,2,305.7195915,94.73071,2231.012011,2,2079.12551,2
21,Deep,RSA_021A,20210502,41°21.16',68°35.29',41°21.21',68°35.12',41.4,75.71232,20:23,20:23,20:25,20:27,20:28,L10,Benzalkonium and mercuric,20:31,20:47,41°21.39,68°34.50,41°21.68,68°33.03,24,Tow abundance edited from 23 -- we physically have 24 samples,32.90605578,2,7.108948,2,304.7401471,77.64481,2228.906311,2,2071.79469,2
21,Shallow,RSA_021B,20210502,41°21.16',68°35.29',41°21.21',68°35.12',41.4,75.71232,NA,20:23,NA,NA,NA,NA,Benzalkonium and mercuric,20:31,20:47,41°21.39,68°34.50,41°21.68,68°33.03,24,,32.9255928,2,7.238819455,2,306.0326473,77.64481,2227.601115,2,2076.169535,2
22,Deep,RSA_022A,20210502,41°23.51',68°24.20',41°23.55',68°24.24',35.7,65.28816,NA,21:29,21:30,21:35,21:37,NA,Benzalkonium and mercuric,NA,NA,NA,NA,NA,NA,NA,CTD off,,-999,,-999,,,2229.289749,2,2077.653707,2
22,Shallow,RSA_022B,20210502,41°23.51',68°24.20',41°23.55',68°24.24',35.7,65.28816,NA,21:29,NA,NA,NA,NA,Benzalkonium and mercuric,NA,NA,NA,NA,NA,NA,NA,,,-999,,-999,,,2226.681401,2,2066.507971,2
23,Deep,RSA_023A,20210502,41°30.02',68°29.85',41°30.12',68°29.71',52.2,95.46336,22:32,22:32,22:35,22:37,22:40,NA,Mercuric,NA,NA,NA,NA,NA,NA,NA,,32.95971815,2,7.222565,2,299.8602469,96.40216,2231.493926,2,2081.830757,2
23,Shallow,RSA_023B,20210502,41°30.02',68°29.85',41°30.12',68°29.71',52.2,95.46336,NA,22:32,NA,NA,NA,NA,Mercuric,NA,NA,NA,NA,NA,NA,NA,,32.96085404,2,7.292552462,2,304.8688846,96.40216,2231.345262,2,2082.151786,2
24,Deep,RSA_024A,20210502,41°36.16',68°23.75',41°36.30',68°23.59',15.0,27.432,23:28,23:28,23:28,23:29,23:31,L18,Mercuric,NA,NA,NA,NA,NA,NA,NA,,33.05483647,2,7.710571,2,304.7659502,27.53687,2226.248489,2,2069.807435,2
24,Shallow,RSA_024B,20210502,41°36.16',68°23.75',41°36.30',68°23.59',15.0,27.432,NA,23:28,NA,NA,NA,NA,Mercuric,NA,NA,NA,NA,NA,NA,NA,,33.05295221,2,7.716288924,2,304.2670468,27.53687,2226.398372,2,2062.289932,2
25,Deep,RSA_025A,20210503,41°47.04,68°11.30',41°47.05',68°11.00',40.0,73.152,1:03,1:04,1:05,1:07,1:08,L9,Mercuric,1:04,1:28,41°47.04,68°11.36,41°46.96,68°09.93,292,,32.96103898,2,7.184998,2,292.3669427,74.68767,2233.742463,2,2089.802612,2
25,Shallow,RSA_025B,20210503,41°47.04,68°11.30',41°47.05',68°11.00',40.0,73.152,NA,1:04,NA,NA,NA,NA,Mercuric,1:04,1:28,41°47.04,68°11.36,41°46.96,68°09.93,292,,33.03018222,2,7.87240281,2,314.6860983,74.68767,2224.429946,2,2039.899048,2
26,Deep,RSA_026A,20210503,41°47.04',68°00.19',41°47.12',68°00.05',22.9,41.87952,2:20,2:20,2:21,2:23,2:23,NA,Mercuric,NA,NA,NA,NA,NA,NA,NA,,33.05766756,2,7.604797,2,299.8483633,43.95594,2232.408397,2,2072.124771,2
26,Shallow,RSA_026B,20210503,41°47.04',68°00.19',41°47.12',68°00.05',22.9,41.87952,NA,2:20,NA,NA,NA,NA,Mercuric,NA,NA,NA,NA,NA,NA,NA,,33.05298754,2,7.615046364,2,299.9221564,43.95594,2231.339777,2,2075.945703,2
27,Deep,RSA_027A,20210503,41°53.08',67°54.19',41°53.16',67°54.18',30.4,55.59552,3:12,3:12,3:14,3:14,3:16,NA,Mercuric,NA,NA,NA,NA,NA,NA,NA,,32.9661472,2,7.22525,2,291.3312778,55.95419,2234.663654,2,2091.438168,2
27,Shallow,RSA_027B,20210503,41°53.08',67°54.19',41°53.16',67°54.18',30.4,55.59552,NA,3:12,NA,NA,NA,NA,Mercuric,NA,NA,NA,NA,NA,NA,NA,,33.00170398,2,7.601482731,2,305.4625462,55.95419,2231.930591,2,2069.056827,2
28,Deep,RSA_028A,20210503,42°00.67',67°29.72',42°00.76',67°29.72',24.9,45.53712,5:27,5:27,5:28,5:31,5:32,NA,Benzalkonium and mercuric,6:00,6:15,42°03.93,67°26.05,42°04.98,67°25.22,2008,,32.94026851,2,7.363434,2,298.2713494,43.69947,2223.953949,2,2071.847735,2
28,Shallow,RSA_028B,20210503,42°00.67',67°29.72',42°00.76',67°29.72',24.9,45.53712,NA,5:27,NA,NA,NA,NA,Benzalkonium and mercuric,6:00,6:15,42°03.93,67°26.05,42°04.98,67°25.22,2008,,32.882829,2,7.391970825,2,297.4606225,43.69947,2214.2,2,2076.771445,2
29,Deep,RSA_029A,20210503,42°06.32',67°23.90',42°06.54',67°23.87',43.2,79.00416,6:34,6:34,6:36,6:39,6:40,NA,Benzalkonium and mercuric,NA,NA,NA,NA,NA,NA,NA,,32.89348532,2,7.105377,2,293.2975351,78.02595,2227.849933,2,2082.121867,2
29,Shallow,RSA_029B,20210503,42°06.32',67°23.90',42°06.54',67°23.87',43.2,79.00416,NA,6:34,NA,NA,NA,NA,Benzalkonium and mercuric,NA,NA,NA,NA,NA,NA,NA,,32.64102022,2,6.973252762,2,305.8541571,78.02595,2200.024039,2,2048.135541,2
30,Deep,RSA_030A,20210503,42°06.02',67°11.74',42°06.07',67°11.67',29.9,54.68112,NA,7:40,7:41,7:44,7:44,NA,Benzalkonium and mercuric,7:47,8:02,42°05.96,67°11.69,42°04.79,67°11.88,1498,CTD off,-999,-999,-999,-999,-999,-999,2207.713144,2,2064.300125,2
30,Shallow,RSA_030B,20210503,42°06.02',67°11.74',42°06.07',67°11.67',29.9,54.68112,NA,7:40,NA,NA,NA,NA,Benzalkonium and mercuric,7:47,8:02,42°05.96,67°11.69,42°04.79,67°11.88,1498,,-999,-999,-999,-999,-999,-999,2199.586112,2,2045.862224,2
31,Deep,RSA_031A,20210503,42°01.69',67°11.98',42°01.67',67°11.93',28.7,52.48656,8:35,8:35,8:36,8:38,8:39,NA,Benzalkonium and mercuric,NA,NA,NA,NA,NA,NA,NA,,32.90187787,2,7.304413,2,299.4034672,53.74686,2212.524923,2,2065.480898,2
31,Shallow,RSA_031B,20210503,42°01.69',67°11.98',42°01.67',67°11.93',28.7,52.48656,NA,8:35,NA,NA,NA,NA,Benzalkonium and mercuric,NA,NA,NA,NA,NA,NA,NA,,32.85536565,2,7.226444121,2,300.1402364,53.74686,2211.866687,2,2062.255288,2
32,Deep,RSA_032A,20210503,41°53.24',67°23.87',41°53.18',67°23.72',30.3,55.41264,10:04,10:05,10:07,10:10,10:11,NA,Benzalkonium and mercuric,NA,NA,NA,NA,NA,NA,NA,,33.05005635,2,7.66983,2,299.6767817,57.08439,2216.492382,2,2070.800442,2
32,Shallow,RSA_032B,20210503,41°53.24',67°23.87',41°53.18',67°23.72',30.3,55.41264,NA,10:05,NA,NA,NA,NA,Benzalkonium and mercuric,NA,NA,NA,NA,NA,NA,NA,,33.01582392,2,7.662701217,2,300.4684391,57.08439,2217.087104,2,2071.625665,2
35,Deep,RSA_035A,20210503,41°41.43',67°17.35',41°29.71',67°42.11',26.7,48.82896,11:21,11:23,11:24,11:27,11:28,NA,Benzalkonium and mercuric,NA,NA,NA,NA,NA,NA,NA,,33.08773704,2,7.806305,2,302.7792769,51.34352,2227.200599,2,2071.403755,2
35,Shallow,RSA_035B,20210503,41°41.43',67°17.35',41°29.71',67°42.11',26.7,48.82896,NA,11:23,NA,NA,NA,NA,Benzalkonium and mercuric,NA,NA,NA,NA,NA,NA,NA,,33.0661901,2,7.824220739,2,302.9604067,51.34352,2220.284439,2,2062.737791,2
34,Deep,RSA_034A,20210503,41°35.76',67°30.71',41°35.65',67°30.72',17.8,32.55264,12:42,12:42,12:43,12:45,12:46,L7,Benzalkonium and mercuric,NA,NA,NA,NA,NA,NA,NA,,33.1262069,2,7.956024,2,300.6849418,35.26567,2214.996696,2,2064.791282,2
34,Shallow,RSA_034B,20210503,41°35.76',67°30.71',41°35.65',67°30.72',17.8,32.55264,NA,12:42,NA,NA,NA,NA,Benzalkonium and mercuric,NA,NA,NA,NA,NA,NA,NA,,32.74373302,2,8.041230131,2,300.0625864,35.26567,2218.7,2,2065.935558,2
33,Deep,RSA_033A,20210503,41°29.79',67°42.03',41°41.22',67°17.17',22.8,41.69664,13:45,13:46,13:47,13:50,13:50,NA,Benzalkonium and mercuric,NA,NA,NA,NA,NA,NA,NA,,33.12132878,2,7.889038,2,303.2244773,43.44986,2220.97704,2,2069.454627,2
33,Shallow,RSA_033B,20210503,41°29.79',67°42.03',41°41.22',67°17.17',22.8,41.69664,NA,13:46,NA,NA,NA,NA,Benzalkonium and mercuric,NA,NA,NA,NA,NA,NA,NA,,33.1264082,2,7.930540815,2,302.8683704,43.44986,2219.74485,2,2070.522523,2
36,Deep,RSA_036A,20210503,41°30.19',67°06.07',41°30.26',67°06.13',30.0,54.864,17:14,17:14,17:15,17:16,17:17,NA,Mercuric,NA,NA,NA,NA,NA,NA,NA,,33.0514319,2,7.675079,2,321.6974619,57.33202,2227.0,2,2052.154477,2
36,Shallow,RSA_036B,20210503,41°30.19',67°06.07',41°30.26',67°06.13',30.0,54.864,NA,17:14,NA,NA,NA,NA,Mercuric,NA,NA,NA,NA,NA,NA,NA,,33.10113,2,10.34148199,2,322.7651111,57.33202,2227.366383,2,2048.764741,2
37,Deep,RSA_037A,20210503,41°23.68',67°00.25',41°23.72',67°00.29',34.0,62.1792,18:18,18:19,18:20,18:21,18:23,L24,Mercuric,18:25,18:40,41°23.70,67°00.31,41°22.71,67°01.32,0,All sand dollars,32.95918179,2,7.457184,2,323.8155601,64.76473,2220.583695,2,2053.990952,2
37,Shallow,RSA_037B,20210503,41°23.68',67°00.25',41°23.72',67°00.29',34.0,62.1792,NA,18:19,NA,NA,NA,NA,Mercuric,18:25,18:40,41°23.70,67°00.31,41°22.71,67°01.32,0,All sand dollars,33.08344984,2,7.968700352,2,318.8600187,64.76473,2220.672867,2,2056.350519,2
38,Deep,RSA_038A,20210503,41°17.74',67°05.65',41°17.78',67°05.68',33.0,60.3504,19:27,19:28,19:28,19:30,19:31,NA,Mercuric,NA,NA,NA,NA,NA,NA,NA,,33.02421336,2,7.63028,2,318.4038757,62.26756,2220.085328,2,2050.050436,2
38,Shallow,RSA_038B,20210503,41°17.74',67°05.65',41°17.78',67°05.68',33.0,60.3504,NA,19:28,NA,NA,NA,NA,Mercuric,NA,NA,NA,NA,NA,NA,NA,,32.79423907,2,8.199141531,2,318.790029,62.26756,2221.197543,2,2052.548381,2
39,Deep,RSA_039A,20210503,41°17.62',66°54.05',41°17.65',66°54.02',38.0,69.4944,20:30,20:30,20:31,20:32,20:33,NA,Mercuric,NA,NA,NA,NA,NA,NA,NA,,32.90665594,2,7.365662,2,313.871674,70.85619,2216.510979,2,2059.688423,2
39,Shallow,RSA_039B,20210503,41°17.62',66°54.05',41°17.65',66°54.02',38.0,69.4944,NA,20:30,NA,NA,NA,NA,Mercuric,NA,NA,NA,NA,NA,NA,NA,,31.93675679,2,7.831741268,2,311.8926137,70.85619,2211.1,2,2071.811657,2
40,Deep,RSA_040A,20210503,41°17.51',66°42.27',41°17.66',66°42.13',41.8,76.44384,21:29,21:30,21:31,21:32,21:33,NA,Mercuric,21:34,21:50,41°17.66,66°42.13,41°18.77,66°40.91,140,Bags labelled 37,32.7946715,2,6.88739,2,296.5129057,77.74607,2220.756419,2,2086.177791,2
40,Shallow,RSA_040B,20210503,41°17.51',66°42.27',41°17.66',66°42.13',41.8,76.44384,NA,21:30,NA,NA,NA,NA,Mercuric,21:34,21:50,41°17.66,66°42.13,41°18.77,66°40.91,140,Bags labelled 37,33.01225535,2,7.77088003,2,308.9715924,77.74607,2216.582257,2,2072.038306,2
41,Deep,RSA_041A,20210503,41°23.47',66°35.67',41°23.51',66°35.59',46.0,84.1248,22:32,22:33,22:34,22:35,22:37,NA,Mercuric,NA,NA,NA,NA,NA,NA,NA,,32.82189239,2,7.002472,2,300.7843608,85.91049,2217.335215,2,2081.789286,2
41,Shallow,RSA_041B,20210503,41°23.47',66°35.67',41°23.51',66°35.59',46.0,84.1248,NA,22:33,NA,NA,NA,NA,Mercuric,NA,NA,NA,NA,NA,NA,NA,,32.73375858,2,7.718245212,2,308.4947759,85.91049,2216.990598,2,2070.137847,2
42,Deep,RSA_042A,20210503,41°17.84',66°30.22',41°17.82',66°30.13',49.7,90.89136,23:19,23:20,23:21,23:23,23:24,L23,Mercuric,NA,NA,NA,NA,NA,NA,NA,,32.83436841,2,6.881165,2,288.8395249,92.56243,2230.184183,2,2095.248601,2
42,Shallow,RSA_042B,20210503,41°17.84',66°30.22',41°17.82',66°30.13',49.7,90.89136,NA,23:20,NA,NA,NA,NA,Mercuric,NA,NA,NA,NA,NA,NA,NA,,32.9396788,2,7.412387231,2,308.0292359,92.56243,,,2076.531592,2
43,Deep,RSA_043A,20210504,41°12.20',66°24.12',41°12.21',66°24.06',50.9,93.08592,0:07,0:07,0:08,0:09,0:11,NA,Mercuric,NA,NA,NA,NA,NA,NA,NA,,33.44747425,2,8.322723,2,260.0839412,94.56269,,,2108.911593,2
43,Shallow,RSA_240,20210504,41°12.20',66°24.12',41°12.21',66°24.06',50.9,93.08592,NA,0:07,NA,NA,NA,NA,Mercuric,NA,NA,NA,NA,NA,NA,NA,,32.80449753,2,7.718580385,2,302.161149,94.56269,,,2075.416276,2
44,Deep,RSA_044A,20210504,41°11.97',66°34.99',41°11.93',66°35.00',48.7,89.06256,1:06,1:06,1:09,1:09,1:10,L22,Mercuric,NA,NA,NA,NA,NA,NA,NA,,32.80794509,2,6.843903,2,289.2014018,89.78135,,,2092.766134,2
44,Shallow,RSA_044B,20210504,41°11.97',66°34.99',41°11.93',66°35.00',48.7,89.06256,NA,1:06,NA,NA,NA,NA,Mercuric,NA,NA,NA,NA,NA,NA,NA,,32.7458726,2,7.603372462,2,307.1733824,89.78135,,,2069.947647,2
45,Deep,RSA_045A,20210504,41°12.01,66°47.45',41°11.96',66°47.46',38.7,70.77456,2:11,2:11,2:12,2:13,2:14,NA,Mercuric,NA,NA,NA,NA,NA,NA,NA,,32.74465278,2,6.882324,2,303.1586443,72.88882,,,2074.807174,2
45,Shallow,RSA_045B,20210504,41°12.01,66°47.45',41°11.96',66°47.46',38.7,70.77456,NA,2:11,NA,NA,NA,NA,Mercuric,NA,NA,NA,NA,NA,NA,NA,,32.67827034,2,7.439110357,2,307.21236,72.88882,,,2071.955404,2
46,Deep,RSA_046A,20210504,41°06.92',66°41.96',41°05.87',66°41.99',42.6,77.90688,3:00,3:00,3:01,3:02,3:04,NA,Mercuric,NA,NA,NA,NA,NA,NA,NA,,32.79715305,2,6.790039,2,284.9187555,79.50774,,,2097.863718,2
46,Shallow,RSA_046B,20210504,41°06.92',66°41.96',41°05.87',66°41.99',42.6,77.90688,NA,3:00,NA,NA,NA,NA,Mercuric,NA,NA,NA,NA,NA,NA,NA,,32.91851745,2,7.478439818,2,306.3441152,79.50774,,,2072.104013,2
47,Deep,RSA_047A,20210504,40°59.87',66°35.83',40°59.82',66°35.87',46.2,84.49056,3:51,3:51,3:53,3:54,3:56,NA,Mercuric,NA,NA,NA,NA,NA,NA,NA,,33.39281602,2,8.305939,2,261.1788105,86.45428,,,2098.496808,2
47,Shallow,RSA_047B,20210504,40°59.87',66°35.83',40°59.82',66°35.87',46.2,84.49056,NA,3:51,NA,NA,NA,NA,Mercuric,NA,NA,NA,NA,NA,NA,NA,,32.40184617,2,7.145660406,2,310.7761161,86.45428,,,2053.37588,2
48,Deep,RSA_048A,20210504,40°59.90',66°47.99',40°59.90',66°48.09',41.5,75.8952,4:53,4:54,4:55,4:58,4:59,NA,Benzalkonium and mercuric,NA,NA,NA,NA,NA,NA,NA,,32.83667857,2,6.863983,2,281.4673586,77.56934,,,2103.293318,2
48,Shallow,RSA_048B,20210504,40°59.90',66°47.99',40°59.90',66°48.09',41.5,75.8952,NA,4:54,NA,NA,NA,NA,Benzalkonium and mercuric,NA,NA,NA,NA,NA,NA,NA,,33.01444379,2,7.771076718,2,303.5892923,77.56934,,,2079.706805,2
50,Deep,RSA_050A,20210504,41°06.15',66°54.27',41°06.18',66°54.30',38.5,70.4088,6:01,6:01,6:03,6:05,6:06,NA,Benzalkonium and mercuric,5:39,5:54,41°05.01,66°53.14,41°05.97,66°54.13,2972,Bags labelled 47,32.72895695,2,6.812836,2,300.9229864,72.19479,,,2084.256974,2
50,Shallow,RSA_050B,20210504,41°06.15',66°54.27',41°06.18',66°54.30',38.5,70.4088,NA,6:01,NA,NA,NA,NA,Benzalkonium and mercuric,5:39,5:54,41°05.01,66°53.14,41°05.97,66°54.13,2972,Bags labelled 47,32.88112202,2,7.407643667,2,306.1025867,72.19479,,,2073.551534,2
51,Deep,RSA_051A,20210504,41°12.14',67°00.52',41°12.21',67°00.68',36.6,66.93408,6:59,6:59,7:00,7:04,7:05,NA,Benzalkonium and mercuric,NA,NA,NA,NA,NA,NA,NA,Light rain,33.01890098,2,7.635162,2,309.0478447,68.59651,,,2059.340054,2
51,Shallow,RSA_051B,20210504,41°12.14',67°00.52',41°12.21',67°00.68',36.6,66.93408,NA,6:59,NA,NA,NA,NA,Benzalkonium and mercuric,NA,NA,NA,NA,NA,NA,NA,Light rain,33.08102528,2,7.923506097,2,309.6088226,68.59651,,,2052.136706,2
56,Deep,RSA_056A,20210504,41°12.24',67°12.50',41°12.36',67°12.57',31.8,58.15584,8:14,8:14,8:15,8:18,8:20,NA,Benzalkonium and mercuric,7:53,8:08,41°12.09,67°10.43,41°12.05,67°12.27,6,Mainly sand dollars,32.96599834,2,7.557251,2,313.1977471,59.67392,,,2053.746054,2
56,Shallow,RSA_056B,20210504,41°12.24',67°12.50',41°12.36',67°12.57',31.8,58.15584,NA,8:14,NA,NA,NA,NA,Benzalkonium and mercuric,7:53,8:08,41°12.09,67°10.43,41°12.05,67°12.27,6,Mainly sand dollars,32.98600077,2,7.686079222,2,313.7368067,59.67392,,,2054.346371,2
55,Deep,RSA_055A,20210504,41°06.13',67°05.33',41°06.06',67°05.23',35.4,64.73952,9:18,9:19,9:21,9:25,9:27,NA,Benzalkonium and mercuric,NA,NA,NA,NA,NA,NA,NA,Rain,32.72262316,2,6.846069,2,302.9061875,66.78201,,,2073.953757,2
55,Shallow,RSA_055B,20210504,41°06.13',67°05.33',41°06.06',67°05.23',35.4,64.73952,NA,9:19,NA,NA,NA,NA,Benzalkonium and mercuric,NA,NA,NA,NA,NA,NA,NA,Rain,32.87670295,2,7.449585,2,307.2905815,66.78201,,,2054.260632,2
52,Deep,RSA_052A,20210504,40°59.85',66°59.75',40°59.87',66°59.67',38.3,70.04304,10:17,10:17,10:19,10:21,10:22,NA,Benzalkonium and mercuric,NA,NA,NA,NA,NA,NA,NA,Rain,32.74296447,2,6.748535,2,289.3755192,72.02369,,,2095.350091,2
52,Shallow,RSA_052B,20210504,40°59.85',66°59.75',40°59.87',66°59.67',38.3,70.04304,NA,10:17,NA,NA,NA,NA,Benzalkonium and mercuric,NA,NA,NA,NA,NA,NA,NA,Rain,32.96348762,2,7.791344917,2,308.6483958,72.02369,,,2039.960023,2
49,Deep,RSA_049A,20210504,40°53.85',66°53.96',40°53.76',66°53.89',49.4,90.34272,11:11,11:11,11:13,11:15,11:16,L13,Benzalkonium and mercuric,NA,NA,NA,NA,NA,NA,NA,Rain,33.09623819,2,7.41806,2,269.3913299,91.71168,,,2115.150275,2
49,Shallow,RSA_049B,20210504,40°53.85',66°53.96',40°53.76',66°53.89',49.4,90.34272,NA,11:11,NA,NA,NA,NA,Benzalkonium and mercuric,NA,NA,NA,NA,NA,NA,NA,Rain,32.84115,2,7.332169581,2,306.4295597,91.71168,,,2017.641103,2
53,Deep,RSA_053A,20210504,40°47.50',67°00.10',40°47.44',67°00.10',53.8,98.38944,12:07,12:07,12:08,12:12,12:13,NA,Benzalkonium and mercuric,NA,NA,NA,NA,NA,NA,NA,Rain,33.8396552,2,9.117157,2,248.5443274,100.1508,,,2112.545921,2
53,Shallow,RSA_053B,20210504,40°47.50',67°00.10',40°47.44',67°00.10',53.8,98.38944,NA,12:07,NA,NA,NA,NA,Benzalkonium and mercuric,NA,NA,NA,NA,NA,NA,NA,Rain,32.98612838,2,8.005689966,2,304.8879393,100.1508,,,2031.946026,2
54,Deep,RSA_054A,20210504,40°54.20',67°06.00',40°54.22',67°06.61',46.0,84.1248,13:15,13:15,13:17,13:19,13:20,NA,Benzalkonium and mercuric,13:29,13:44,40°55.02,67°07.42,40°56.06,67°08.35,2312,Rain,32.95763666,2,7.15155,2,273.6890976,85.59264,,,2106.90512,2
54,Shallow,RSA_054B,20210504,40°54.20',67°06.00',40°54.22',67°06.61',46.0,84.1248,NA,13:15,NA,NA,NA,NA,Benzalkonium and mercuric,13:29,13:44,40°55.02,67°07.42,40°56.06,67°08.35,2312,Rain,32.88881293,2,7.562212452,2,301.3034032,85.59264,,,2067.153003,2
57,Deep,RSA_057A,20210504,41°00.25',67°12.42',41°00.25',67°12.52',39.9,72.96912,14:25,14:26,14:27,14:33,14:34,NA,Benzalkonium and mercuric,NA,NA,NA,NA,NA,NA,NA,,32.72186535,2,6.907654,2,306.6981942,74.61543,,,2052.942298,2
57,Shallow,RSA_057B,20210504,41°00.25',67°12.42',41°00.25',67°12.52',39.9,72.96912,NA,14:26,NA,NA,NA,NA,Benzalkonium and mercuric,NA,NA,NA,NA,NA,NA,NA,,32.8207788,2,7.691223033,2,311.2323621,74.61543,,,2051.749262,2
61,Deep,RSA_061A,20210504,41°05.89',67°17.58',41°05.91',67°17.65',33.1,60.53328,15:21,15:21,15:22,15:24,15:25,NA,Mercuric,15:30,15:45,41°05.91,67°17.92,41°05.80,67°19.95,0,All sand dollars,32.92664403,2,7.465515,2,309.9009423,62.02333,,,2057.114116,2
61,Shallow,RSA_061B,20210504,41°05.89',67°17.58',41°05.91',67°17.65',33.1,60.53328,NA,15:21,NA,NA,NA,NA,Mercuric,15:30,15:45,41°05.91,67°17.92,41°05.80,67°19.95,0,All sand dollars,32.90098758,2,7.628254581,2,308.10672,62.02333,,,2050.36582,2
67,Deep,RSA_067A,20210504,41°06.06',67°29.65',41°06.10',67°29.74',31.0,56.6928,16:34,16:34,16:35,16:36,16:37,NA,Mercuric,NA,NA,NA,NA,NA,NA,NA,Light rain,32.97289453,2,7.581268,2,308.5666173,57.4551,,,2058.361768,2
67,Shallow,RSA_067B,20210504,41°06.06',67°29.65',41°06.10',67°29.74',31.0,56.6928,NA,16:34,NA,NA,NA,NA,Mercuric,NA,NA,NA,NA,NA,NA,NA,Light rain,32.89649182,2,7.812674472,2,306.5085302,57.4551,,,2053.226762,2
68,Deep,RSA_068A,20210504,41°00.07',67°35.65,41°00.10,67°38.70',35.0,64.008,17:25,17:26,17:26,17:28,17:29,NA,Mercuric,NA,NA,NA,NA,NA,NA,NA,Light rain,32.85038289,2,7.229553,2,302.6880493,65.58011,,,2069.5,2
68,Shallow,RSA_068B,20210504,41°00.07',67°35.65,41°00.10,67°38.70',35.0,64.008,NA,17:26,NA,NA,NA,NA,Mercuric,NA,NA,NA,NA,NA,NA,NA,Light rain,32.85183614,2,7.507081313,2,303.59945,65.58011,,,2059.571684,2
66,Deep,RSA_066A,20210504,41°00.07',67°30.12',41°00.08',67°30.11',35.9,65.65392,17:57,17:57,17:58,17:59,18:01,NA,Mercuric,18:04,18:19,41°00.09,67°29.67,41°00.09,67°28.30,59,"Light rain, mainly sand dollars, bags labelled 61",32.75488908,2,7.000977,2,304.448797,67.31399,,,2070.241937,2
66,Shallow,RSA_066B,20210504,41°00.07',67°30.12',41°00.08',67°30.11',35.9,65.65392,NA,17:57,NA,NA,NA,NA,Mercuric,18:04,18:19,41°00.09,67°29.67,41°00.09,67°28.30,59,"Light rain, mainly sand dollars, bags labelled 61",32.85365787,2,7.591732377,2,307.0260212,67.31399,,,2058.738196,2
62,Deep,RSA_062A,20210504,41°00.10',67°23.92',40°59.78',67°23.32',38.2,69.86016,18:44,18:45,18:45,18:47,18:48,NA,Mercuric,NA,NA,NA,NA,NA,NA,NA,,32.72869975,2,6.942322,2,308.2521771,71.08583,,,2064.0,2
62,Shallow,RSA_062B,20210504,41°00.10',67°23.92',40°59.78',67°23.32',38.2,69.86016,NA,18:45,NA,NA,NA,NA,Mercuric,NA,NA,NA,NA,NA,NA,NA,,32.91088188,2,7.799904462,2,314.675752,71.08583,,,2040.70165,2
60,Deep,RSA_060A,20210504,40°53.68',67°17.78',NA,NA,45.5,83.2104,20:09,20:09,20:11,20:13,20:14,NA,Mercuric,19:26,19:44,40°55.73,67°19.86,40°54.39,67°19.89,6475,Bags labelled 62,33.13880872,2,7.543915,2,267.5179,85.08312,,,2111.791198,2
60,Shallow,RSA_060B,20210504,40°53.68',67°17.78',NA,NA,45.5,83.2104,NA,20:09,NA,NA,NA,NA,Mercuric,19:26,19:44,40°55.73,67°19.86,40°54.39,67°19.89,6475,Bags labelled 62,32.88913075,2,7.886805429,2,307.1349527,85.08312,,,2059.506234,2
65,Deep,RSA_065A,20210504,40°53.06',67°30.01',40°53.08',67°30.02',41.6,76.07808,21:17,21:17,21:18,21:19,21:20,NA,Mercuric,NA,NA,NA,NA,NA,NA,NA,,32.983903,2,7.243256,2,275.5266066,72.56203,,,2103.635417,2
65,Shallow,RSA_065B,20210504,40°53.06',67°30.01',40°53.08',67°30.02',41.6,76.07808,NA,21:17,NA,NA,NA,NA,Mercuric,NA,NA,NA,NA,NA,NA,NA,,32.89395529,2,7.730059,2,310.0028851,72.56203,,,2050.395551,2
63,Deep,RSA_063A,20210504,40°47.82',67°24.31',40°47.78',67°24.25',48.0,87.7824,22:02,22:02,22:03,22:05,22:06,NA,Mercuric,NA,NA,NA,NA,NA,NA,NA,,33.71475272,2,8.831238,2,251.2976703,89.6314,,,2119.697691,2
63,Shallow,RSA_063B,20210504,40°47.82',67°24.31',40°47.78',67°24.25',48.0,87.7824,NA,22:02,NA,NA,NA,NA,Mercuric,NA,NA,NA,NA,NA,NA,NA,,32.93762564,2,8.169094426,2,317.0228333,89.6314,,,2049.418146,2
58,Deep,RSA_058A,20210504,40°47.05',67°12.16',40°47.40',67°12.05',51.4,94.00032,23:02,23:02,23:03,23:05,23:06,L19,Mercuric,NA,NA,NA,NA,NA,NA,NA,,33.07519176,2,7.488739,2,265.2321,95.52681,,,2115.557481,2
58,Shallow,RSA_058B,20210504,40°47.05',67°12.16',40°47.40',67°12.05',51.4,94.00032,NA,23:02,NA,NA,NA,NA,Mercuric,NA,NA,NA,NA,NA,NA,NA,,32.94293604,2,7.655403245,2,303.7041408,95.52681,,,2051.163937,2
59,Deep,RSA_059A,20210504,40°42.04',67°17.56',40°42.04',67°17.52',52.0,95.0976,23:53,23:53,23:54,23:55,23:56,L14,Mercuric,NA,NA,NA,NA,NA,NA,NA,,34.27099189,2,10.07956,2,236.4022369,97.01632,,,2134.522995,2
59,Shallow,RSA_059B,20210504,40°42.04',67°17.56',40°42.04',67°17.52',52.0,95.0976,NA,23:53,NA,NA,NA,NA,Mercuric,NA,NA,NA,NA,NA,NA,NA,,33.16977773,2,8.543495689,2,320.0494756,97.01632,,,2040.047525,2
64,Deep,RSA_064A,20210505,40°42.08',67°29.87',40°42.06',67°29.87',47.9,87.59952,1:01,1:01,1:02,1:04,1:05,L15,Mercuric,NA,NA,NA,NA,NA,NA,NA,,34.08274257,2,9.67334,2,238.6605065,89.97548,,,2130.567953,2
64,Shallow,RSA_064B,20210505,40°42.08',67°29.87',40°42.06',67°29.87',47.9,87.59952,NA,1:01,NA,NA,NA,NA,Mercuric,NA,NA,NA,NA,NA,NA,NA,,32.98807552,2,7.990485,2,307.0271357,89.97548,,,2048.082405,2
69,Deep,RSA_069A,20210505,40°47.44',67°35.50',40°47.42',67°35.51',41.6,76.07808,1:55,1:55,1:56,1:57,1:59,NA,Mercuric,NA,NA,NA,NA,NA,NA,NA,,33.07522937,2,7.538574,2,270.299802,78.78655,,,2102.244418,2
69,Shallow,RSA_069B,20210505,40°47.44',67°35.50',40°47.42',67°35.51',41.6,76.07808,NA,1:55,NA,NA,NA,NA,Mercuric,NA,NA,NA,NA,NA,NA,NA,,32.93658392,2,7.931613073,2,308.5102561,78.78655,,,2046.423765,2
70,Deep,RSA_070A,20210505,40°47.51',67°42.15',40°47.31',67°42.18',37.7,68.94576,2:32,2:32,2:35,2:35,2:36,NA,Mercuric,2:32,2:51,40°47.51,67°42.15,40°47.28,67°42.18,325,,32.76800667,2,6.800903,2,287.705616,70.96207,,,2080.270024,2
70,Shallow,RSA_070B,20210505,40°47.51',67°42.15',40°47.31',67°42.18',37.7,68.94576,NA,2:32,NA,NA,NA,NA,Mercuric,2:32,2:51,40°47.51,67°42.15,40°47.28,67°42.18,325,,32.92054363,2,7.675202902,2,303.209,70.96207,,,2058.221314,2
71,Deep,RSA_071A,20210505,40°41.94',67°42.07',40°41.90',67°42.06',41.6,76.07808,3:21,3:21,3:23,3:25,3:26,NA,Mercuric,NA,NA,NA,NA,NA,NA,NA,,32.8225592,2,6.905914,2,283.72622,77.59865,,,,
71,Shallow,RSA_071B,20210505,40°41.94',67°42.07',40°41.90',67°42.06',41.6,76.07808,NA,3:21,NA,NA,NA,NA,Benzalkonium and mercuric,NA,NA,NA,NA,NA,NA,NA,,32.93966261,2,7.951382822,2,312.6345422,77.59865,,,,
72,Deep,RSA_072A,20210505,40°35.97',67°47.50',40°35.93',67°47.52',46.6,85.22208,4:49,4:50,4:51,4:52,4:54,NA,Benzalkonium and mercuric,NA,NA,NA,NA,NA,NA,NA,,33.14445047,2,7.586487,2,270.5083243,87.0952,,,,
72,Shallow,RSA_072B,20210505,40°35.97',67°47.50',40°35.93',67°47.52',46.6,85.22208,NA,4:50,NA,NA,NA,NA,Benzalkonium and mercuric,NA,NA,NA,NA,NA,NA,NA,,33.01852355,2,8.192097952,2,309.8289762,87.0952,,,,
76,Deep,RSA_076A,20210505,40°35.90',67°54.03',40°35.87',67°54.05',47.9,87.59952,5:26,5:26,5:28,5:30,5:31,L16,Benzalkonium and mercuric,5:39,5:54,40°35.89,67°54.85,40°36.01,67°56.48,79,,33.35725325,2,8.048737,2,261.6622854,89.22034,,,,
76,Shallow,RSA_076B,20210505,40°35.90',67°54.03',40°35.87',67°54.05',47.9,87.59952,NA,5:26,NA,NA,NA,NA,Benzalkonium and mercuric,5:39,5:54,40°35.89,67°54.85,40°36.01,67°56.48,79,,32.98012558,2,8.102267057,2,313.8122429,89.22034,,,,
77,Deep,RSA_077A,20210505,40°36.08',68°00.05',40°36.07',68°00.10',50.0,91.44,6:21,6:21,6:22,6:25,6:26,NA,Benzalkonium and mercuric,NA,NA,NA,NA,NA,NA,NA,,33.36251252,2,8.106323,2,263.7739906,92.75003,,,,
77,Shallow,RSA_077B,20210505,40°36.08',68°00.05',40°36.07',68°00.10',50.0,91.44,NA,6:21,NA,NA,NA,NA,Benzalkonium and mercuric,NA,NA,NA,NA,NA,NA,NA,,32.97447977,2,8.085094957,2,311.8405152,92.75003,,,,
78,Deep,RSA_078A,20210505,40°41.80',67°54.36',40°41.86',67°54.40',43.9,80.28432,7:19,7:19,7:21,7:24,7:25,NA,Benzalkonium and mercuric,NA,NA,NA,NA,NA,NA,NA,,33.14268438,2,7.594574,2,272.0535215,81.37396,,,,
78,Shallow,RSA_078B,20210505,40°41.80',67°54.36',40°41.86',67°54.40',43.9,80.28432,NA,7:19,NA,NA,NA,NA,Benzalkonium and mercuric,NA,NA,NA,NA,NA,NA,NA,,32.93033556,2,7.756098885,2,305.1628269,81.37396,,,,
73,Deep,RSA_073A,20210505,40°47.67',67°47.74',40°47.71',67°47.79',36.8,67.29984,8:17,8:17,8:18,8:21,8:22,NA,Benzalkonium and mercuric,NA,NA,NA,NA,NA,NA,NA,,32.74754266,2,6.858521,2,295.9814155,68.78495,,,,
73,Shallow,RSA_073B,20210505,40°47.67',67°47.74',40°47.71',67°47.79',36.8,67.29984,NA,8:17,NA,NA,NA,NA,Benzalkonium and mercuric,NA,NA,NA,NA,NA,NA,NA,,32.84657291,2,7.464289792,2,308.092166,68.78495,,,,
74,Deep,RSA_074A,20210505,40°53.71',67°54.20',40°53.77',67°54.29',32.6,59.61888,9:08,9:08,9:09,9:12,9:13,NA,Benzalkonium and mercuric,NA,NA,NA,NA,NA,NA,NA,,33.00434155,2,7.61795,2,299.1906428,61.3717,,,,
74,Shallow,RSA_074B,20210505,40°53.71',67°54.20',40°53.77',67°54.29',32.6,59.61888,NA,9:08,NA,NA,NA,NA,Benzalkonium and mercuric,NA,NA,NA,NA,NA,NA,NA,,33.035375,2,7.847499286,2,300.6695592,61.3717,,,,
79,Deep,RSA_079A,20210505,40°53.54',68°05.65',40°53.46',68°05.73',32.0,58.5216,10:08,10:08,10:09,10:12,10:13,NA,Benzalkonium and mercuric,NA,NA,NA,NA,NA,NA,NA,,33.19700058,2,8.130859,2,298.707806,61.57066,,,,
79,Shallow,RSA_079B,20210505,40°53.54',68°05.65',40°53.46',68°05.73',32.0,58.5216,NA,10:08,NA,NA,NA,NA,Benzalkonium and mercuric,NA,NA,NA,NA,NA,NA,NA,,33.16653449,2,8.092475,2,298.4386111,61.57066,,,,
75,Deep,RSA_075A,20210505,40°47.46',68°00.01',40°47.28',68°00.02',37.5,68.58,11:07,11:07,11:08,11:11,11:12,NA,Benzalkonium and mercuric,NA,NA,NA,NA,NA,NA,NA,,32.94805133,2,7.410522,2,297.6388258,70.57275,,,,
75,Shallow,RSA_075B,20210505,40°47.46',68°00.01',40°47.28',68°00.02',37.5,68.58,NA,11:07,NA,NA,NA,NA,Benzalkonium and mercuric,NA,NA,NA,NA,NA,NA,NA,,32.97188081,2,7.673672971,2,298.9276706,70.57275,,,,
80,Deep,RSA_080A,20210505,40°41.75',68°05.87',40°41.76',68°05.87',42.7,78.08976,12:02,12:03,12:04,12:07,12:09,L17,Benzalkonium and mercuric,NA,NA,NA,NA,NA,NA,NA,,32.94369811,2,7.303009,2,291.3109858,79.58556,,,,
80,Shallow,RSA_080B,20210505,40°41.75',68°05.87',40°41.76',68°05.87',42.7,78.08976,NA,12:03,NA,NA,NA,NA,Benzalkonium and mercuric,NA,NA,NA,NA,NA,NA,NA,,32.95651372,2,7.858928793,2,306.204731,79.58556,,,,
81,Deep,RSA_081A,20210505,40°36.00',68°11.23',40°35.97',68°12.24',50.8,92.90304,NA,13:00,13:01,13:03,13:05,L8,Benzalkonium and mercuric,NA,NA,NA,NA,NA,NA,NA,CTD off,,-999,,-999,,,,,,
81,Shallow,RSA_081B,20210505,40°36.00',68°11.23',40°35.97',68°12.24',50.8,92.90304,NA,13:00,NA,NA,NA,NA,Benzalkonium and mercuric,NA,NA,NA,NA,NA,NA,NA,,,-999,,-999,,,,,,
82,Deep,RSA_082A,20210505,40°42.21,68°11.91',40°42.24',68°11.90',39.8,72.78624,13:49,13:49,13:51,13:54,13:55,L20,Benzalkonium and mercuric,6:03,6:18,40°42.23,68°12.60,40°42.12,68°14.46,32,,32.99752018,2,7.471405,2,293.8869842,74.76045,,,,
82,Shallow,RSA_082B,20210505,40°42.21,68°11.91',40°42.24',68°11.90',39.8,72.78624,NA,13:49,NA,NA,NA,NA,Benzalkonium and mercuric,6:03,6:18,40°42.23,68°12.60,40°42.12,68°14.46,32,,33.14090402,2,8.145735348,2,299.2419889,74.76045,,,,
83,Deep,RSA_083A,20210505,40°41.86',68°17.79',40°41.83',68°17.82',35.7,65.28816,14:43,14:44,14:45,14:47,14:48,NA,Benzalkonium and mercuric,NA,NA,NA,NA,NA,NA,NA,,33.03099044,2,7.623901,2,298.5679009,67.11761,,,,
83,Shallow,RSA_083B,20210505,40°41.86',68°17.79',40°41.83',68°17.82',35.7,65.28816,NA,14:44,NA,NA,NA,NA,Benzalkonium and mercuric,NA,NA,NA,NA,NA,NA,NA,,33.16837818,2,8.195692587,2,303.8712283,67.11761,,,,
84,Deep,RSA_084A,20210505,40°35.96',68°24.04',40°35.91',68°24.11',43.2,79.00416,15:34,15:34,15:36,15:39,15:40,L21,Benzalkonium and mercuric,NA,NA,NA,NA,NA,NA,NA,,33.05339571,2,7.543427,2,288.8720814,80.42122,,,,
84,Shallow,RSA_084B,20210505,40°35.96',68°24.04',40°35.91',68°24.11',43.2,79.00416,NA,15:34,NA,NA,NA,NA,Benzalkonium and mercuric,NA,NA,NA,NA,NA,NA,NA,,33.13276591,2,8.162466,2,304.9584829,80.42122,,,,
86,Deep,RSA_086A,20210505,40°30.14',68°29.90',40°30.04',68°29.97',48.8,89.24544,16:26,16:26,16:27,16:29,16:30,NA,Mercuric,NA,NA,NA,NA,NA,NA,NA,,33.76669493,2,9.023071,2,253.8818814,90.89623,,,,
86,Shallow,RSA_086B,20210505,40°30.14',68°29.90',40°30.04',68°29.97',48.8,89.24544,NA,16:26,NA,NA,NA,NA,Mercuric,NA,NA,NA,NA,NA,NA,NA,,33.07446441,2,8.226845839,2,305.0561054,90.89623,,,,
87,Deep,RSA_234,20210505,40°23.50',68°35.59',40°23.51',68°35.56',49.1,89.79408,17:19,17:20,17:21,17:22,17:24,D1,Mercuric,NA,NA,NA,NA,NA,NA,NA,,33.97415105,2,9.524384,2,250.9812816,91.39427,,,,
87,Shallow,RSA_087B,20210505,40°23.50',68°35.59',40°23.51',68°35.56',49.1,89.79408,NA,17:20,NA,NA,NA,NA,Mercuric,NA,NA,NA,NA,NA,NA,NA,,32.99353143,2,8.390377192,2,306.808004,91.39427,,,,
93,Deep,RSA_093A,20210505,40°23.54',68°47.55',40°23.52',68°47.61',46.4,84.85632,18:17,18:18,18:19,18:21,18:22,NA,Mercuric,NA,NA,NA,NA,NA,NA,NA,,33.23493238,2,7.931,2,280.9184578,86.50687,,,,
93,Shallow,RSA_093B,20210505,40°23.54',68°47.55',40°23.52',68°47.61',46.4,84.85632,NA,18:18,NA,NA,NA,NA,Mercuric,NA,NA,NA,NA,NA,NA,NA,,33.16642207,2,8.156642808,2,317.2542551,86.50687,,,,
88,Deep,RSA_088A,20210505,40°30.06',68°42.05',40°30.15',68°42.06',40.0,73.152,19:13,19:13,19:14,19:15,19:17,D2,Mercuric,19:19,19:37,40°30.00,68°42.05,40°31.53,68°40.54,88,,33.06613551,2,7.621429,2,294.8890456,74.41311,,,,
88,Shallow,RSA_088B,20210505,40°30.06',68°42.05',40°30.15',68°42.06',40.0,73.152,NA,19:13,NA,NA,NA,NA,Mercuric,19:19,19:37,40°30.00,68°42.05,40°31.53,68°40.54,88,,33.16036859,2,8.140420707,2,318.1513183,74.41311,,,,
85,Deep,RSA_085A,20210505,40°36.03',68°35.00',40°36.10',68°34.95',35.9,65.65392,20:23,20:23,20:24,20:26,20:27,NA,Mercuric,NA,NA,NA,NA,NA,NA,NA,,33.05559202,2,7.688934,2,304.1545683,67.19234,,,,
85,Shallow,RSA_085B,20210505,40°36.03',68°35.00',40°36.10',68°34.95',35.9,65.65392,NA,20:23,NA,NA,NA,NA,Mercuric,NA,NA,NA,NA,NA,NA,NA,,33.14992689,2,8.16846175,2,316.9550125,67.19234,,,,
89,Deep,RSA_089A,20210505,40°42.01',68°35.00',40°36.10',68°34.95',34.5,63.0936,21:11,21:12,21:13,21:14,21:16,NA,Mercuric,NA,NA,NA,NA,NA,NA,NA,,33.06311526,2,7.814545,2,314.913202,63.20583,,,,
89,Shallow,RSA_089B,20210505,40°42.01',68°35.00',40°36.10',68°34.95',34.5,63.0936,NA,21:12,NA,NA,NA,NA,Mercuric,NA,NA,NA,NA,NA,NA,NA,,33.13241915,2,8.057990385,2,321.7030333,63.20583,,,,
90,Deep,RSA_090A,20210505,40°47.67',68°42.08',40°47.81',68°42.28',33.4,61.08192,21:45,21:46,21:47,21:48,21:49,NA,Mercuric,NA,NA,NA,NA,NA,NA,NA,,33.06854368,2,7.828064,2,318.1678868,61.91129,,,,
90,Shallow,RSA_090B,20210505,40°47.67',68°42.08',40°47.81',68°42.28',33.4,61.08192,NA,21:46,NA,NA,NA,NA,Mercuric,NA,NA,NA,NA,NA,NA,NA,,33.07143961,2,7.854783286,2,319.9026943,61.91129,,,,
91,Deep,RSA_091A,20210505,40°47.59',68°47.59',40°47.61',68°47.58',36.1,66.01968,22:18,22:18,22:19,22:20,22:21,NA,Mercuric,NA,NA,NA,NA,NA,NA,NA,,33.02649408,2,7.703491,2,315.7556808,67.62432,,,,
91,Shallow,RSA_091B,20210505,40°47.59',68°47.59',40°47.61',68°47.58',36.1,66.01968,NA,22:18,NA,NA,NA,NA,Mercuric,NA,NA,NA,NA,NA,NA,NA,,33.04245582,2,7.790919082,2,317.2253327,67.62432,,,,
97,Deep,RSA_097A,20210505,40°47.50',68°53.82',40°47.66',68°53.84',34.3,62.72784,22:54,22:55,22:56,22:58,22:58,D3,Mercuric,23:05,23:20,40°47.66,68°53.84,40°46.14,68°53.89,17,,33.01836226,2,7.63028,2,317.3294602,65.75124,,,,
97,Shallow,RSA_097B,20210505,40°47.50',68°53.82',40°47.66',68°53.84',34.3,62.72784,NA,22:55,NA,NA,NA,NA,Mercuric,23:05,23:20,40°47.66,68°53.84,40°46.14,68°53.89,17,,33.03736206,2,7.742178051,2,322.1824051,65.75124,,,,
96,Deep,RSA_096A,20210505,40°42.15',68°53.98',40°42.11',68°53.91',36.0,65.8368,23:48,23:49,23:50,23:51,23:52,NA,Mercuric,NA,NA,NA,NA,NA,NA,NA,,33.01915013,2,7.595032,2,315.0729743,68.36497,,,,
96,Shallow,RSA_096B,20210505,40°42.15',68°53.98',40°42.11',68°53.91',36.0,65.8368,NA,23:49,NA,NA,NA,NA,Mercuric,NA,NA,NA,NA,NA,NA,NA,,33.11516562,2,8.043171853,2,336.323356,68.36497,,,,
92,Deep,RSA_092A,20210506,40°36.09',68°47.57',40°36.03',68°47.43',36.0,65.8368,0:38,0:38,0:41,0:42,0:43,NA,Mercuric,NA,NA,NA,NA,NA,NA,NA,,32.97629444,2,7.537994,2,310.7506075,67.32213,,,,
92,Shallow,RSA_092B,20210506,40°36.09',68°47.57',40°36.03',68°47.43',36.0,65.8368,NA,0:38,NA,NA,NA,NA,Mercuric,NA,NA,NA,NA,NA,NA,NA,,33.07302546,2,7.944312204,2,321.2512,67.32213,,,,
95,Deep,RSA_095A,20210506,40°29.99',68°53.96',40°29.77',68°54.08',39.3,71.87184,1:33,1:33,1:34,1:36,1:37,NA,Mercuric,NA,NA,NA,NA,NA,NA,NA,,33.02132184,2,7.593475,2,300.8743153,73.71127,,,,
95,Shallow,RSA_095B,20210506,40°29.99',68°53.96',40°29.77',68°54.08',39.3,71.87184,NA,1:33,NA,NA,NA,NA,Mercuric,NA,NA,NA,NA,NA,NA,NA,,33.13581734,2,8.080571021,2,316.0622957,73.71127,,,,
94,Deep,RSA_094A,20210506,40°23.63',68°59.97',40°23.53',68°59.93',45.1,82.47888,2:22,2:23,2:24,2:26,2:27,NA,Mercuric,NA,NA,NA,NA,NA,NA,NA,,33.08496282,2,7.633118,2,288.2568465,84.6853,,,,
94,Shallow,RSA_094B,20210506,40°23.63',68°59.97',40°23.53',68°59.93',45.1,82.47888,NA,2:23,NA,NA,NA,NA,Mercuric,NA,NA,NA,NA,NA,NA,NA,,33.16958282,2,8.178278519,2,316.5423714,84.6853,,,,
104,Deep,RSA_104A,20210506,40°23.57',69°12.03',40°23.52',69°12.08',44.1,80.65008,3:25,3:26,3:27,3:28,3:29,NA,Mercuric,NA,NA,NA,NA,NA,NA,NA,,33.13286349,2,7.715942,2,283.364224,82.16543,,,,
104,Shallow,RSA_104B,20210506,40°23.57',69°12.03',40°23.52',69°12.08',44.1,80.65008,NA,3:26,NA,NA,NA,NA,Mercuric,NA,NA,NA,NA,NA,NA,NA,,33.19523017,2,8.271108243,2,316.2566389,82.16543,,,,
103,Deep,RSA_103A,20210506,40°30.08',69°05.57',40°30.06',69°05.57',42.0,76.8096,4:29,4:29,4:30,4:32,4:33,D4,Mercuric,4:37,4:52,40°30.34,69°05.57,40°31.49,69°05.62,45,,33.06780502,2,7.68927,2,309.2000042,77.82825,,,,
103,Shallow,RSA_103B,20210506,40°30.08',69°05.57',40°30.06',69°05.57',42.0,76.8096,NA,4:29,NA,NA,NA,NA,Mercuric,4:37,4:52,40°30.34,69°05.57,40°31.49,69°05.62,45,,33.1075542,2,7.956361629,2,322.4810314,77.82825,,,,
102,Deep,RSA_102A,20210506,40°36.24',69°05.68',40°36.21',69°05.70',39.9,72.96912,5:34,5:35,5:36,5:37,5:38,NA,Benzalkonium and mercuric,NA,NA,NA,NA,NA,NA,NA,,33.04234059,2,7.603851,2,310.687889,74.53312,,,,
102,Shallow,RSA_102B,20210506,40°36.24',69°05.68',40°36.21',69°05.70',39.9,72.96912,NA,5:35,NA,NA,NA,NA,Benzalkonium and mercuric,NA,NA,NA,NA,NA,NA,NA,,32.94846142,2,7.428676275,2,308.6148784,74.53312,,,,
98,Deep,RSA_098A,20210506,40°47.58',69°05.54',40°47.55',69°05.53',35.9,65.65392,7:00,7:00,7:02,7:05,7:06,NA,Benzalkonium and mercuric,NA,NA,NA,NA,NA,NA,NA,,32.97927912,2,7.435516,2,306.9779419,66.73785,,,,
98,Shallow,RSA_098B,20210506,40°47.58',69°05.54',40°47.55',69°05.53',35.9,65.65392,NA,7:00,NA,NA,NA,NA,Benzalkonium and mercuric,NA,NA,NA,NA,NA,NA,NA,,32.95848598,2,7.409348016,2,306.4367306,66.73785,,,,
100,Deep,RSA_100A,20210506,40°47.49',69°17.51',40°47.48',69°17.51',31.4,57.42432,8:04,8:04,8:05,8:08,8:09,D5,Benzalkonium and mercuric,NA,NA,NA,NA,NA,NA,NA,,32.94459407,2,7.306366,2,306.6316067,58.89424,,,,
100,Shallow,RSA_100B,20210506,40°47.49',69°17.51',40°47.48',69°17.51',31.4,57.42432,NA,8:04,NA,NA,NA,NA,Benzalkonium and mercuric,NA,NA,NA,NA,NA,NA,NA,,32.93414491,2,7.304659081,2,306.8802068,58.89424,,,,
99,Deep,RSA_099A,20210506,40°41.20',69°12.64',40°41.22',69°12.62',31.2,57.05856,9:17,9:17,9:18,9:21,9:21,D6,Benzalkonium and mercuric,8:56,9:11,40°41.78,69°13.04,40°41.23,69°12.57,125,,32.90311872,2,7.287811,2,307.675372,59.19469,,,,
99,Shallow,RSA_099B,20210506,40°41.20',69°12.64',40°41.22',69°12.62',31.2,57.05856,NA,9:17,NA,NA,NA,NA,Benzalkonium and mercuric,8:56,9:11,40°41.78,69°13.04,40°41.23,69°12.57,125,,32.89621481,2,7.302491057,2,308.32582,59.19469,,,,
101,Deep,RSA_101A,20210506,40°35.80',69°17.74',40°35.81',69°17.71',30.4,55.59552,10:09,10:09,10:10,10:13,10:14,NA,Benzalkonium and mercuric,NA,NA,NA,NA,NA,NA,NA,,32.98790126,2,7.517242,2,306.7255531,56.99459,,,,
101,Shallow,RSA_101B,20210506,40°35.80',69°17.74',40°35.81',69°17.71',30.4,55.59552,NA,10:09,NA,NA,NA,NA,Benzalkonium and mercuric,NA,NA,NA,NA,NA,NA,NA,,32.97982174,2,7.513339681,2,305.4726725,56.99459,,,,
105,Deep,RSA_105A,20210506,40°29.81',69°24.17',40°29.79',69°24.16',32.7,59.80176,11:07,11:08,11:09,11:12,11:14,D7,Benzalkonium and mercuric,NA,NA,NA,NA,NA,NA,NA,,32.94437723,2,7.422272,2,305.3953859,59.00658,,,,
105,Shallow,RSA_105B,20210506,40°29.81',69°24.17',40°29.79',69°24.16',32.7,59.80176,NA,11:08,NA,NA,NA,NA,Benzalkonium and mercuric,NA,NA,NA,NA,NA,NA,NA,,32.9561765,2,7.596151667,2,311.0403413,59.00658,,,,
106,Deep,RSA_106A,20210506,40°24.57',69°24.77',40°24.57',69°24.55',38.6,70.59168,12:05,12:05,12:06,12:08,12:09,D8,Benzalkonium and mercuric,11:43,11:58,40°25.55,69°24.19,40°24.64,69°24.49,12485,,33.03737953,2,7.564117,2,302.3817259,71.72189,,,,
106,Shallow,RSA_106B,20210506,40°24.57',69°24.77',40°24.57',69°24.55',38.6,70.59168,NA,12:05,NA,NA,NA,NA,Benzalkonium and mercuric,11:43,11:58,40°25.55,69°24.19,40°24.64,69°24.49,12485,,33.11496722,2,8.043777851,2,311.5266384,71.72189,,,,
109,Deep,RSA_109A,20210506,40°23.59',69°36.24',40°23.59',69°36.23',36.3,66.38544,13:16,13:16,13:17,13:19,13:20,D9,Benzalkonium and mercuric,13:24,13:40,40°23.54,69°36.60,40°23.48,69°38.30,19,,33.09812155,2,7.784729,2,297.5592272,68.02521,,,,
109,Shallow,RSA_109B,20210506,40°23.59',69°36.24',40°23.59',69°36.23',36.3,66.38544,NA,13:16,NA,NA,NA,NA,Benzalkonium and mercuric,13:24,13:40,40°23.54,69°36.60,40°23.48,69°38.30,19,,33.31845918,2,8.610546688,2,304.0525617,68.02521,,,,
110,Deep,RSA_110A,20210506,40°23.85',69°41.50',40°23.82',69°41.47',37.5,68.58,14:06,14:07,14:08,14:10,14:11,NA,Benzalkonium and mercuric,NA,NA,NA,NA,NA,NA,NA,,33.05324969,2,7.665314,2,296.0347605,70.24182,,,,
110,Shallow,RSA_110B,20210506,40°23.85',69°41.50',40°23.82',69°41.47',37.5,68.58,NA,14:07,NA,NA,NA,NA,Benzalkonium and mercuric,NA,NA,NA,NA,NA,NA,NA,,33.30408399,2,8.616290526,2,300.4283526,70.24182,,,,
108,Deep,RSA_108A,20210506,40°30.47',69°35.41',40°30.42',69°35.41',35.9,65.65392,15:07,15:07,15:08,15:11,15:12,NA,Benzalkonium and mercuric,NA,NA,NA,NA,NA,NA,NA,,33.00271343,2,7.565094,2,309.8953547,66.98218,,,,
108,Shallow,RSA_108B,20210506,40°30.47',69°35.41',40°30.42',69°35.41',35.9,65.65392,NA,15:07,NA,NA,NA,NA,Benzalkonium and mercuric,NA,NA,NA,NA,NA,NA,NA,,33.06701781,2,7.963108512,2,320.0600929,66.98218,,,,
107,Deep,RSA_107A,20210506,40°36.09',69°30.36',40°36.01',69°30.38',29.5,53.9496,16:02,16:02,16:03,16:06,16:07,NA,Benzalkonium and mercuric,NA,NA,NA,NA,NA,NA,NA,,32.96905417,2,7.637695,2,320.0236963,55.31548,,,,
107,Shallow,RSA_107B,20210506,40°36.09',69°30.36',40°36.01',69°30.38',29.5,53.9496,NA,16:02,NA,NA,NA,NA,Benzalkonium and mercuric,NA,NA,NA,NA,NA,NA,NA,,33.05402358,2,7.957247652,2,325.1411087,55.31548,,,,
111,Deep,RSA_111A,20210506,40°36.06',69°41.87',40°35.98',69°41.99',32.1,58.70448,NA,17:01,17:02,17:04,17:04,NA,Benzalkonium and mercuric,NA,NA,NA,NA,NA,NA,NA,CTD off,,-999,,-999,,,,,,
111,Shallow,RSA_111B,20210506,40°36.06',69°41.87',40°35.98',69°41.99',32.1,58.70448,NA,17:01,NA,NA,NA,NA,Benzalkonium and mercuric,NA,NA,NA,NA,NA,NA,NA,,,-999,,-999,,,,,,
112,Deep,RSA_112A,20210506,40°30.13',69°47.48',40°30.08',69°47.55',37.9,69.31152,17:47,17:47,17:48,17:49,17:50,NA,Mercuric,NA,NA,NA,NA,NA,NA,NA,,33.12729197,2,7.912689,2,299.6976474,70.99103,,,,
112,Shallow,RSA_112B,20210506,40°30.13',69°47.48',40°30.08',69°47.55',37.9,69.31152,NA,17:47,NA,NA,NA,NA,Mercuric,NA,NA,NA,NA,NA,NA,NA,,33.38142329,2,8.887781018,2,312.4593316,70.99103,,,,
113,Deep,RSA_113A,20210506,40°35.92',69°53.85',40°35.96',69°53.92',32.1,58.70448,18:37,18:37,18:38,18:40,18:40,NA,Mercuric,NA,NA,NA,NA,NA,NA,NA,,33.20264303,2,8.279144,2,303.8918899,60.57163,,,,
113,Shallow,RSA_113B,20210506,40°35.92',69°53.85',40°35.96',69°53.92',32.1,58.70448,NA,18:37,NA,NA,NA,NA,Mercuric,NA,NA,NA,NA,NA,NA,NA,,33.36874511,2,8.90600049,2,305.0727118,60.57163,,,,
114,Deep,RSA_114A,20210506,40°42.05',69°47.74',40°42.09',69°47.77',26.8,49.01184,19:31,19:32,19:33,19:34,19:35,NA,Mercuric,NA,NA,NA,NA,NA,NA,NA,CTD data didn't download,,-999,,-999,,,,,,
114,Shallow,RSA_114B,20210506,40°42.05',69°47.74',40°42.09',69°47.77',26.8,49.01184,NA,19:32,NA,NA,NA,NA,Mercuric,NA,NA,NA,NA,NA,NA,NA,,,-999,,-999,,,,,,