Station,Cast,Bottle_ID,Date,Latitude_degrees_start,Longitude_degrees_start,Latitude_degrees_end,Longitude_degrees_end,Depth_fathoms,Depth_meters,Time_CTD_on,Time_in,Time_bottom,Time_ascent,Time_out,Salinity bottle,Preservation,Tow_start_time,Tow_end_time,Tow_latitude_start,Tow_longitude_start,Tow_latitude_end,Tow_longitude_end,Tow_abundance,Notes,Depth_m_CTD,Salinity,Pres_Vol_ug,Salinity_FLAG,Temperature,Temperature_FLAG,Dissolved_oxygen,DIC,DIC_FLAG,TA,TA_FLAG
1,Surface,RSA_001A,20210502,41°42.01',69°47.78',41°41.90',69°47.85',24.3,44.4,NA,1:31,NA,NA,NA,NA,Mercuric,NA,NA,NA,NA,NA,NA,NA,,46.39418381,32.40640596,100,2,7.53583812,2,305.6243966,2039.9,2,2192,
1,Bottom,RSA_001B,20210502,41°42.01',69°47.78',41°41.90',69°47.85',24.3,44.4,1:31,1:31,1:33,1:39,1:43,NA,Mercuric,NA,NA,NA,NA,NA,NA,NA,,46.39418381,32.44675456,100,2,6.98634644,2,299.5486147,2034,2,2195.2,
2,Bottom,RSA_002A,20210502,41°36.09',69°41.99',41°36.10',69°41.89',19.7,36,2:48,2:49,2:50,2:53,2:55,NA,Mercuric,NA,NA,NA,NA,NA,NA,NA,,37.67806976,32.53606003,100,2,6.95853271,2,305.1544176,2043.1,2,2197.7,
2,Surface,RSA_002B,20210502,41°36.09',69°41.99',41°36.10',69°41.89',19.7,36,NA,2:49,NA,NA,NA,NA,Mercuric,NA,NA,NA,NA,NA,NA,NA,Lots of headspace - around 2 inches,37.67806976,32.50378256,100,2,6.96279166,2,304.7432803,2047.7,2,2199,
3,Bottom,RSA_003A,20210502,41°36.22',69°30.26',41°36.28',69°30.24,41.4,75.7,3:53,3:54,3:55,3:58,4:00,NA,Mercuric,16:10,16:26,41°36.22,69°30.26,41°35.04,69°28.80,1306,,76.88881653,33.00339046,100,2,6.79247437,2,300.1318342,2074.2,2,2227.3,
3,Surface,RSA_003B,20210502,41°36.22',69°30.26',41°36.28',69°30.24,41.4,75.7,NA,3:54,NA,NA,NA,NA,Mercuric,16:10,16:26,41°36.22,69°30.26,41°35.04,69°28.80,1306,,76.88881653,32.8765091,100,2,7.23677177,2,312.8540059,2054,2,2221.9,
4,Bottom,RSA_004A,20210502,41°23.64',69°17.71',41°23.68',69°17.67',58.2,106.4,6:20,6:21,6:24,6:26,6:28,L2,Benzalkonium and mercuric,NA,NA,NA,NA,NA,NA,NA,Lots of headspace - around 1 inch,107.4057767,33.0367,250,2,6.71748657,2,297.9233758,2080.3,2,2225.3,
4,Surface,RSA_004B,20210502,41°23.64',69°17.71',41°23.68',69°17.67',58.2,106.4,NA,6:21,NA,NA,NA,NA,Benzalkonium and mercuric,NA,NA,NA,NA,NA,NA,NA,Lots of headspace - around 1 inch,107.4057767,33.07966635,250,2,7.1620402,2,306.0274443,2066.8,2,2227.9,
5,Bottom,RSA_005A,20210502,41°30.58',69°23.99',41°30.56',69°23.90',36.6,66.9,5:11,5:13,5:15,5:18,5:21,L1,Mercuric,NA,NA,NA,NA,NA,NA,NA,,67.87361115,32.9899,100,2,7.16627197,2,305.4302654,2065.8,2,2227.3,
5,Surface,RSA_005B,20210502,41°30.58',69°23.99',41°30.56',69°23.90',36.6,66.9,NA,5:13,NA,NA,NA,NA,Mercuric,NA,NA,NA,NA,NA,NA,NA,,67.87361115,32.95348425,100,2,7.39813517,2,312.0778819,2056.8,2,2225.3,
6,Bottom,RSA_006A,20210502,41°18.00,69°29.03',41°17.93',69°23.98',24,43.9,NA,7:21,7:22,7:25,7:26,NA,Benzalkonium and mercuric,NA,NA,NA,NA,NA,NA,NA,CTD off,43.9,32.7421,250,-999,NA,-999,,2048.1,2,2212.4,
6,Surface,RSA_006B,20210502,41°18.00,69°29.03',41°17.93',69°23.98',24,43.9,NA,7:21,NA,NA,NA,NA,Benzalkonium and mercuric,NA,NA,NA,NA,NA,NA,NA,,43.9,32.7208,250,-999,NA,-999,,2056.9,2,2209.7,
7,Bottom,RSA_007A,20210502,41°12.15',69°17.78',41°12.08',69°17.71',28.9,52.9,8:11,8:12,8:14,8:17,8:18,NA,Benzalkonium and mercuric,NA,NA,NA,NA,NA,NA,NA,,53.90016907,32.94017638,250,2,7.00753305,2,301.2388536,2073.5,2,2222.7,
7,Surface,RSA_007B,20210502,41°12.15',69°17.78',41°12.08',69°17.71',28.9,52.9,NA,8:12,NA,NA,NA,NA,Benzalkonium and mercuric,NA,NA,NA,NA,NA,NA,NA,,53.90016907,32.92982718,250,2,7.00104828,2,300.0632357,2076.8,2,2222.2,
8,Bottom,RSA_008A,20210502,41°06.12',69°12.10',41°06.04',69°12.01,32.3,59.1,9:05,9:05,9:06,9:09,9:10,L3,Benzalkonium and mercuric,NA,NA,NA,NA,NA,NA,NA,,58.72117584,32.8461,250,2,7.0377299,2,300.5646849,2066,2,2214.1,
8,Surface,RSA_008B,20210502,41°06.12',69°12.10',41°06.04',69°12.01,32.3,59.1,NA,9:05,NA,NA,NA,NA,Benzalkonium and mercuric,NA,NA,NA,NA,NA,NA,NA,,58.72117584,32.84135216,250,2,7.02982788,2,299.5012482,2071.6,2,2216.5,
9,Bottom,RSA_009A,20210502,41°07.97',68°59.85',41°07.88',68°59.73',53.4,97.7,10:11,10:12,10:14,10:17,10:19,L4,Benzalkonium and mercuric,NA,NA,NA,NA,NA,NA,NA,,98.5916745,33.0169,250,2,6.92109375,2,297.5819977,2075.9,2,2226.3,
9,Surface,RSA_009B,20210502,41°07.97',68°59.85',41°07.88',68°59.73',53.4,97.7,NA,10:12,NA,NA,NA,NA,Benzalkonium and mercuric,NA,NA,NA,NA,NA,NA,NA,,98.5916745,32.90780888,250,2,7.04477801,2,297.7872051,2072.7,2,2220.5,
10,Bottom,RSA_010A,20210502,40°59.84,69°05.27',40°59.67',69°05.28',40.8,74.6,11:14,11:14,11:15,11:18,11:20,NA,Benzalkonium and mercuric,NA,NA,NA,NA,NA,NA,NA,,75.77828186,32.89004139,250,2,7.04284058,2,299.8584057,2070.9,2,2218,
10,Surface,RSA_010B,20210502,40°59.84,69°05.27',40°59.67',69°05.28',40.8,74.6,NA,11:14,NA,NA,NA,NA,Benzalkonium and mercuric,NA,NA,NA,NA,NA,NA,NA,,75.77828186,32.88998025,250,2,7.0293808,2,299.1619673,2071.5,2,2215,
11,Bottom,RSA_011A,20210502,40°53.92',68°54.24',40°53.85',68°54.25',38.2,69.9,12:23,12:23,12:25,12:27,12:28,NA,Benzalkonium and mercuric,NA,NA,NA,NA,NA,NA,NA,,73.03740662,32.96263386,250,2,7.36880493,2,304.2640873,2068.1,2,2221.7,
11,Surface,RSA_011B,20210502,40°53.92',68°54.24',40°53.85',68°54.25',38.2,69.9,NA,12:23,NA,NA,NA,NA,Benzalkonium and mercuric,NA,NA,NA,NA,NA,NA,NA,,73.03740662,32.95864404,250,2,7.36874593,2,304.015727,2067.9,2,2218.4,
12,Bottom,RSA_012A,20210502,40°53.75',68°47.60',40°53.72',68°47.99',36.5,66.8,NA,13:07,NA,NA,NA,L5,Benzalkonium and mercuric,NA,NA,NA,NA,NA,NA,NA,CTD off,66.8,32.8668,250,999,NA,-999,999,2058.4,2,2222,
12,Surface,RSA_012B,20210502,40°53.75',68°47.60',40°53.72',68°47.99',36.5,66.8,NA,13:07,NA,NA,NA,NA,Benzalkonium and mercuric,NA,NA,NA,NA,NA,NA,NA,,66.8,32.8459,250,-999,NA,-999,-999,2059.2,2,2219.5,
13,Bottom,RSA_013A,20210502,40°53.79',68°42.18',40°53.78',68°42.12',34.3,62.7,13:36,13:38,13:39,13:41,13:42,NA,Benzalkonium and mercuric,13:48,14:03,40°54.16,68°42.42,40°55.00,68°43.36,0,Rocks,63.92988556,32.85328168,250,2,7.52862549,2,308.7198928,2052.6,2,2224.1,
13,Surface,RSA_013B,20210502,40°53.79',68°42.18',40°53.78',68°42.12',34.3,62.7,NA,13:38,NA,NA,NA,NA,Benzalkonium and mercuric,13:48,14:03,40°54.16,68°42.42,40°55.00,68°43.36,0,Rocks,63.92988556,32.85427603,250,2,7.54690726,2,308.2560425,2052.9,2,2223.9,
14,Bottom,RSA_014A,20210502,41°00.03',68°47.77',41°00.06,68°47.98',36.3,66.4,14:47,14:48,14:50,14:51,14:52,NA,Benzalkonium and mercuric,NA,NA,NA,NA,NA,NA,NA,,66.03125732,32.9017286,250,2,7.37963693,2,306.5771617,2066.7,2,2222.9,
14,Surface,RSA_014B,20210502,41°00.03',68°47.77',41°00.06,68°47.98',36.3,66.4,NA,14:48,NA,NA,NA,NA,Benzalkonium and mercuric,NA,NA,NA,NA,NA,NA,NA,,66.03125732,32.89419807,250,2,7.42815774,2,306.4457694,2062,2,2223.9,
15,Bottom,RSA_015A,20210502,41°06.17',68°41.99',41°06.32',68°42.01',32.2,58.9,15:40,15:40,15:41,15:47,15:47,L6,Benzalkonium and mercuric,NA,NA,NA,NA,NA,NA,NA,,59.02493256,32.9381,250,2,7.32071228,2,307.8286679,2053.8,2,2225.7,
15,Surface,RSA_015B,20210502,41°06.17',68°41.99',41°06.32',68°42.01',32.2,58.9,NA,15:40,NA,NA,NA,NA,Benzalkonium and mercuric,NA,NA,NA,NA,NA,NA,NA,,59.02493256,32.93491853,250,2,7.42574289,2,308.4443399,2056.9,2,2228,
16,Bottom,RSA_016A,20210502,41°12.08',68°47.56',41°12.23',68°47.55',40.8,74.6,NA,16:28,16:30,16:33,16:34,NA,Benzalkonium and mercuric,NA,NA,NA,NA,NA,NA,NA,CTD off,74.6,32.9734,250,-999,NA,-999,,2066.3,2,2227.7,
16,Surface,RSA_016B,20210502,41°12.08',68°47.56',41°12.23',68°47.55',40.8,74.6,NA,16:28,NA,NA,NA,NA,Benzalkonium and mercuric,NA,NA,NA,NA,NA,NA,NA,,74.6,32.9757,250,-999,NA,-999,,2073.2,2,2231.2,
17,Bottom,RSA_017A,20210502,41°12.16',68°42.26',41°12.22',68°42.20',35,64,17:02,17:03,17:05,17:08,17:09,L12,Benzalkonium and mercuric,17:12,17:27,41°12.30,68°42.16,41°12.27,68°40.26,53,,66.39179962,32.9656,250,2,7.21304321,2,305.4301965,2069.6,2,2226.6,
17,Surface,RSA_017B,20210502,41°12.16',68°42.26',41°12.22',68°42.20',35,64,NA,17:03,NA,NA,NA,NA,Benzalkonium and mercuric,17:12,17:27,41°12.30,68°42.16,41°12.27,68°40.26,53,,66.39179962,32.96185719,250,2,7.35696839,2,307.7960381,2069.8,2,2225.5,
18,Bottom,RSA_018A,20210502,41°12.04',68°35.71',41°12.17',NA,33,60.4,17:57,17:57,17:58,18:00,18:01,NA,Benzalkonium and mercuric,NA,NA,NA,NA,NA,NA,NA,,60.45032,32.96301969,250,2,7.42696533,2,310.2296073,2069.2,2,2224.6,
18,Surface,RSA_018B,20210502,41°12.04',68°35.71',41°12.17',NA,33,60.4,NA,17:57,NA,NA,NA,NA,Benzalkonium and mercuric,NA,NA,NA,NA,NA,NA,NA,,60.45032,32.95878835,250,2,7.46755219,2,309.8390143,2057.6,2,2224.5,
19,Bottom,RSA_019A,20210502,41°17.50',68°30.16',41°17.69',68°30.09',31.9,58.3,18:38,18:38,18:40,18:42,18:44,NA,Benzalkonium and mercuric,NA,NA,NA,NA,NA,NA,NA,,59.58232,33.01525933,250,2,7.42912598,2,308.768,2078.8,2,2225,
19,Surface,RSA_019B,20210502,41°17.50',68°30.16',41°17.69',68°30.09',31.9,58.3,NA,18:38,NA,NA,NA,NA,Benzalkonium and mercuric,NA,NA,NA,NA,NA,NA,NA,,59.58232,33.0061721,250,2,7.46601563,2,308.1073359,2078.8,2,2227.2,
20,Bottom,RSA_020A,20210502,41°21.06',68°41.78',41°21.12',68°41.76',51.2,93.6,19:49,19:49,19:50,19:52,19:53,L11,Benzalkonium and mercuric,NA,NA,NA,NA,NA,NA,NA,,94.73071,33.0042,250,2,7.00376587,2,303.8080718,2073.9,2,2229,
20,Surface,RSA_020B,20210502,41°21.06',68°41.78',41°21.12',68°41.76',51.2,93.6,NA,19:49,NA,NA,NA,NA,Benzalkonium and mercuric,NA,NA,NA,NA,NA,NA,NA,,94.73071,32.98890431,250,2,7.16027832,2,305.7195915,2079.4,2,2228,
21,Bottom,RSA_021A,20210502,41°21.16',68°35.29',41°21.21',68°35.12',41.4,75.7,20:23,20:23,20:25,20:27,20:28,L10,Benzalkonium and mercuric,20:31,20:47,41°21.39,68°34.50,41°21.68,68°33.03,24,Tow abundance edited from 23 -- we physically have 24 samples,77.64481,32.9862,250,2,7.10857544,2,304.7401471,2072,2,2225.7,
21,Surface,RSA_021B,20210502,41°21.16',68°35.29',41°21.21',68°35.12',41.4,75.7,NA,20:23,NA,NA,NA,NA,Benzalkonium and mercuric,20:31,20:47,41°21.39,68°34.50,41°21.68,68°33.03,24,,77.64481,32.98941472,250,2,7.26862335,2,306.0326473,2076.4,2,2224.2,
22,Bottom,RSA_022A,20210502,41°23.51',68°24.20',41°23.55',68°24.24',35.7,65.3,NA,21:29,21:30,21:35,21:37,NA,Benzalkonium and mercuric,NA,NA,NA,NA,NA,NA,NA,CTD off,65.3,32.989,250,-999,NA,-999,,2078.1,2,2225.9,
22,Surface,RSA_022B,20210502,41°23.51',68°24.20',41°23.55',68°24.24',35.7,65.3,NA,21:29,NA,NA,NA,NA,Benzalkonium and mercuric,NA,NA,NA,NA,NA,NA,NA,,65.3,33.0566,250,-999,NA,-999,,2066.4,2,2226.5,
23,Bottom,RSA_023A,20210502,41°30.02',68°29.85',41°30.12',68°29.71',52.2,95.5,22:32,22:32,22:35,22:37,22:40,NA,Mercuric,NA,NA,NA,NA,NA,NA,NA,,96.40216,33.03889679,100,2,7.22284953,2,299.8602469,2081.7,2,2229.7,
23,Surface,RSA_023B,20210502,41°30.02',68°29.85',41°30.12',68°29.71',52.2,95.5,NA,22:32,NA,NA,NA,NA,Mercuric,NA,NA,NA,NA,NA,NA,NA,,96.40216,33.0349358,100,2,7.29156901,2,304.8688846,2082,2,2229.5,
24,Bottom,RSA_024A,20210502,41°36.16',68°23.75',41°36.30',68°23.59',15,27.4,23:28,23:28,23:28,23:29,23:31,L18,Mercuric,NA,NA,NA,NA,NA,NA,NA,,27.53687,32.9299,100,2,7.71008301,2,304.7659502,2070,2,2224.6,
24,Surface,RSA_024B,20210502,41°36.16',68°23.75',41°36.30',68°23.59',15,27.4,NA,23:28,NA,NA,NA,NA,Mercuric,NA,NA,NA,NA,NA,NA,NA,,27.53687,32.9472,100,2,7.71810303,2,304.2670468,2062.5,2,2224.7,
25,Bottom,RSA_025A,20210503,41°47.04,68°11.30',41°47.05',68°11.00',40,73.2,1:03,1:04,1:05,1:07,1:08,L9,Mercuric,1:04,1:28,41°47.04,68°11.36,41°46.96,68°09.93,292,,74.68767,33.1154,100,2,7.18344727,2,292.3669427,2089.6,2,2232,
25,Surface,RSA_025B,20210503,41°47.04,68°11.30',41°47.05',68°11.00',40,73.2,NA,1:04,NA,NA,NA,NA,Mercuric,1:04,1:28,41°47.04,68°11.36,41°46.96,68°09.93,292,,74.68767,32.64776993,100,2,7.87506307,2,314.6860983,2040.5,2,2223.1,
26,Bottom,RSA_026A,20210503,41°47.04',68°00.19',41°47.12',68°00.05',22.9,41.9,2:20,2:20,2:21,2:23,2:23,NA,Mercuric,NA,NA,NA,NA,NA,NA,NA,,43.95594,33.01866127,100,2,7.60558472,2,299.8483633,2072.2,2,2230.3,
26,Surface,RSA_026B,20210503,41°47.04',68°00.19',41°47.12',68°00.05',22.9,41.9,NA,2:20,NA,NA,NA,NA,Mercuric,NA,NA,NA,NA,NA,NA,NA,,43.95594,32.98087599,100,2,7.61656189,2,299.9221564,2076.1,2,2229.2,
27,Bottom,RSA_027A,20210503,41°53.08',67°54.19',41°53.16',67°54.18',30.4,55.6,3:12,3:12,3:14,3:14,3:16,NA,Mercuric,NA,NA,NA,NA,NA,NA,NA,,55.95419,33.08368608,100,2,7.22502441,2,291.3312778,2091.3,2,2232.1,
27,Surface,RSA_027B,20210503,41°53.08',67°54.19',41°53.16',67°54.18',30.4,55.6,NA,3:12,NA,NA,NA,NA,Mercuric,NA,NA,NA,NA,NA,NA,NA,,55.95419,32.84940832,100,2,7.60107829,2,305.4625462,2069.3,2,2228.3,
28,Bottom,RSA_028A,20210503,42°00.67',67°29.72',42°00.76',67°29.72',24.9,45.5,5:27,5:27,5:28,5:31,5:32,NA,Benzalkonium and mercuric,6:00,6:15,42°03.93,67°26.05,42°04.98,67°25.22,2008,,43.69947,32.87575955,250,2,7.36372768,2,298.2713494,2071.9,2,2221.5,
28,Surface,RSA_028B,20210503,42°00.67',67°29.72',42°00.76',67°29.72',24.9,45.5,NA,5:27,NA,NA,NA,NA,Benzalkonium and mercuric,6:00,6:15,42°03.93,67°26.05,42°04.98,67°25.22,2008,,43.69947,32.87547402,250,2,7.36374563,2,297.4606225,2076.8,2,2214.2,
29,Bottom,RSA_029A,20210503,42°06.32',67°23.90',42°06.54',67°23.87',43.2,79,6:34,6:34,6:36,6:39,6:40,NA,Benzalkonium and mercuric,NA,NA,NA,NA,NA,NA,NA,,78.02595,32.95544725,250,2,7.10543701,2,293.2975351,2082,2,2225,
29,Surface,RSA_029B,20210503,42°06.32',67°23.90',42°06.54',67°23.87',43.2,79,NA,6:34,NA,NA,NA,NA,Benzalkonium and mercuric,NA,NA,NA,NA,NA,NA,NA,,78.02595,32.29490817,250,2,6.97355608,2,305.8541571,2048.7,2,2200.6,
30,Bottom,RSA_030A,20210503,42°06.02',67°11.74',42°06.07',67°11.67',29.9,54.7,NA,7:40,7:41,7:44,7:44,NA,Benzalkonium and mercuric,7:47,8:02,42°05.96,67°11.69,42°04.79,67°11.88,1498,CTD off,54.7,32.8184,250,-999,NA,-999,-999,2064.6,2,2208,
30,Surface,RSA_030B,20210503,42°06.02',67°11.74',42°06.07',67°11.67',29.9,54.7,NA,7:40,NA,NA,NA,NA,Benzalkonium and mercuric,7:47,8:02,42°05.96,67°11.69,42°04.79,67°11.88,1498,,54.7,32.462,250,-999,NA,-999,-999,2046.7,2,2200.5,
31,Bottom,RSA_031A,20210503,42°01.69',67°11.98',42°01.67',67°11.93',28.7,52.5,8:35,8:35,8:36,8:38,8:39,NA,Benzalkonium and mercuric,NA,NA,NA,NA,NA,NA,NA,,53.74686,32.80723943,250,2,7.3042511,2,299.4034672,2065.6,2,2212.7,
31,Surface,RSA_031B,20210503,42°01.69',67°11.98',42°01.67',67°11.93',28.7,52.5,NA,8:35,NA,NA,NA,NA,Benzalkonium and mercuric,NA,NA,NA,NA,NA,NA,NA,,53.74686,32.74610236,250,2,7.22736293,2,300.1402364,2062.4,2,2212.1,
32,Bottom,RSA_032A,20210503,41°53.24',67°23.87',41°53.18',67°23.72',30.3,55.4,10:04,10:05,10:07,10:10,10:11,NA,Benzalkonium and mercuric,NA,NA,NA,NA,NA,NA,NA,,57.08439,32.93001645,250,2,7.66953125,2,299.6767817,2071,2,2216.7,
32,Surface,RSA_032B,20210503,41°53.24',67°23.87',41°53.18',67°23.72',30.3,55.4,NA,10:05,NA,NA,NA,NA,Benzalkonium and mercuric,NA,NA,NA,NA,NA,NA,NA,,57.08439,32.91858373,250,2,7.6604126,2,300.4684391,2071.8,2,2217.3,
33,Bottom,RSA_033A,20210503,41°29.79',67°42.03',41°41.22',67°17.17',22.8,41.7,13:45,13:46,13:47,13:50,13:50,NA,Benzalkonium and mercuric,NA,NA,NA,NA,NA,NA,NA,,43.44986,32.95435135,250,2,7.8885498,2,303.2244773,2069.7,2,2221.3,
33,Surface,RSA_033B,20210503,41°29.79',67°42.03',41°41.22',67°17.17',22.8,41.7,NA,13:46,NA,NA,NA,NA,Benzalkonium and mercuric,NA,NA,NA,NA,NA,NA,NA,,43.44986,32.97711532,250,2,7.93447673,2,302.8683704,2070.8,2,2220,
34,Bottom,RSA_034A,20210503,41°35.76',67°30.71',41°35.65',67°30.72',17.8,32.6,12:42,12:42,12:43,12:45,12:46,L7,Benzalkonium and mercuric,NA,NA,NA,NA,NA,NA,NA,,35.26567,32.9114,250,2,7.95518188,2,300.6849418,2065.1,2,2215.4,
34,Surface,RSA_034B,20210503,41°35.76',67°30.71',41°35.65',67°30.72',17.8,32.6,NA,12:42,NA,NA,NA,NA,Benzalkonium and mercuric,NA,NA,NA,NA,NA,NA,NA,,35.26567,32.921809,250,2,7.9609891,2,300.0625864,2065.7,2,2218.5,
35,Bottom,RSA_035A,20210503,41°41.43',67°17.35',41°29.71',67°42.11',26.7,48.8,11:21,11:23,11:24,11:27,11:28,NA,Benzalkonium and mercuric,NA,NA,NA,NA,NA,NA,NA,,51.34352,32.92466875,250,2,7.80601196,2,302.7792769,2071.7,2,2227.5,
35,Surface,RSA_035B,20210503,41°41.43',67°17.35',41°29.71',67°42.11',26.7,48.8,NA,11:23,NA,NA,NA,NA,Benzalkonium and mercuric,NA,NA,NA,NA,NA,NA,NA,,51.34352,32.92081508,250,2,7.82158271,2,302.9604067,2063,2,2220.6,
36,Bottom,RSA_036A,20210503,41°30.19',67°06.07',41°30.26',67°06.13',30,54.9,17:14,17:14,17:15,17:16,17:17,NA,Mercuric,NA,NA,NA,NA,NA,NA,NA,,57.33202,32.92668085,100,2,7.67340088,2,321.6974619,2052.3,2,2226.9,
36,Surface,RSA_036B,20210503,41°30.19',67°06.07',41°30.26',67°06.13',30,54.9,NA,17:14,NA,NA,NA,NA,Mercuric,NA,NA,NA,NA,NA,NA,NA,,57.33202,32.98132293,100,2,7.87723796,2,322.7651111,2048.8,2,2227,
37,Bottom,RSA_037A,20210503,41°23.68',67°00.25',41°23.72',67°00.29',34,62.2,18:18,18:19,18:20,18:21,18:23,L24,Mercuric,18:25,18:40,41°23.70,67°00.31,41°22.71,67°01.32,0,All sand dollars,64.76473,32.8367,100,2,7.45343018,2,323.8155601,2054.5,2,2220.2,
37,Surface,RSA_037B,20210503,41°23.68',67°00.25',41°23.72',67°00.29',34,62.2,NA,18:19,NA,NA,NA,NA,Mercuric,18:25,18:40,41°23.70,67°00.31,41°22.71,67°01.32,0,All sand dollars,64.76473,32.74984821,100,2,7.76012234,2,318.8600187,2056.9,2,2220.5,
38,Bottom,RSA_038A,20210503,41°17.74',67°05.65',41°17.78',67°05.68',33,60.4,19:27,19:28,19:28,19:30,19:31,NA,Mercuric,NA,NA,NA,NA,NA,NA,NA,,62.26756,32.88727194,100,2,7.6248291,2,318.4038757,2050.3,2,2219.5,
38,Surface,RSA_038B,20210503,41°17.74',67°05.65',41°17.78',67°05.68',33,60.4,NA,19:28,NA,NA,NA,NA,Mercuric,NA,NA,NA,NA,NA,NA,NA,,62.26756,33.03912434,100,2,7.97030131,2,318.790029,2052.2,2,2219.8,
39,Bottom,RSA_039A,20210503,41°17.62',66°54.05',41°17.65',66°54.02',38,69.5,20:30,20:30,20:31,20:32,20:33,NA,Mercuric,NA,NA,NA,NA,NA,NA,NA,,70.85619,32.74003763,100,2,7.3640625,2,313.871674,2059.9,2,2215.6,
39,Surface,RSA_039B,20210503,41°17.62',66°54.05',41°17.65',66°54.02',38,69.5,NA,20:30,NA,NA,NA,NA,Mercuric,NA,NA,NA,NA,NA,NA,NA,,70.85619,32.6704,100,-999,7.18123779,2,311.8926137,2070.7,2,2208.5,
40,Bottom,RSA_040A,20210503,41°17.51',66°42.27',41°17.66',66°42.13',41.8,76.4,21:29,21:30,21:31,21:32,21:33,NA,Mercuric,21:34,21:50,41°17.66,66°42.13,41°18.77,66°40.91,140,Bags labelled 37,77.74607,32.84273021,100,2,6.88520508,2,296.5129057,2086.1,2,2219.2,
40,Surface,RSA_040B,20210503,41°17.51',66°42.27',41°17.66',66°42.13',41.8,76.4,NA,21:30,NA,NA,NA,NA,Mercuric,21:34,21:50,41°17.66,66°42.13,41°18.77,66°40.91,140,Bags labelled 37,77.74607,32.83768028,100,2,7.68135638,2,308.9715924,2072.3,2,2215,
41,Bottom,RSA_041A,20210503,41°23.47',66°35.67',41°23.51',66°35.59',46,84.1,22:32,22:33,22:34,22:35,22:37,NA,Mercuric,NA,NA,NA,NA,NA,NA,NA,,85.91049,32.81577528,100,2,7.00250244,2,300.7843608,2081.8,2,2215.4,
41,Surface,RSA_041B,20210503,41°23.47',66°35.67',41°23.51',66°35.59',46,84.1,NA,22:33,NA,NA,NA,NA,Mercuric,NA,NA,NA,NA,NA,NA,NA,,85.91049,32.73521712,100,2,7.67439401,2,308.4947759,2070.1,2,2214.9,
42,Bottom,RSA_042A,20210503,41°17.84',66°30.22',41°17.82',66°30.13',49.7,90.9,23:19,23:20,23:21,23:23,23:24,L23,Mercuric,NA,NA,NA,NA,NA,NA,NA,,92.56243,32.9726,100,2,6.87907715,2,288.8395249,2095,2,2227.8,
42,Surface,RSA_042B,20210503,41°17.84',66°30.22',41°17.82',66°30.13',49.7,90.9,NA,23:20,NA,NA,NA,NA,Mercuric,NA,NA,NA,NA,NA,NA,NA,,92.56243,33.05738399,100,2,7.64954768,2,308.0292359,2076.4,2,2219.9,
43,Bottom,RSA_043A,20210504,41°12.20',66°24.12',41°12.21',66°24.06',50.9,93.1,0:07,0:07,0:08,0:09,0:11,NA,Mercuric,NA,NA,NA,NA,NA,NA,NA,,94.56269,33.65038209,100,2,8.32463531,2,260.0839412,2108.6,2,2247.6,
43,Surface,RSA_240,20210504,41°12.20',66°24.12',41°12.21',66°24.06',50.9,93.1,NA,0:07,NA,NA,NA,NA,Mercuric,NA,NA,NA,NA,NA,NA,NA,,94.56269,32.86944802,100,2,7.67211507,2,302.161149,2075.3,2,2220.8,
44,Bottom,RSA_044A,20210504,41°11.97',66°34.99',41°11.93',66°35.00',48.7,89.1,1:06,1:06,1:09,1:09,1:10,L22,Mercuric,NA,NA,NA,NA,NA,NA,NA,,89.78135,32.9272,100,2,6.84338989,2,289.2014018,2092.6,2,2222.8,
44,Surface,RSA_044B,20210504,41°11.97',66°34.99',41°11.93',66°35.00',48.7,89.1,NA,1:06,NA,NA,NA,NA,Mercuric,NA,NA,NA,NA,NA,NA,NA,,89.78135,32.77654641,100,2,7.56269182,2,307.1733824,2069.9,2,2214.7,
45,Bottom,RSA_045A,20210504,41°12.01,66°47.45',41°11.96',66°47.46',38.7,70.8,2:11,2:11,2:12,2:13,2:14,NA,Mercuric,NA,NA,NA,NA,NA,NA,NA,,72.88882,32.68096635,100,2,6.88275146,2,303.1586443,2074.9,2,2214.5,
45,Surface,RSA_045B,20210504,41°12.01,66°47.45',41°11.96',66°47.46',38.7,70.8,NA,2:11,NA,NA,NA,NA,Mercuric,NA,NA,NA,NA,NA,NA,NA,,72.88882,32.64135059,100,2,7.4694692,2,307.21236,2072,2,2216.8,
46,Bottom,RSA_046A,20210504,41°06.92',66°41.96',41°05.87',66°41.99',42.6,77.9,3:00,3:00,3:01,3:02,3:04,NA,Mercuric,NA,NA,NA,NA,NA,NA,NA,,79.50774,32.95054347,100,2,6.78800659,2,284.9187555,2097.6,2,2225.4,
46,Surface,RSA_046B,20210504,41°06.92',66°41.96',41°05.87',66°41.99',42.6,77.9,NA,3:00,NA,NA,NA,NA,Mercuric,NA,NA,NA,NA,NA,NA,NA,,79.50774,32.68979264,100,2,7.49814941,2,306.3441152,2072.5,2,2215.4,
47,Bottom,RSA_047A,20210504,40°59.87',66°35.83',40°59.82',66°35.87',46.2,84.5,3:51,3:51,3:53,3:54,3:56,NA,Mercuric,NA,NA,NA,NA,NA,NA,NA,,86.45428,33.6681138,100,2,8.32669067,2,261.1788105,2098.1,2,2258.1,
47,Surface,RSA_047B,20210504,40°59.87',66°35.83',40°59.82',66°35.87',46.2,84.5,NA,3:51,NA,NA,NA,NA,Mercuric,NA,NA,NA,NA,NA,NA,NA,,86.45428,32.50529737,100,2,7.08571472,2,310.7761161,2053.9,2,2214.6,
48,Bottom,RSA_048A,20210504,40°59.90',66°47.99',40°59.90',66°48.09',41.5,75.9,4:53,4:54,4:55,4:58,4:59,NA,Benzalkonium and mercuric,NA,NA,NA,NA,NA,NA,NA,,77.56934,33.00147157,250,2,6.86265259,2,281.4673586,2103.8,2,2228.5,
48,Surface,RSA_048B,20210504,40°59.90',66°47.99',40°59.90',66°48.09',41.5,75.9,NA,4:54,NA,NA,NA,NA,Benzalkonium and mercuric,NA,NA,NA,NA,NA,NA,NA,,77.56934,32.87207088,250,2,7.42462658,2,303.5892923,2080.7,2,2218.2,
49,Bottom,RSA_049A,20210504,40°53.85',66°53.96',40°53.76',66°53.89',49.4,90.3,11:11,11:11,11:13,11:15,11:16,L13,Benzalkonium and mercuric,NA,NA,NA,NA,NA,NA,NA,Rain,91.71168,33.3029,250,2,7.41704712,2,269.3913299,2115.7,2,2243.8,
49,Surface,RSA_049B,20210504,40°53.85',66°53.96',40°53.76',66°53.89',49.4,90.3,NA,11:11,NA,NA,NA,NA,Benzalkonium and mercuric,NA,NA,NA,NA,NA,NA,NA,Rain,91.71168,32.73156779,250,2,7.34088745,2,306.4295597,2018.2,2,2195.4,
50,Bottom,RSA_050A,20210504,41°06.15',66°54.27',41°06.18',66°54.30',38.5,70.4,6:01,6:01,6:03,6:05,6:06,NA,Benzalkonium and mercuric,5:39,5:54,41°05.01,66°53.14,41°05.97,66°54.13,2972,Bags labelled 47,72.19479,32.68878911,250,2,6.81206055,2,300.9229864,2085.4,2,2217.7,
50,Surface,RSA_050B,20210504,41°06.15',66°54.27',41°06.18',66°54.30',38.5,70.4,NA,6:01,NA,NA,NA,NA,Benzalkonium and mercuric,5:39,5:54,41°05.01,66°53.14,41°05.97,66°54.13,2972,Bags labelled 47,72.19479,32.68365222,250,2,7.35200928,2,306.1025867,2075,2,2215.3,
51,Bottom,RSA_051A,20210504,41°12.14',67°00.52',41°12.21',67°00.68',36.6,66.9,6:59,6:59,7:00,7:04,7:05,NA,Benzalkonium and mercuric,NA,NA,NA,NA,NA,NA,NA,Light rain,68.59651,32.8554135,250,2,7.63497925,2,309.0478447,2060.7,2,2226.3,
51,Surface,RSA_051B,20210504,41°12.14',67°00.52',41°12.21',67°00.68',36.6,66.9,NA,6:59,NA,NA,NA,NA,Benzalkonium and mercuric,NA,NA,NA,NA,NA,NA,NA,Light rain,68.59651,32.89359735,250,2,7.69455795,2,309.6088226,2053.6,2,2222.9,
52,Bottom,RSA_052A,20210504,40°59.85',66°59.75',40°59.87',66°59.67',38.3,70,10:17,10:17,10:19,10:21,10:22,NA,Benzalkonium and mercuric,NA,NA,NA,NA,NA,NA,NA,Rain,72.02369,32.81059041,250,2,6.7480896,2,289.3755192,2096.7,2,2223.7,
52,Surface,RSA_052B,20210504,40°59.85',66°59.75',40°59.87',66°59.67',38.3,70,NA,10:17,NA,NA,NA,NA,Benzalkonium and mercuric,NA,NA,NA,NA,NA,NA,NA,Rain,72.02369,32.7442171,250,2,7.62062581,2,308.6483958,2041.7,2,2189.8,
53,Bottom,RSA_053A,20210504,40°47.50',67°00.10',40°47.44',67°00.10',53.8,98.4,12:07,12:07,12:08,12:12,12:13,NA,Benzalkonium and mercuric,NA,NA,NA,NA,NA,NA,NA,Rain,100.1508,34.00691685,250,2,9.11205444,2,248.5443274,2114.1,2,2276.9,
53,Surface,RSA_053B,20210504,40°47.50',67°00.10',40°47.44',67°00.10',53.8,98.4,NA,12:07,NA,NA,NA,NA,Benzalkonium and mercuric,NA,NA,NA,NA,NA,NA,NA,Rain,100.1508,32.81910093,250,2,7.84687413,2,304.8879393,2033.7,2,2181.3,
54,Bottom,RSA_054A,20210504,40°54.20',67°06.00',40°54.22',67°06.61',46,84.1,13:15,13:15,13:17,13:19,13:20,NA,Benzalkonium and mercuric,13:29,13:44,40°55.02,67°07.42,40°56.06,67°08.35,2312,Rain,85.59264,33.10873683,250,2,7.15102539,2,273.6890976,2108.7,2,2237,
54,Surface,RSA_054B,20210504,40°54.20',67°06.00',40°54.22',67°06.61',46,84.1,NA,13:15,NA,NA,NA,NA,Benzalkonium and mercuric,13:29,13:44,40°55.02,67°07.42,40°56.06,67°08.35,2312,Rain,85.59264,32.56226174,250,2,7.55691956,2,301.3034032,2069.5,2,2206.3,
55,Bottom,RSA_055A,20210504,41°06.13',67°05.33',41°06.06',67°05.23',35.4,64.7,9:18,9:19,9:21,9:25,9:27,NA,Benzalkonium and mercuric,NA,NA,NA,NA,NA,NA,NA,Rain,66.78201,32.63501492,250,2,6.84453735,2,302.9061875,2076,2,2217.3,
55,Surface,RSA_055B,20210504,41°06.13',67°05.33',41°06.06',67°05.23',35.4,64.7,NA,9:19,NA,NA,NA,NA,Benzalkonium and mercuric,NA,NA,NA,NA,NA,NA,NA,Rain,66.78201,32.60825841,250,2,7.43332781,2,307.2905815,2056.5,2,2199.9,
56,Bottom,RSA_056A,20210504,41°12.24',67°12.50',41°12.36',67°12.57',31.8,58.2,8:14,8:14,8:15,8:18,8:20,NA,Benzalkonium and mercuric,7:53,8:08,41°12.09,67°10.43,41°12.05,67°12.27,6,Mainly sand dollars,59.67392,32.77058838,250,2,7.55758057,2,313.1977471,2055.9,2,2224,
56,Surface,RSA_056B,20210504,41°12.24',67°12.50',41°12.36',67°12.57',31.8,58.2,NA,8:14,NA,NA,NA,NA,Benzalkonium and mercuric,7:53,8:08,41°12.09,67°10.43,41°12.05,67°12.27,6,Mainly sand dollars,59.67392,32.70945187,250,2,7.59872681,2,313.7368067,2056.7,2,2220.8,
57,Bottom,RSA_057A,20210504,41°00.25',67°12.42',41°00.25',67°12.52',39.9,73,14:25,14:26,14:27,14:33,14:34,NA,Benzalkonium and mercuric,NA,NA,NA,NA,NA,NA,NA,,74.61543,32.59434125,250,2,6.87102661,2,306.6981942,2055.2,2,2216.5,
57,Surface,RSA_057B,20210504,41°00.25',67°12.42',41°00.25',67°12.52',39.9,73,NA,14:26,NA,NA,NA,NA,Benzalkonium and mercuric,NA,NA,NA,NA,NA,NA,NA,,74.61543,32.43080529,250,2,7.59071433,2,311.2323621,2054.4,2,2202.4,999
58,Bottom,RSA_058A,20210504,40°47.05',67°12.16',40°47.40',67°12.05',51.4,94,23:02,23:02,23:03,23:05,23:06,L19,Mercuric,NA,NA,NA,NA,NA,NA,NA,,95.52681,33.315,100,2,7.48824201,2,265.2321,2117.9,2,2243.3,999
58,Surface,RSA_058B,20210504,40°47.05',67°12.16',40°47.40',67°12.05',51.4,94,NA,23:02,NA,NA,NA,NA,Mercuric,NA,NA,NA,NA,NA,NA,NA,,95.52681,32.63,100,2,7.6831958,2,303.7041408,2053.8,2,2215.8,999
59,Bottom,RSA_059A,20210504,40°42.04',67°17.56',40°42.04',67°17.52',52,95.1,23:53,23:53,23:54,23:55,23:56,L14,Mercuric,NA,NA,NA,NA,NA,NA,NA,,97.01632,34.3967,100,2,10.0800049,2,236.4022369,2137.4,2,2291.8,999
59,Surface,RSA_059B,20210504,40°42.04',67°17.56',40°42.04',67°17.52',52,95.1,NA,23:53,NA,NA,NA,NA,Mercuric,NA,NA,NA,NA,NA,NA,NA,,97.01632,32.52099483,100,2,8.53503495,2,320.0494756,2043.2,2,2211,999
60,Bottom,RSA_060A,20210504,40°53.68',67°17.78',NA,NA,45.5,83.2,20:09,20:09,20:11,20:13,20:14,NA,Mercuric,19:26,19:44,40°55.73,67°19.86,40°54.39,67°19.89,6475,Bags labelled 62,85.08312,33.32384569,100,2,7.54481812,2,267.5179,2114.5,2,2241.4,999
60,Surface,RSA_060B,20210504,40°53.68',67°17.78',NA,NA,45.5,83.2,NA,20:09,NA,NA,NA,NA,Mercuric,19:26,19:44,40°55.73,67°19.86,40°54.39,67°19.89,6475,Bags labelled 62,85.08312,32.5089385,100,2,7.85505737,2,307.1349527,2062.5,2,2202,999
61,Bottom,RSA_061A,20210504,41°05.89',67°17.58',41°05.91',67°17.65',33.1,60.5,15:21,15:21,15:22,15:24,15:25,NA,Mercuric,15:30,15:45,41°05.91,67°17.92,41°05.80,67°19.95,0,All sand dollars,62.02333,32.72807183,100,2,7.46427612,2,309.9009423,2057.7,2,2217.2,999
61,Surface,RSA_061B,20210504,41°05.89',67°17.58',41°05.91',67°17.65',33.1,60.5,NA,15:21,NA,NA,NA,NA,Mercuric,15:30,15:45,41°05.91,67°17.92,41°05.80,67°19.95,0,All sand dollars,62.02333,32.54809324,100,2,7.6267707,2,308.10672,2050.9,2,2209.8,999
62,Bottom,RSA_062A,20210504,41°00.10',67°23.92',40°59.78',67°23.32',38.2,69.9,18:44,18:45,18:45,18:47,18:48,NA,Mercuric,NA,NA,NA,NA,NA,NA,NA,,71.08583,32.57618146,100,2,6.93952026,2,308.2521771,2064.2,2,2210.5,999
62,Surface,RSA_062B,20210504,41°00.10',67°23.92',40°59.78',67°23.32',38.2,69.9,NA,18:45,NA,NA,NA,NA,Mercuric,NA,NA,NA,NA,NA,NA,NA,,71.08583,32.40225422,100,2,7.88798752,2,314.675752,2041.5,2,2202.1,999
63,Bottom,RSA_063A,20210504,40°47.82',67°24.31',40°47.78',67°24.25',48,87.8,22:02,22:02,22:03,22:05,22:06,NA,Mercuric,NA,NA,NA,NA,NA,NA,NA,,89.6314,33.87664197,100,2,8.83589478,2,251.2976703,2119.4,2,2273.1,
63,Surface,RSA_063B,20210504,40°47.82',67°24.31',40°47.78',67°24.25',48,87.8,NA,22:02,NA,NA,NA,NA,Mercuric,NA,NA,NA,NA,NA,NA,NA,,89.6314,32.55866019,100,2,8.15367432,2,317.0228333,2050,2,2212.9,
64,Bottom,RSA_064A,20210505,40°42.08',67°29.87',40°42.06',67°29.87',47.9,87.6,1:01,1:01,1:02,1:04,1:05,L15,Mercuric,NA,NA,NA,NA,NA,NA,NA,,89.97548,34.2395,100,2,9.67473145,2,238.6605065,2130.3,2,2286.4,
64,Surface,RSA_064B,20210505,40°42.08',67°29.87',40°42.06',67°29.87',47.9,87.6,NA,1:01,NA,NA,NA,NA,Mercuric,NA,NA,NA,NA,NA,NA,NA,,89.97548,32.45734949,100,2,7.99818604,2,307.0271357,2048.9,2,2211.8,
65,Bottom,RSA_065A,20210504,40°53.06',67°30.01',40°53.08',67°30.02',41.6,76.1,21:17,21:17,21:18,21:19,21:20,NA,Mercuric,NA,NA,NA,NA,NA,NA,NA,,72.56203,33.11678029,100,2,7.24367803,2,275.5266066,2103.4,2,2238,
65,Surface,RSA_065B,20210504,40°53.06',67°30.01',40°53.08',67°30.02',41.6,76.1,NA,21:17,NA,NA,NA,NA,Mercuric,NA,NA,NA,NA,NA,NA,NA,,72.56203,32.33322027,100,2,7.73899623,2,310.0028851,2051.2,2,2206.5,
66,Bottom,RSA_066A,20210504,41°00.07',67°30.12',41°00.08',67°30.11',35.9,65.7,17:57,17:57,17:58,17:59,18:01,NA,Mercuric,18:04,18:19,41°00.09,67°29.67,41°00.09,67°28.30,59,"Light rain, mainly sand dollars, bags labelled 61",67.31399,32.62320077,100,2,6.99905396,2,304.448797,2070.4,2,2218.3,
66,Surface,RSA_066B,20210504,41°00.07',67°30.12',41°00.08',67°30.11',35.9,65.7,NA,17:57,NA,NA,NA,NA,Mercuric,18:04,18:19,41°00.09,67°29.67,41°00.09,67°28.30,59,"Light rain, mainly sand dollars, bags labelled 61",67.31399,32.48202836,100,2,7.55127055,2,307.0260212,2059.3,2,2205.3,
67,Bottom,RSA_067A,20210504,41°06.06',67°29.65',41°06.10',67°29.74',31,56.7,16:34,16:34,16:35,16:36,16:37,NA,Mercuric,NA,NA,NA,NA,NA,NA,NA,Light rain,57.4551,32.75767321,100,2,7.58035889,2,308.5666173,2058.5,2,2222.5,
67,Surface,RSA_067B,20210504,41°06.06',67°29.65',41°06.10',67°29.74',31,56.7,NA,16:34,NA,NA,NA,NA,Mercuric,NA,NA,NA,NA,NA,NA,NA,Light rain,57.4551,32.5853,100,2,7.76781616,2,306.5085302,2055.1,2,2210.9,
68,Bottom,RSA_068A,20210504,41°00.07',67°35.65,41°00.10,67°38.70',35,64,17:25,17:26,17:26,17:28,17:29,NA,Mercuric,NA,NA,NA,NA,NA,NA,NA,Light rain,65.58011,32.69920885,100,2,7.22938232,2,302.6880493,2069.7,2,2222,
68,Surface,RSA_068B,20210504,41°00.07',67°35.65,41°00.10,67°38.70',35,64,NA,17:26,NA,NA,NA,NA,Mercuric,NA,NA,NA,NA,NA,NA,NA,Light rain,65.58011,32.50546095,100,2,7.4926355,2,303.59945,2060.1,2,2206,
69,Bottom,RSA_069A,20210505,40°47.44',67°35.50',40°47.42',67°35.51',41.6,76.1,1:55,1:55,1:56,1:57,1:59,NA,Mercuric,NA,NA,NA,NA,NA,NA,NA,,78.78655,33.25853596,100,2,7.53684692,2,270.299802,2102,2,2240.5,
69,Surface,RSA_069B,20210505,40°47.44',67°35.50',40°47.42',67°35.51',41.6,76.1,NA,1:55,NA,NA,NA,NA,Mercuric,NA,NA,NA,NA,NA,NA,NA,,78.78655,32.42482909,100,2,7.95936802,2,308.5102561,2047.7,2,2211.1,
70,Bottom,RSA_070A,20210505,40°47.51',67°42.15',40°47.31',67°42.18',37.7,68.9,2:32,2:32,2:35,2:35,2:36,NA,Mercuric,2:32,2:51,40°47.51,67°42.15,40°47.28,67°42.18,325,,70.96207,32.8420567,100,2,6.80091553,2,287.705616,2080.2,2,2225.7,
70,Surface,RSA_070B,20210505,40°47.51',67°42.15',40°47.31',67°42.18',37.7,68.9,NA,2:32,NA,NA,NA,NA,Mercuric,2:32,2:51,40°47.51,67°42.15,40°47.28,67°42.18,325,,70.96207,32.52936412,100,2,7.68930741,2,303.209,2058.8,2,2212.5,
71,Bottom,RSA_071A,20210505,40°41.94',67°42.07',40°41.90',67°42.06',41.6,76.1,3:21,3:21,3:23,3:25,3:26,NA,Mercuric,NA,NA,NA,NA,NA,NA,NA,,77.59865,32.91692769,100,2,6.90574341,2,283.72622,2083.8,,2228.2,
71,Surface,RSA_071B,20210505,40°41.94',67°42.07',40°41.90',67°42.06',41.6,76.1,NA,3:21,NA,NA,NA,NA,Mercuric,NA,NA,NA,NA,NA,NA,NA,,77.59865,32.30230654,100,2,7.95139404,2,312.6345422,2038.2,,2205.7,
72,Bottom,RSA_072A,20210505,40°35.97',67°47.50',40°35.93',67°47.52',46.6,85.2,4:49,4:50,4:51,4:52,4:54,NA,Benzalkonium and mercuric,NA,NA,NA,NA,NA,NA,NA,,87.0952,33.28234028,250,2,7.58662109,2,270.5083243,2096.3,,2253.7,
72,Surface,RSA_072B,20210505,40°35.97',67°47.50',40°35.93',67°47.52',46.6,85.2,NA,4:50,NA,NA,NA,NA,Benzalkonium and mercuric,NA,NA,NA,NA,NA,NA,NA,,87.0952,32.29758459,250,2,8.19380319,2,309.8289762,2034.4,,2206.1,
73,Bottom,RSA_073A,20210505,40°47.67',67°47.74',40°47.71',67°47.79',36.8,67.3,8:17,8:17,8:18,8:21,8:22,NA,Benzalkonium and mercuric,NA,NA,NA,NA,NA,NA,NA,,68.78495,32.71451581,250,2,6.85730868,2,295.9814155,2070.9,,2218.8,
73,Surface,RSA_073B,20210505,40°47.67',67°47.74',40°47.71',67°47.79',36.8,67.3,NA,8:17,NA,NA,NA,NA,Benzalkonium and mercuric,NA,NA,NA,NA,NA,NA,NA,,68.78495,32.49725627,250,2,7.46658351,2,308.092166,2048,,2207.8,
74,Bottom,RSA_074A,20210505,40°53.71',67°54.20',40°53.77',67°54.29',32.6,59.6,9:08,9:08,9:09,9:12,9:13,NA,Benzalkonium and mercuric,NA,NA,NA,NA,NA,NA,NA,,61.3717,32.82889688,250,2,7.61743556,2,299.1906428,2066.2,,2221,
74,Surface,RSA_074B,20210505,40°53.71',67°54.20',40°53.77',67°54.29',32.6,59.6,NA,9:08,NA,NA,NA,NA,Benzalkonium and mercuric,NA,NA,NA,NA,NA,NA,NA,,61.3717,32.73110506,250,2,7.86698783,2,300.6695592,2060,,2215.1,
75,Bottom,RSA_075A,20210505,40°47.46',68°00.01',40°47.28',68°00.02',37.5,68.6,11:07,11:07,11:08,11:11,11:12,NA,Benzalkonium and mercuric,NA,NA,NA,NA,NA,NA,NA,,70.57275,32.83728651,250,2,7.40865479,2,297.6388258,2070.5,,2225.8,
75,Surface,RSA_075B,20210505,40°47.46',68°00.01',40°47.28',68°00.02',37.5,68.6,NA,11:07,NA,NA,NA,NA,Benzalkonium and mercuric,NA,NA,NA,NA,NA,NA,NA,,70.57275,32.70773413,250,2,7.678759,2,298.9276706,2062.5,,2214.9,
76,Bottom,RSA_076A,20210505,40°35.90',67°54.03',40°35.87',67°54.05',47.9,87.6,5:26,5:26,5:28,5:30,5:31,L16,Benzalkonium and mercuric,5:39,5:54,40°35.89,67°54.85,40°36.01,67°56.48,79,,89.22034,33.5182,250,2,8.04718018,2,261.6622854,2104.5,,2253.1,
76,Surface,RSA_076B,20210505,40°35.90',67°54.03',40°35.87',67°54.05',47.9,87.6,NA,5:26,NA,NA,NA,NA,Benzalkonium and mercuric,5:39,5:54,40°35.89,67°54.85,40°36.01,67°56.48,79,,89.22034,32.3286677,250,2,8.10741672,2,313.8122429,2032.1,,2201.3,
77,Bottom,RSA_077A,20210505,40°36.08',68°00.05',40°36.07',68°00.10',50,91.4,6:21,6:21,6:22,6:25,6:26,NA,Benzalkonium and mercuric,NA,NA,NA,NA,NA,NA,NA,,92.75003,33.49717802,250,2,8.10759277,2,263.7739906,2100.9,,2254.1,
77,Surface,RSA_077B,20210505,40°36.08',68°00.05',40°36.07',68°00.10',50,91.4,NA,6:21,NA,NA,NA,NA,Benzalkonium and mercuric,NA,NA,NA,NA,NA,NA,NA,,92.75003,32.2979,250,2,8.08452637,2,311.8405152,2028.8,,2204.1,
78,Bottom,RSA_078A,20210505,40°41.80',67°54.36',40°41.86',67°54.40',43.9,80.3,7:19,7:19,7:21,7:24,7:25,NA,Benzalkonium and mercuric,NA,NA,NA,NA,NA,NA,NA,,81.37396,33.28352742,250,2,7.59550171,2,272.0535215,2095.6,,2242.4,
78,Surface,RSA_078B,20210505,40°41.80',67°54.36',40°41.86',67°54.40',43.9,80.3,NA,7:19,NA,NA,NA,NA,Benzalkonium and mercuric,NA,NA,NA,NA,NA,NA,NA,,81.37396,32.47894985,250,2,7.75631963,2,305.1628269,2045.5,,2205.9,
79,Bottom,RSA_079A,20210505,40°53.54',68°05.65',40°53.46',68°05.73',32,58.5,10:08,10:08,10:09,10:12,10:13,NA,Benzalkonium and mercuric,NA,NA,NA,NA,NA,NA,NA,,61.57066,32.9350409,250,2,8.13104858,2,298.707806,2057.2,,2230.5,-999
79,Surface,RSA_079B,20210505,40°53.54',68°05.65',40°53.46',68°05.73',32,58.5,NA,10:08,NA,NA,NA,NA,Benzalkonium and mercuric,NA,NA,NA,NA,NA,NA,NA,,61.57066,32.9169655,250,2,8.09702759,2,298.4386111,2058.5,,2231,-999
80,Bottom,RSA_080A,20210505,40°41.75',68°05.87',40°41.76',68°05.87',42.7,78.1,12:02,12:03,12:04,12:07,12:09,L17,Benzalkonium and mercuric,NA,NA,NA,NA,NA,NA,NA,,79.58556,32.912,250,2,7.30308838,2,291.3109858,2076.8,,2231.3,-999
80,Surface,RSA_080B,20210505,40°41.75',68°05.87',40°41.76',68°05.87',42.7,78.1,NA,12:03,NA,NA,NA,NA,Benzalkonium and mercuric,NA,NA,NA,NA,NA,NA,NA,,79.58556,32.46768794,250,2,7.83291355,2,306.204731,2041.4,,2212.4,-999
81,Bottom,RSA_081A,20210505,40°36.00',68°11.23',40°35.97',68°12.24',50.8,92.9,NA,13:00,13:01,13:03,13:05,L8,Benzalkonium and mercuric,NA,NA,NA,NA,NA,NA,NA,CTD off,92.9,33.5081,250,-999,NA,-999,,2100,,2256.3,-999
81,Surface,RSA_081B,20210505,40°36.00',68°11.23',40°35.97',68°12.24',50.8,92.9,NA,13:00,NA,NA,NA,NA,Benzalkonium and mercuric,NA,NA,NA,NA,NA,NA,NA,,92.9,32.7014,250,-999,NA,-999,,2055.9,,2218.6,-999
82,Bottom,RSA_082A,20210505,40°42.21,68°11.91',40°42.24',68°11.90',39.8,72.8,13:49,13:49,13:51,13:54,13:55,L20,Benzalkonium and mercuric,6:03,6:18,40°42.23,68°12.60,40°42.12,68°14.46,32,,74.76045,32.9299,250,2,7.46755981,2,293.8869842,2071.4,,2244.2,-999
82,Surface,RSA_082B,20210505,40°42.21,68°11.91',40°42.24',68°11.90',39.8,72.8,NA,13:49,NA,NA,NA,NA,Benzalkonium and mercuric,6:03,6:18,40°42.23,68°12.60,40°42.12,68°14.46,32,,74.76045,32.79383935,250,2,8.12141113,2,299.2419889,2053.4,,2219.6,-999
83,Bottom,RSA_083A,20210505,40°41.86',68°17.79',40°41.83',68°17.82',35.7,65.3,14:43,14:44,14:45,14:47,14:48,NA,Benzalkonium and mercuric,NA,NA,NA,NA,NA,NA,NA,,67.11761,32.90884508,250,2,7.62090454,2,298.5679009,2037,,2234.1,-999
83,Surface,RSA_083B,20210505,40°41.86',68°17.79',40°41.83',68°17.82',35.7,65.3,NA,14:44,NA,NA,NA,NA,Benzalkonium and mercuric,NA,NA,NA,NA,NA,NA,NA,,67.11761,32.9032,250,2,8.17983754,2,303.8712283,2035.8,,2224.5,-999
84,Bottom,RSA_084A,20210505,40°35.96',68°24.04',40°35.91',68°24.11',43.2,79,15:34,15:34,15:36,15:39,15:40,L21,Benzalkonium and mercuric,NA,NA,NA,NA,NA,NA,NA,,80.42122,33.0463,250,2,7.54157715,2,288.8720814,2078.7,,2234.2,-999
84,Surface,RSA_084B,20210505,40°35.96',68°24.04',40°35.91',68°24.11',43.2,79,NA,15:34,NA,NA,NA,NA,Benzalkonium and mercuric,NA,NA,NA,NA,NA,NA,NA,,80.42122,32.77106292,250,2,8.13554321,2,304.9584829,2056.7,,2219.2,-999
85,Bottom,RSA_085A,20210505,40°36.03',68°35.00',40°36.10',68°34.95',35.9,65.7,20:23,20:23,20:24,20:26,20:27,NA,Mercuric,NA,NA,NA,NA,NA,NA,NA,,67.19234,32.89689589,100,2,7.68737183,2,304.1545683,2058,,2228.9,
85,Surface,RSA_085B,20210505,40°36.03',68°35.00',40°36.10',68°34.95',35.9,65.7,NA,20:23,NA,NA,NA,NA,Mercuric,NA,NA,NA,NA,NA,NA,NA,,67.19234,32.80840206,100,2,8.19693832,2,316.9550125,2039.5,,2226.1,
86,Bottom,RSA_086A,20210505,40°30.14',68°29.90',40°30.04',68°29.97',48.8,89.2,16:26,16:26,16:27,16:29,16:30,NA,Mercuric,NA,NA,NA,NA,NA,NA,NA,,90.89623,33.88626673,100,2,9.02385254,2,253.8818814,2111.9,,2278,
86,Surface,RSA_086B,20210505,40°30.14',68°29.90',40°30.04',68°29.97',48.8,89.2,NA,16:26,NA,NA,NA,NA,Mercuric,NA,NA,NA,NA,NA,NA,NA,,90.89623,32.71164388,100,2,8.19057983,2,305.0561054,2052.5,,2221.8,
87,Bottom,RSA_234,20210505,40°23.50',68°35.59',40°23.51',68°35.56',49.1,89.8,17:19,17:20,17:21,17:22,17:24,D1,Mercuric,NA,NA,NA,NA,NA,NA,NA,,91.39427,34.0456,100,2,9.50950317,2,250.9812816,2113.7,,2277.6,
87,Surface,RSA_087B,20210505,40°23.50',68°35.59',40°23.51',68°35.56',49.1,89.8,NA,17:20,NA,NA,NA,NA,Mercuric,NA,NA,NA,NA,NA,NA,NA,,91.39427,32.63517357,100,2,8.23672587,2,306.808004,2047.1,,2221.8,
88,Bottom,RSA_088A,20210505,40°30.06',68°42.05',40°30.15',68°42.06',40,73.2,19:13,19:13,19:14,19:15,19:17,D2,Mercuric,19:19,19:37,40°30.00,68°42.05,40°31.53,68°40.54,88,,74.41311,33.0089,100,2,7.62132568,2,294.8890456,2074.8,,2237.9,
88,Surface,RSA_088B,20210505,40°30.06',68°42.05',40°30.15',68°42.06',40,73.2,NA,19:13,NA,NA,NA,NA,Mercuric,19:19,19:37,40°30.00,68°42.05,40°31.53,68°40.54,88,,74.41311,32.86575239,100,2,8.08653259,2,318.1513183,2028.2,,2234.9,
89,Bottom,RSA_089A,20210505,40°42.01',68°35.00',40°36.10',68°34.95',34.5,63.1,21:11,21:12,21:13,21:14,21:16,NA,Mercuric,NA,NA,NA,NA,NA,NA,NA,,63.20583,32.81230097,100,2,7.81204834,2,314.913202,2041.4,,2224.6,
89,Surface,RSA_089B,20210505,40°42.01',68°35.00',40°36.10',68°34.95',34.5,63.1,NA,21:12,NA,NA,NA,NA,Mercuric,NA,NA,NA,NA,NA,NA,NA,,63.20583,32.88180097,100,2,8.05110677,2,321.7030333,2030.7,,2227.5,
90,Bottom,RSA_090A,20210505,40°47.67',68°42.08',40°47.81',68°42.28',33.4,61.1,21:45,21:46,21:47,21:48,21:49,NA,Mercuric,NA,NA,NA,NA,NA,NA,NA,,61.91129,32.8192949,100,2,7.82734578,2,318.1678868,2036,,2226.6,
90,Surface,RSA_090B,20210505,40°47.67',68°42.08',40°47.81',68°42.28',33.4,61.1,NA,21:46,NA,NA,NA,NA,Mercuric,NA,NA,NA,NA,NA,NA,NA,,61.91129,32.81130684,100,2,7.86888428,2,319.9026943,2035.3,,2223.4,
91,Bottom,RSA_091A,20210505,40°47.59',68°47.59',40°47.61',68°47.58',36.1,66,22:18,22:18,22:19,22:20,22:21,NA,Mercuric,NA,NA,NA,NA,NA,NA,NA,,67.62432,32.81772681,100,2,7.70199585,2,315.7556808,2041,,2228.8,
91,Surface,RSA_091B,20210505,40°47.59',68°47.59',40°47.61',68°47.58',36.1,66,NA,22:18,NA,NA,NA,NA,Mercuric,NA,NA,NA,NA,NA,NA,NA,,67.62432,32.78527407,100,2,7.82814941,2,317.2253327,2037.1,,2226.2,
92,Bottom,RSA_092A,20210506,40°36.09',68°47.57',40°36.03',68°47.43',36,65.8,0:38,0:38,0:41,0:42,0:43,NA,Mercuric,NA,NA,NA,NA,NA,NA,NA,,67.32213,32.80678405,100,2,7.53734741,2,310.7506075,2053.8,,2226.4,
92,Surface,RSA_092B,20210506,40°36.09',68°47.57',40°36.03',68°47.43',36,65.8,NA,0:38,NA,NA,NA,NA,Mercuric,NA,NA,NA,NA,NA,NA,NA,,67.32213,32.76367541,100,2,7.9516394,2,321.2512,2029.8,,2218.9,
93,Bottom,RSA_093A,20210505,40°23.54',68°47.55',40°23.52',68°47.61',46.4,84.9,18:17,18:18,18:19,18:21,18:22,NA,Mercuric,NA,NA,NA,NA,NA,NA,NA,,86.50687,33.24067843,100,2,7.92980957,2,280.9184578,2084.8,,2246.2,
93,Surface,RSA_093B,20210505,40°23.54',68°47.55',40°23.52',68°47.61',46.4,84.9,NA,18:18,NA,NA,NA,NA,Mercuric,NA,NA,NA,NA,NA,NA,NA,,86.50687,32.89611356,100,2,8.13331095,2,317.2542551,2042.4,,2232.7,
94,Bottom,RSA_094A,20210506,40°23.63',68°59.97',40°23.53',68°59.93',45.1,82.5,2:22,2:23,2:24,2:26,2:27,NA,Mercuric,NA,NA,NA,NA,NA,NA,NA,,84.6853,33.04403441,100,2,7.63187256,2,288.2568465,2074.8,,2241.1,
94,Surface,RSA_094B,20210506,40°23.63',68°59.97',40°23.53',68°59.93',45.1,82.5,NA,2:23,NA,NA,NA,NA,Mercuric,NA,NA,NA,NA,NA,NA,NA,,84.6853,32.83065896,100,2,8.18744263,2,316.5423714,2039.5,,2224,
95,Bottom,RSA_095A,20210506,40°29.99',68°53.96',40°29.77',68°54.08',39.3,71.9,1:33,1:33,1:34,1:36,1:37,NA,Mercuric,NA,NA,NA,NA,NA,NA,NA,,73.71127,32.90009962,100,2,7.5934082,2,300.8743153,2059.7,,2234.2,
95,Surface,RSA_095B,20210506,40°29.99',68°53.96',40°29.77',68°54.08',39.3,71.9,NA,1:33,NA,NA,NA,NA,Mercuric,NA,NA,NA,NA,NA,NA,NA,,73.71127,32.84513035,100,2,8.08646118,2,316.0622957,2035.1,,2230.6,
96,Bottom,RSA_096A,20210505,40°42.15',68°53.98',40°42.11',68°53.91',36,65.8,23:48,23:49,23:50,23:51,23:52,NA,Mercuric,NA,NA,NA,NA,NA,NA,NA,,68.36497,32.87858819,100,2,7.59363403,2,315.0729743,2051.7,,2234.8,
96,Surface,RSA_096B,20210505,40°42.15',68°53.98',40°42.11',68°53.91',36,65.8,NA,23:49,NA,NA,NA,NA,Mercuric,NA,NA,NA,NA,NA,NA,NA,,68.36497,32.77925094,100,2,8.07717773,2,336.323356,2011.3,,2221.7,
97,Bottom,RSA_097A,20210505,40°47.50',68°53.82',40°47.66',68°53.84',34.3,62.7,22:54,22:55,22:56,22:58,22:58,D3,Mercuric,23:05,23:20,40°47.66,68°53.84,40°46.14,68°53.89,17,,65.75124,32.8549,100,2,7.62947998,2,317.3294602,2040.5,,2220.3,
97,Surface,RSA_097B,20210505,40°47.50',68°53.82',40°47.66',68°53.84',34.3,62.7,NA,22:55,NA,NA,NA,NA,Mercuric,23:05,23:20,40°47.66,68°53.84,40°46.14,68°53.89,17,,65.75124,32.74811551,100,2,7.73247811,2,322.1824051,2039.4,,2233.9,
98,Bottom,RSA_098A,20210506,40°47.58',69°05.54',40°47.55',69°05.53',35.9,65.7,7:00,7:00,7:02,7:05,7:06,NA,Benzalkonium and mercuric,NA,NA,NA,NA,NA,NA,NA,,66.73785,32.88618743,250,2,7.43977051,2,306.9779419,2064.4,,2219.4,
98,Surface,RSA_098B,20210506,40°47.58',69°05.54',40°47.55',69°05.53',35.9,65.7,NA,7:00,NA,NA,NA,NA,Benzalkonium and mercuric,NA,NA,NA,NA,NA,NA,NA,,66.73785,32.87774697,250,2,7.40685832,2,306.4367306,2062.3,,2217.5,
99,Bottom,RSA_099A,20210506,40°41.20',69°12.64',40°41.22',69°12.62',31.2,57.1,9:17,9:17,9:18,9:21,9:21,D6,Benzalkonium and mercuric,8:56,9:11,40°41.78,69°13.04,40°41.23,69°12.57,125,,59.19469,32.8145,250,2,7.28869019,2,307.675372,2060.9,,2219.7,
99,Surface,RSA_099B,20210506,40°41.20',69°12.64',40°41.22',69°12.62',31.2,57.1,NA,9:17,NA,NA,NA,NA,Benzalkonium and mercuric,8:56,9:11,40°41.78,69°13.04,40°41.23,69°12.57,125,,59.19469,32.79598101,250,2,7.30566493,2,308.32582,2060.2,,2219.6,
100,Bottom,RSA_100A,20210506,40°47.49',69°17.51',40°47.48',69°17.51',31.4,57.4,8:04,8:04,8:05,8:08,8:09,D5,Benzalkonium and mercuric,NA,NA,NA,NA,NA,NA,NA,,58.89424,32.9174,250,2,7.30593262,2,306.6316067,2059.7,,2229.2,
100,Surface,RSA_100B,20210506,40°47.49',69°17.51',40°47.48',69°17.51',31.4,57.4,NA,8:04,NA,NA,NA,NA,Benzalkonium and mercuric,NA,NA,NA,NA,NA,NA,NA,,58.89424,32.91948416,250,2,7.30204306,2,306.8802068,2058.8,,2227.1,
101,Bottom,RSA_101A,20210506,40°35.80',69°17.74',40°35.81',69°17.71',30.4,55.6,10:09,10:09,10:10,10:13,10:14,NA,Benzalkonium and mercuric,NA,NA,NA,NA,NA,NA,NA,,56.99459,32.8774616,250,2,7.51598339,2,306.7255531,2055.6,,2220.9,
101,Surface,RSA_101B,20210506,40°35.80',69°17.74',40°35.81',69°17.71',30.4,55.6,NA,10:09,NA,NA,NA,NA,Benzalkonium and mercuric,NA,NA,NA,NA,NA,NA,NA,,56.99459,32.85437443,250,2,7.51411194,2,305.4726725,2055.6,,2224.5,
102,Bottom,RSA_102A,20210506,40°36.24',69°05.68',40°36.21',69°05.70',39.9,73,5:34,5:35,5:36,5:37,5:38,NA,Benzalkonium and mercuric,NA,NA,NA,NA,NA,NA,NA,,74.53312,32.92490923,250,2,7.6029663,2,310.687889,2056.6,,2226.9,
102,Surface,RSA_235,20210506,40°36.24',69°05.68',40°36.21',69°05.70',39.9,73,NA,5:35,NA,NA,NA,NA,Benzalkonium and mercuric,NA,NA,NA,NA,NA,NA,NA,,74.53312,32.85987242,250,2,7.42962821,2,308.6148784,2058.2,,2222.9,
103,Bottom,RSA_103A,20210506,40°30.08',69°05.57',40°30.06',69°05.57',42,76.8,4:29,4:29,4:30,4:32,4:33,D4,Mercuric,4:37,4:52,40°30.34,69°05.57,40°31.49,69°05.62,45,,77.82825,32.9416,100,2,7.68993123,2,309.2000042,2051.1,,2230.7,
103,Surface,RSA_103B,20210506,40°30.08',69°05.57',40°30.06',69°05.57',42,76.8,NA,4:29,NA,NA,NA,NA,Mercuric,4:37,4:52,40°30.34,69°05.57,40°31.49,69°05.62,45,,77.82825,32.85531358,100,2,7.94591463,2,322.4810314,2028.3,,2224.6,
104,Bottom,RSA_104A,20210506,40°23.57',69°12.03',40°23.52',69°12.08',44.1,80.7,3:25,3:26,3:27,3:28,3:29,NA,Mercuric,NA,NA,NA,NA,NA,NA,NA,,82.16543,33.14530314,100,2,7.71454468,2,283.364224,2077.4,,2243.8,
104,Surface,RSA_104B,20210506,40°23.57',69°12.03',40°23.52',69°12.08',44.1,80.7,NA,3:26,NA,NA,NA,NA,Mercuric,NA,NA,NA,NA,NA,NA,NA,,82.16543,32.85284957,100,2,8.27676514,2,316.2566389,2029.8,,2223.1,
105,Bottom,RSA_105A,20210506,40°29.81',69°24.17',40°29.79',69°24.16',32.7,59.8,11:07,11:08,11:09,11:12,11:14,D7,Benzalkonium and mercuric,NA,NA,NA,NA,NA,NA,NA,,59.00658,32.7982,250,2,7.42223511,2,305.3953859,2050.5,,2215.3,
105,Surface,RSA_105B,20210506,40°29.81',69°24.17',40°29.79',69°24.16',32.7,59.8,NA,11:08,NA,NA,NA,NA,Benzalkonium and mercuric,NA,NA,NA,NA,NA,NA,NA,,59.00658,32.72174817,250,2,7.5981454,2,311.0403413,2043,,2210.5,
106,Bottom,RSA_106A,20210506,40°24.57',69°24.77',40°24.57',69°24.55',38.6,70.6,12:05,12:05,12:06,12:08,12:09,D8,Benzalkonium and mercuric,11:43,11:58,40°25.55,69°24.19,40°24.64,69°24.49,12485,,71.72189,32.9513,250,2,7.56364746,2,302.3817259,2056.7,,2224.9,
106,Surface,RSA_106B,20210506,40°24.57',69°24.77',40°24.57',69°24.55',38.6,70.6,NA,12:05,NA,NA,NA,NA,Benzalkonium and mercuric,11:43,11:58,40°25.55,69°24.19,40°24.64,69°24.49,12485,,71.72189,32.83466983,250,2,8.02790894,2,311.5266384,2042,,2214.2,
107,Bottom,RSA_107A,20210506,40°36.09',69°30.36',40°36.01',69°30.38',29.5,53.9,16:02,16:02,16:03,16:06,16:07,NA,Benzalkonium and mercuric,NA,NA,NA,NA,NA,NA,NA,,55.31548,32.6939006,250,2,7.63554077,2,320.0236963,2039.6,,2211.8,
107,Surface,RSA_107B,20210506,40°36.09',69°30.36',40°36.01',69°30.38',29.5,53.9,NA,16:02,NA,NA,NA,NA,Benzalkonium and mercuric,NA,NA,NA,NA,NA,NA,NA,,55.31548,32.70429148,250,2,7.94743164,2,325.1411087,2033.5,,2210.1,
108,Bottom,RSA_108A,20210506,40°30.47',69°35.41',40°30.42',69°35.41',35.9,65.7,15:07,15:07,15:08,15:11,15:12,NA,Benzalkonium and mercuric,NA,NA,NA,NA,NA,NA,NA,,66.98218,32.87101048,250,2,7.56315714,2,309.8953547,2053.7,,2217.7,
108,Surface,RSA_108B,20210506,40°30.47',69°35.41',40°30.42',69°35.41',35.9,65.7,NA,15:07,NA,NA,NA,NA,Benzalkonium and mercuric,NA,NA,NA,NA,NA,NA,NA,,66.98218,32.74194131,250,2,7.96160889,2,320.0600929,2038.6,,2212.8,
109,Bottom,RSA_109A,20210506,40°23.59',69°36.24',40°23.59',69°36.23',36.3,66.4,13:16,13:16,13:17,13:19,13:20,D9,Benzalkonium and mercuric,13:24,13:40,40°23.54,69°36.60,40°23.48,69°38.30,19,,68.02521,32.9457,250,2,7.78372803,2,297.5592272,2047.5,,2214.9,
109,Surface,RSA_109B,20210506,40°23.59',69°36.24',40°23.59',69°36.23',36.3,66.4,NA,13:16,NA,NA,NA,NA,Benzalkonium and mercuric,13:24,13:40,40°23.54,69°36.60,40°23.48,69°38.30,19,,68.02521,32.92036772,250,2,8.62279022,2,304.0525617,2030.7,,2218.8,
110,Bottom,RSA_110A,20210506,40°23.85',69°41.50',40°23.82',69°41.47',37.5,68.6,14:06,14:07,14:08,14:10,14:11,NA,Benzalkonium and mercuric,NA,NA,NA,NA,NA,NA,NA,,70.24182,32.90720744,250,2,7.68759766,2,296.0347605,2052.7,,2217,
110,Surface,RSA_110B,20210506,40°23.85',69°41.50',40°23.82',69°41.47',37.5,68.6,NA,14:07,NA,NA,NA,NA,Benzalkonium and mercuric,NA,NA,NA,NA,NA,NA,NA,,70.24182,32.88762235,250,2,8.61573748,2,300.4283526,2040.6,,2213.6,
111,Bottom,RSA_111A,20210506,40°36.06',69°41.87',40°35.98',69°41.99',32.1,58.7,NA,17:01,17:02,17:04,17:04,NA,Benzalkonium and mercuric,NA,NA,NA,NA,NA,NA,NA,CTD off,58.7,33.0237,250,-999,NA,-999,,2051.2,,2225.4,
111,Surface,RSA_111B,20210506,40°36.06',69°41.87',40°35.98',69°41.99',32.1,58.7,NA,17:01,NA,NA,NA,NA,Benzalkonium and mercuric,NA,NA,NA,NA,NA,NA,NA,,58.7,32.775,250,-999,NA,-999,,2028.2,,2210.3,
112,Bottom,RSA_112A,20210506,40°30.13',69°47.48',40°30.08',69°47.55',37.9,69.3,17:47,17:47,17:48,17:49,17:50,NA,Mercuric,NA,NA,NA,NA,NA,NA,NA,,70.99103,32.94823991,100,2,7.91247559,2,299.6976474,1979.7,,2216.6,
112,Surface,RSA_112B,20210506,40°30.13',69°47.48',40°30.08',69°47.55',37.9,69.3,NA,17:47,NA,NA,NA,NA,Mercuric,NA,NA,NA,NA,NA,NA,NA,,70.99103,32.86363551,100,2,8.87411743,2,312.4593316,2038.9,,2211.7,
113,Bottom,RSA_113A,20210506,40°35.92',69°53.85',40°35.96',69°53.92',32.1,58.7,18:37,18:37,18:38,18:40,18:40,NA,Mercuric,NA,NA,NA,NA,NA,NA,NA,,60.57163,32.81506934,100,2,8.28354187,2,303.8918899,2041.5,,2202.5,
113,Surface,RSA_113B,20210506,40°35.92',69°53.85',40°35.96',69°53.92',32.1,58.7,NA,18:37,NA,NA,NA,NA,Mercuric,NA,NA,NA,NA,NA,NA,NA,,60.57163,32.79171777,100,2,8.86242676,2,305.0727118,2038.6,,2198.1,
114,Bottom,RSA_114A,20210506,40°42.05',69°47.74',40°42.09',69°47.77',26.8,49,19:31,19:32,19:33,19:34,19:35,NA,Mercuric,NA,NA,NA,NA,NA,NA,NA,CTD data didn't download,49,32.7195,100,-999,NA,-999,,2035.4,,2201.4,
114,Surface,RSA_114B,20210506,40°42.05',69°47.74',40°42.09',69°47.77',26.8,49,NA,19:32,NA,NA,NA,NA,Mercuric,NA,NA,NA,NA,NA,NA,NA,,49,32.6981,100,-999,NA,-999,,2027.4,,2208.3,