DateProcessed,ScallopID,ShellHt_mm,Sex,Mus_Boat1_g,Boat+WetMus_g,WetMus_g,Mus_Boat2_g,Boat+DryMus_g,DryMus_g,Gon_Boat1_g,Boat+WetGon_g,WetGon_g,Gon_Boat2_g,Boat+DryGon_g,DryGon_g,Man_Boat1_g,Boat+WetMan_g,WetMan_g,Man_Boat2_g,Boat+DryMan_g,DryMan_g,ShellWt_g,Notes
7/21/21,099_12,94,M,3.69,25.19,21.5,3.75,5.6,1.85,3.69,11.39,7.7,3.75,5.39,1.64,3.69,13.25,9.56,3.75,5.66,1.91,62.19,
7/21/21,021_23,150,F,3.69,59.95,56.26,3.75,12.41,8.66,3.69,21.32,17.63,3.75,6.35,2.6,3.69,26.15,22.46,3.75,6.1,2.35,209.4,
7/21/21,050_11,109,F,3.69,28.73,25.04,3.75,9.55,5.8,3.69,6.06,2.37,3.75,4.02,0.27,3.69,18.32,14.63,3.75,6.84,3.09,61.27,
7/21/21,099_16,138,F,3.69,68.71,65.02,3.75,19.25,15.5,3.69,23.98,20.29,3.75,6.66,2.91,3.69,29.45,25.76,3.75,5.21,1.46,117.32,
7/21/21,088_35,143,M,3.69,28.07,24.38,3.75,10.12,6.37,3.69,7.75,4.06,3.75,4.47,0.72,3.69,16.3,12.61,3.75,5.07,1.32,57.88,
7/21/21,088_01,138,M,3.69,50.86,47.17,3.75,14.66,10.91,3.69,13.3,9.61,3.75,4.56,0.81,3.69,35,31.31,3.75,4.21,0.46,149.85,
7/21/21,030_42,74,F,3.69,12.41,8.72,3.75,5.82,2.07,3.69,6.78,3.09,3.75,4.34,0.59,3.69,8.32,4.63,3.75,4.38,0.63,38.03,
7/21/21,030_41,110,F,3.69,37.7,34.01,3.75,12.43,8.68,3.69,19.67,15.98,3.75,6.86,3.11,3.69,24.03,20.34,3.75,5.56,1.81,125.59,
7/21/21,088_03,138,F,3.69,50.05,46.36,3.75,12.1,8.35,3.69,9.36,5.67,3.75,4.23,0.48,3.69,33.05,29.36,3.75,7.85,4.1,190.36,
7/21/21,017_26,126,M,3.69,38.16,34.47,3.75,10.15,6.4,3.69,8.42,4.73,3.75,4.47,0.72,3.69,23.31,19.62,3.75,6.03,2.28,143.53,
7/22/21,099_09,125,M,3.69,49.42,45.73,NA,NA,NA,3.69,17.22,13.53,3.75,6.38,2.63,3.69,30.4,26.71,3.75,6.64,2.89,116.31,Lost muscle to maggots
7/22/21,054_17,103,F,3.69,18.08,14.39,NA,NA,NA,3.69,6.22,2.53,3.75,4.14,0.39,3.69,12.83,9.14,3.75,4.74,0.99,50.8,Lost muscle to maggots
7/22/21,050_13,92,M,3.69,22.57,18.88,NA,NA,NA,3.69,6.53,2.84,3.75,4.19,0.44,3.69,14.91,11.22,3.75,5.16,1.41,39.17,Lost muscle to maggots
7/22/21,054_02,77,M,3.69,12.16,8.47,3.75,5.74,1.99,3.69,7,3.31,3.75,4.51,0.76,3.69,9.32,5.63,3.75,5.02,1.27,21.96,
7/22/21,017_01,117,M,3.69,41.93,38.24,NA,NA,NA,3.69,8.46,4.77,3.75,4.57,0.82,3.69,24.55,20.86,3.75,6.15,2.4,123.85,Lost muscle to maggots
7/22/21,017_02,129,F,3.69,38.38,34.69,NA,NA,NA,3.69,7.56,3.87,3.75,4.22,0.47,3.69,28.29,24.6,3.75,5.52,1.77,178.82,Lost muscle to maggots
7/22/21,028_44,120,F,3.69,48.06,44.37,3.75,15.11,11.36,3.69,23.23,19.54,3.75,7.5,3.75,3.69,27.23,23.54,3.75,6.36,2.61,138.34,
7/22/21,017_25,144,F,3.69,44.92,41.23,3.75,12.2,8.45,3.69,10.07,6.38,3.75,4.58,0.83,3.69,36.24,32.55,3.75,9.03,5.28,264.03,
7/22/21,017_03,125,M,3.69,45.47,41.78,3.75,11.35,7.6,3.69,11.23,7.54,3.75,4.83,1.08,3.69,25.67,21.98,3.75,5.78,2.03,194.84,
7/22/21,030_17,134,M,3.69,60.09,56.4,3.75,17.41,13.66,3.69,33.1,29.41,3.75,10.71,6.96,3.69,40.59,36.9,3.75,6.06,2.31,228.1,
7/22/21,028_41,93,F,3.69,19.79,16.1,3.75,7.51,3.76,3.69,12.25,8.56,3.75,5.24,1.49,3.69,12.94,9.25,3.75,4.63,0.88,47.97,
7/22/21,028_40,80,M,3.69,16.43,12.74,3.75,6.83,3.08,3.69,10.74,7.05,3.75,5.46,1.71,3.69,9.98,6.29,3.75,4.49,0.74,39.63,
7/22/21,017_28,113,F,3.69,34.39,30.7,3.75,10.96,7.21,3.69,6.42,2.73,3.75,4.01,0.26,3.69,20.72,17.03,3.75,6.07,2.32,115.53,
7/22/21,017_37,98,M,3.69,23.74,20.05,3.75,8.26,4.51,3.69,14.22,10.53,3.75,6.25,2.5,3.69,14.15,10.46,3.75,5.07,1.32,111.68,
7/22/21,040_11,90,F,3.69,20.05,16.36,3.75,7.94,4.19,3.69,11.69,8,3.75,5.43,1.68,3.69,8.62,4.93,3.75,4.87,1.12,40.89,
7/22/21,054_04,85,M,3.69,13.7,10.01,3.75,6.11,2.36,3.69,6.28,2.59,3.75,4.26,0.51,3.69,14.13,10.44,3.75,5.73,1.98,23.96,
7/22/21,088_37,112,M,3.69,36.22,32.53,3.75,11.85,8.1,3.69,9.7,6.01,3.75,4.88,1.13,3.69,21.05,17.36,3.75,6.56,2.81,93.59,
7/22/21,099_42,122,M,3.69,59.34,55.65,3.75,16,12.25,3.69,12.83,9.14,3.75,5.3,1.55,3.69,34.74,31.05,3.75,7.33,3.58,125.92,
7/22/21,088_19,111,M,3.69,35.43,31.74,3.75,11.52,7.77,3.69,9.92,6.23,3.75,4.41,0.66,3.69,21.5,17.81,3.75,6.1,2.35,103.36,
7/22/21,040_07,113,M,3.69,29.09,25.4,3.75,9.67,5.92,3.69,19.16,15.47,3.75,7.35,3.6,3.69,19.13,15.44,3.75,6.19,2.44,78.16,
7/22/21,030_15,112,M,3.69,37.92,34.23,3.75,12.36,8.61,3.69,22.08,18.39,3.75,8.31,4.56,3.69,23.34,19.65,3.75,5.42,1.67,169.02,
7/22/21,030_06,119,F,3.69,50.5,46.81,3.75,15.79,12.04,3.69,17.95,14.26,3.75,6.06,2.31,3.69,25.39,21.7,3.75,5.93,2.18,160.52,
7/23/21,030_23,123,F,3.69,52.3,48.61,3.75,13.75,10,3.69,38.42,34.73,3.75,9.57,5.82,3.69,27.19,23.5,3.75,5.74,1.99,171.47,
7/23/21,099_39,105,F,3.69,31.84,28.15,3.75,9.08,5.33,3.69,11.26,7.57,3.75,4.73,0.98,3.69,16.71,13.02,3.75,6.45,2.7,71.47,
7/23/21,099_29,102,M,3.69,34.6,30.91,3.75,10.41,6.66,3.69,12.55,8.86,3.75,5.07,1.32,3.69,18.78,15.09,3.75,5.11,1.36,67.06,
7/23/21,030_49,127,F,3.69,44.63,40.94,3.75,11.31,7.56,3.69,18.63,14.94,3.75,5.77,2.02,3.69,27.66,23.97,3.75,5.55,1.8,204.72,
7/23/21,054_19,92,F,3.69,16.87,13.18,3.75,6.24,2.49,3.69,10.13,6.44,3.75,4.76,1.01,3.69,10.44,6.75,3.75,4.46,0.71,34.6,
7/23/21,088_21,121,F,3.69,44.31,40.62,3.75,11.12,7.37,3.69,7.8,4.11,3.75,4.02,0.27,3.69,21.96,18.27,3.75,5.86,2.11,120.29,
7/23/21,088_36,113,M,3.69,32.64,28.95,3.75,8.95,5.2,3.69,7.91,4.22,3.75,4.03,0.28,3.69,15.97,12.28,3.75,5.21,1.46,74.54,
7/23/21,099_26,113,F,3.69,43.89,40.2,3.75,11.18,7.43,3.69,13.25,9.56,3.75,4.64,0.89,3.69,43.86,40.17,3.75,5.53,1.78,111.12,
7/26/21,088_04,137,F,1.29,51.07,49.78,,11.7,10.41,2.02,7.66,5.64,,2.67,0.65,2.05,30.03,27.98,,6.89,4.84,180.89,
7/26/21,030_21,110,M,2.03,32.34,30.31,,9.61,7.58,2.08,20.27,18.19,,6.49,4.41,2.02,21.96,19.94,,4.14,2.12,129.08,
7/26/21,028_43,83,M,2.07,14.99,12.92,,5.07,3,2.08,7.14,5.06,,3.3,1.22,2.08,9.21,7.13,,2.95,0.87,36.88,
7/26/21,109_14,97,M,2.05,19.22,17.17,,5.75,3.7,2.02,3.97,1.95,,2.35,0.33,2.06,12.74,10.68,,3.63,1.57,66.74,
7/26/21,088_49,106,F,2.06,30.88,28.82,,9.19,7.13,2.08,5.48,3.4,,2.46,0.38,2.04,17.11,15.07,,4.08,2.04,63.74,
7/26/21,088_02,130,M,2.06,42.96,40.9,,11.47,9.41,2.03,9.57,7.54,,2.92,0.89,2.04,27.91,25.87,,5.27,3.23,122.32,
7/26/21,109_06,100,M,2.07,23.03,20.96,,6.74,4.67,2.06,3.44,1.38,,2.25,0.19,2.08,11.53,9.45,,3.51,1.43,61.52,calcification on muscle
7/26/21,054_33,89,M,2.03,13.3,11.27,,4.53,2.5,2.04,3.12,1.08,,2.2,0.16,2.07,7.33,5.26,,2.78,0.71,27.71,
7/26/21,030_20,69,M,2.04,9.19,7.15,,3.63,1.59,2.05,6.82,4.77,,3.17,1.12,2.04,6.84,4.8,,2.56,0.52,31.89,
7/26/21,030_43,121,F,1.28,44.01,42.73,,11.28,10,1.98,32.37,30.39,,8.73,6.75,2.06,25.89,23.83,,4.7,2.64,187.1,
7/26/21,070_32,88,F,2.03,18.85,16.82,,5.7,3.67,2.03,3.93,1.9,,2.38,0.35,2.05,9.42,7.37,,3.78,1.73,40.12,
7/26/21,030_11,129,M,1.29,52.97,51.68,,13.53,12.24,2.01,24.86,22.85,,7.5,5.49,2.06,28.34,26.28,,5.15,3.09,193.95,
8/3/21,030_46,119,M,1.3,36.61,35.31,,10.22,8.92,1.29,19.88,18.59,,6.13,4.84,1.3,126.58,125.28,,3.68,2.38,165.86,
8/3/21,088_22,114,F,1.28,30.48,29.2,,8.43,7.15,0.79,4.03,3.24,,1.11,0.32,1.28,15.89,14.61,,3.24,1.96,105.97,
8/3/21,030_12,127,M,1.29,51.77,50.48,,17.07,15.78,1.28,25.66,24.38,,7.14,5.86,0.97,21.51,20.54,,3.27,2.3,189.03,
8/3/21,088_09,111,M,1.02,34.05,33.03,,9.12,8.1,1.01,10.47,9.46,,2.04,1.03,0.99,19.18,18.19,,2.98,1.99,74.53,
8/3/21,109_13,124,M,0.99,29.93,28.94,,7.47,6.48,0.99,8.77,7.78,,2.29,1.3,1.01,17.76,16.75,,2.77,1.76,132.88,
8/3/21,099_24,99,M,1,25.15,24.15,,7.35,6.35,1.01,6.15,5.14,,1.91,0.9,1.02,13.49,12.47,,3.42,2.4,51.73,
8/3/21,088_05,108,M,0.98,27.77,26.79,,7.17,6.19,1.02,7.6,6.58,,1.57,0.55,1.03,15.61,14.58,,3.22,2.19,94.28,
8/3/21,030_04,127,M,1.03,49.8,48.77,,13.88,12.85,1,25.05,24.05,,6.83,5.83,1,26.79,25.79,,3.45,2.45,176.84,
8/3/21,017_40,99,F,0.78,22.66,21.88,,5.27,4.49,0.81,7.98,7.17,,1.84,1.03,0.81,11.01,10.2,,2.22,1.41,105.67,
8/3/21,030_18_1,125,F,0.98,52.67,51.69,,16.45,15.47,1.02,18.17,17.15,,3.86,2.84,1,23.98,22.98,,3.59,2.59,172.29,
8/3/21,030_19_1,135,F,0.98,24.34,23.36,,15.06,14.08,1.01,21.28,20.27,,4.24,3.23,1.06,54.5,53.44,,4.58,3.52,228.49,very thick/worn shell
8/3/21,030_02,131,F,0.99,57.34,56.35,,19.66,18.67,0.99,21.66,20.67,,4.51,3.52,0.98,21.35,20.37,,3.21,2.23,214.7,
8/3/21,088_08,103,M,0.8,30.95,30.15,,7.72,6.92,0.81,7.96,7.15,,1.97,1.16,0.8,16.22,15.42,,2.5,1.7,69.18,
8/3/21,017_06,110,F,0.8,32.12,31.32,,7.02,6.22,0.81,14.5,13.69,,2.92,2.11,0.8,12.89,12.09,,2.22,1.42,103.91,
8/3/21,088_47,107,F,0.79,30.47,29.68,,7.98,7.19,0.79,5.64,4.85,,1.17,0.38,0.8,16.91,16.11,,2.83,2.03,88.9,
8/3/21,088_16,111,F,0.79,27.48,26.69,,6.74,5.95,0.79,6.9,6.11,,1.3,0.51,0.79,14.81,14.02,,3.04,2.25,81.01,
8/3/21,030_48,125,F,0.99,51.39,50.4,,19.05,18.06,0.99,29.27,28.28,,6.61,5.62,1.01,24.29,23.28,,3.78,2.77,197.6,
8/3/21,054_03,85,F,0.8,12.81,12.01,,3.2,2.4,0.79,2.91,2.12,,1.07,0.28,0.8,6.55,5.75,,1.58,0.78,31.04,
8/3/21,030_07,135,F,0.98,56.35,55.37,,15.05,14.07,0.99,28.23,27.24,,5.91,4.92,1,29.82,28.82,,5.78,4.78,296.58,very thick/worn shell
8/3/21,088_17,116,F,1,33.51,32.51,,8.97,7.97,0.99,7.78,6.79,,1.53,0.54,0.99,20.04,19.05,,2.99,2,95.29,
8/4/21,040_42,150,F,1.01,72.62,71.61,,19.21,18.2,1.01,35.76,34.75,,8.91,7.9,0.98,42.67,41.69,,7.23,6.25,232.01,
8/4/21,109_08,102,NA,0.79,20.9,20.11,,5.59,4.8,0.83,2.29,1.46,,0.97,0.14,0.82,15.05,14.23,,2.67,1.85,71.68,
8/4/21,030_32,103,M,0.98,32.61,31.63,,8.32,7.34,0.98,19.5,18.52,,5.8,4.82,0.97,17.18,16.21,,2.66,1.69,158.98,
8/4/21,109_07,113,M,0.81,25.56,24.75,,6.46,5.65,0.8,3.33,2.53,,0.97,0.17,0.8,16.82,16.02,,2.92,2.12,86.28,
,030_37,118,,,,0,,,0,,,0,,,0,,,0,,,0,203.4,
,088_28,104,,,,0,,,0,,,0,,,0,,,0,,,0,79.9,
,056_06,NA,,,,0,,,0,,,0,,,0,,,0,,,0,NA,
,088_32,110,,,,0,,,0,,,0,,,0,,,0,,,0,81.94,
,088_45,104,,,,0,,,0,,,0,,,0,,,0,,,0,74.9,
,030_33,104,,,,0,,,0,,,0,,,0,,,0,,,0,145.23,
,030_03,131,,,,0,,,0,,,0,,,0,,,0,,,0,185.78,
,030_28,117,,,,0,,,0,,,0,,,0,,,0,,,0,142.11,
,109_04,95,,,,0,,,0,,,0,,,0,,,0,,,0,57.15,
,030_18_2,123,,,,0,,,0,,,0,,,0,,,0,,,0,193.9,
,040_32,82,,,,0,,,0,,,0,,,0,,,0,,,0,23.75,
,106_25,99,,,,0,,,0,,,0,,,0,,,0,,,0,45.47,
,030_09,128,,,,0,,,0,,,0,,,0,,,0,,,0,165.67,
,030_08,124,,,,0,,,0,,,0,,,0,,,0,,,0,150.25,
,099_47,90,,,,0,,,0,,,0,,,0,,,0,,,0,41.52,
,088_18,114,,,,0,,,0,,,0,,,0,,,0,,,0,90.45,
,040_40,151,,,,0,,,0,,,0,,,0,,,0,,,0,207.25,
,040_04,114,,,,0,,,0,,,0,,,0,,,0,,,0,74.85,
,030_05,127,,,,0,,,0,,,0,,,0,,,0,,,0,196.54,
,088_44,115,,,,0,,,0,,,0,,,0,,,0,,,0,97.66,
,088_40,112,,,,0,,,0,,,0,,,0,,,0,,,0,73.43,
,088_24,126,,,,0,,,0,,,0,,,0,,,0,,,0,134.4,
,088_33,108,,,,0,,,0,,,0,,,0,,,0,,,0,80.36,
,040_44,165,,,,0,,,0,,,0,,,0,,,0,,,0,274.61,
,088_41,141,,,,0,,,0,,,0,,,0,,,0,,,0,188.51,
,088_25,107,,,,0,,,0,,,0,,,0,,,0,,,0,69.43,
,088_06,112,,,,0,,,0,,,0,,,0,,,0,,,0,91.54,
,030_14,113,,,,0,,,0,,,0,,,0,,,0,,,0,171.38,
,103_42,NA,,,,0,,,0,,,0,,,0,,,0,,,0,34.34,
,030_22,116,,,,0,,,0,,,0,,,0,,,0,,,0,147.34,
,030_13,130,,,,0,,,0,,,0,,,0,,,0,,,0,181.75,
,088_29,93,,,,0,,,0,,,0,,,0,,,0,,,0,58.62,
,088_15,129,,,,0,,,0,,,0,,,0,,,0,,,0,143.03,
,088_13,156,,,,0,,,0,,,0,,,0,,,0,,,0,193.05,
,088_27,102,,,,0,,,0,,,0,,,0,,,0,,,0,54.73,
,088_07,101,,,,0,,,0,,,0,,,0,,,0,,,0,69.2,
,030_16,117,,,,0,,,0,,,0,,,0,,,0,,,0,171.26,
,030_44,128,,,,0,,,0,,,0,,,0,,,0,,,0,177.93,
,030_27,81,,,,0,,,0,,,0,,,0,,,0,,,0,75.84,
,106_24,110,,,,0,,,0,,,0,,,0,,,0,,,0,70.45,
,030_34,125,,,,0,,,0,,,0,,,0,,,0,,,0,196.73,
,030_26,134,,,,0,,,0,,,0,,,0,,,0,,,0,211.13,
,030_38,110,,,,0,,,0,,,0,,,0,,,0,,,0,150.65,
,109_01,101,,,,0,,,0,,,0,,,0,,,0,,,0,79.64,
,040_37,143,,,,0,,,0,,,0,,,0,,,0,,,0,197.88,
,030_40,131,,,,0,,,0,,,0,,,0,,,0,,,0,216.36,
,109_03,105,,,,0,,,0,,,0,,,0,,,0,,,0,52.93,
,088_38,103,,,,0,,,0,,,0,,,0,,,0,,,0,80.74,
,109_10,109,,,,0,,,0,,,0,,,0,,,0,,,0,76.89,
,109_05,111,,,,0,,,0,,,0,,,0,,,0,,,0,88.07,
,054_05,81,,,,0,,,0,,,0,,,0,,,0,,,0,26.16,
,030_29,131,,,,0,,,0,,,0,,,0,,,0,,,0,179.65,
,030_30,121,,,,0,,,0,,,0,,,0,,,0,,,0,165.89,
,088_34,111,,,,0,,,0,,,0,,,0,,,0,,,0,74.21,
,030_24,137,,,,0,,,0,,,0,,,0,,,0,,,0,241.63,
,017_22,105,,,,0,,,0,,,0,,,0,,,0,,,0,109.33,
,109_18,119,,,,0,,,0,,,0,,,0,,,0,,,0,122.87,
,030_25,141,,,,0,,,0,,,0,,,0,,,0,,,0,243.22,
,066_49,121,,,,0,,,0,,,0,,,0,,,0,,,0,105.33,
,025_27,98,,,,0,,,0,,,0,,,0,,,0,,,0,NA,
,088_48,107,,,,0,,,0,,,0,,,0,,,0,,,0,85.17,
,088_20,109,,,,0,,,0,,,0,,,0,,,0,,,0,79.4,
,030_31,121,,,,0,,,0,,,0,,,0,,,0,,,0,149.79,
,054_07,85,,,,0,,,0,,,0,,,0,,,0,,,0,30.23,
,088_26,115,,,,0,,,0,,,0,,,0,,,0,,,0,92.52,
,056_01,113,,,,0,,,0,,,0,,,0,,,0,,,0,62.61,
,103_36,106,,,,0,,,0,,,0,,,0,,,0,,,0,75.46,
,109_17,99,,,,0,,,0,,,0,,,0,,,0,,,0,81.7,
,106_05,102,,,,0,,,0,,,0,,,0,,,0,,,0,53.57,
,088_12,113,,,,0,,,0,,,0,,,0,,,0,,,0,83.85,
,103_39,115,,,,0,,,0,,,0,,,0,,,0,,,0,81.1,
,088_42,125,,,,0,,,0,,,0,,,0,,,0,,,0,143.49,
,082_31,105,,,,0,,,0,,,0,,,0,,,0,,,0,88.3,
,082_32,95,,,,0,,,0,,,0,,,0,,,0,,,0,59.88,
,109_02,97,,,,0,,,0,,,0,,,0,,,0,,,0,45.79,
,103_35,115,,,,0,,,0,,,0,,,0,,,0,,,0,88.38,
,025_25,95,,,,0,,,0,,,0,,,0,,,0,,,0,34.96,
,106_02,96,,,,0,,,0,,,0,,,0,,,0,,,0,46.58,
,099_31,52,,,,0,,,0,,,0,,,0,,,0,,,0,9.63,
,106_11,90,,,,0,,,0,,,0,,,0,,,0,,,0,40.74,
,109_12,91,,,,0,,,0,,,0,,,0,,,0,,,0,41.46,
,021_15,149,,,,0,,,0,,,0,,,0,,,0,,,0,217.1,
,040_39,136,,,,0,,,0,,,0,,,0,,,0,,,0,148.54,
,099_25,127,,,,0,,,0,,,0,,,0,,,0,,,0,90.51,
,030_47,110,,,,0,,,0,,,0,,,0,,,0,,,0,129.11,
,109_15,96,,,,0,,,0,,,0,,,0,,,0,,,0,52.35,
,030_10,129,,,,0,,,0,,,0,,,0,,,0,,,0,195.68,
,025_45,146,,,,0,,,0,,,0,,,0,,,0,,,0,187.95,
,017_42,107,,,,0,,,0,,,0,,,0,,,0,,,0,101.12,
,106_41,97,,,,0,,,0,,,0,,,0,,,0,,,0,47.7,
,030_36,141,,,,0,,,0,,,0,,,0,,,0,,,0,267.47,
,030_50,120,,,,0,,,0,,,0,,,0,,,0,,,0,153.53,
,030_19_2,122,,,,0,,,0,,,0,,,0,,,0,,,0,155.63,
,030_39,92,,,,0,,,0,,,0,,,0,,,0,,,0,90.51,
,030_35,119,,,,0,,,0,,,0,,,0,,,0,,,0,171.24,
,103_05,115,,,,0,,,0,,,0,,,0,,,0,,,0,75.98,
,076_08,90,,,,0,,,0,,,0,,,0,,,0,,,0,36.26,
,099_40,110,,,,0,,,0,,,0,,,0,,,0,,,0,89.54,
,025_10,136,,,,0,,,0,,,0,,,0,,,0,,,0,153.32,
,088_31,119,,,,0,,,0,,,0,,,0,,,0,,,0,117.3,
,088_11,108,,,,0,,,0,,,0,,,0,,,0,,,0,92.95,
,103_12,NA,,,,0,,,0,,,0,,,0,,,0,,,0,85.26,
,109_16,102,,,,0,,,0,,,0,,,0,,,0,,,0,63.34,
,103_33,127,,,,0,,,0,,,0,,,0,,,0,,,0,94.49,
,106_49,108,,,,0,,,0,,,0,,,0,,,0,,,0,NA,
,103_23,116,,,,0,,,0,,,0,,,0,,,0,,,0,83.97,
,103_32,123,,,,0,,,0,,,0,,,0,,,0,,,0,104.25,
,109_11,121,,,,0,,,0,,,0,,,0,,,0,,,0,106.14,
,066_28,115,,,,0,,,0,,,0,,,0,,,0,,,0,67.26,
,060_13,110,,,,0,,,0,,,0,,,0,,,0,,,0,NA,
,103_27,118,,,,0,,,0,,,0,,,0,,,0,,,0,95.34,
,106_31,108,,,,0,,,0,,,0,,,0,,,0,,,0,46.72,
,103_09,125,,,,0,,,0,,,0,,,0,,,0,,,0,106.81,
,017_11,77,,,,0,,,0,,,0,,,0,,,0,,,0,37.63,
,060_46,131,,,,0,,,0,,,0,,,0,,,0,,,0,131.65,
,103_18,112,,,,0,,,0,,,0,,,0,,,0,,,0,72.38,
,103_03,109,,,,0,,,0,,,0,,,0,,,0,,,0,105.89,
,054_44,82,,,,0,,,0,,,0,,,0,,,0,,,0,26.33,
,025_46,102,,,,0,,,0,,,0,,,0,,,0,,,0,62.71,
,025_13,95,,,,0,,,0,,,0,,,0,,,0,,,0,46.67,
,025_43,93,,,,0,,,0,,,0,,,0,,,0,,,0,39.55,
,103_20,120,,,,0,,,0,,,0,,,0,,,0,,,0,73.65,
,103_07,128,,,,0,,,0,,,0,,,0,,,0,,,0,92.91,
,103_41,104,,,,0,,,0,,,0,,,0,,,0,,,0,43.64,
,103_01,110,,,,0,,,0,,,0,,,0,,,0,,,0,85.61,
,099_44,132,,,,0,,,0,,,0,,,0,,,0,,,0,150.54,
,025_29,115,,,,0,,,0,,,0,,,0,,,0,,,0,85.84,
,028_01,80,,,,0,,,0,,,0,,,0,,,0,,,0,43.33,
,103_29,118,,,,0,,,0,,,0,,,0,,,0,,,0,94.69,
,040_29,158,,,,0,,,0,,,0,,,0,,,0,,,0,214.15,
,025_03,103,,,,0,,,0,,,0,,,0,,,0,,,0,47.18,
,025_15,94,,,,0,,,0,,,0,,,0,,,0,,,0,39.5,
,106_23,104,,,,0,,,0,,,0,,,0,,,0,,,0,48.52,
,060_50,105,,,,0,,,0,,,0,,,0,,,0,,,0,55.86,
,076_38,92,,,,0,,,0,,,0,,,0,,,0,,,0,32.94,
,025_36,148,,,,0,,,0,,,0,,,0,,,0,,,0,243.8,
,025_02,142,,,,0,,,0,,,0,,,0,,,0,,,0,156.95,
,103_19,129,,,,0,,,0,,,0,,,0,,,0,,,0,101.3,
,076_33,95,,,,0,,,0,,,0,,,0,,,0,,,0,52.24,
,076_09,85,,,,0,,,0,,,0,,,0,,,0,,,0,30.12,
,060_14,75,,,,0,,,0,,,0,,,0,,,0,,,0,17.83,
,106_10,97,,,,0,,,0,,,0,,,0,,,0,,,0,44.3,
,076_23,86,,,,0,,,0,,,0,,,0,,,0,,,0,31.07,
,076_32,84,,,,0,,,0,,,0,,,0,,,0,,,0,30.6,
20210812,060_48,97,M,1.02,17.96,16.94,,4.76,3.74,0.97,3.35,2.38,,1.37,0.4,1.01,9.15,8.14,,2.15,1.14,43.49,
20210812,040_02,143,F,1,48.7,47.7,,12.26,11.26,0.98,14.71,13.73,,2.72,1.74,0.98,32.2,31.22,,4.28,3.3,176.97,previously site 37; now site 40
20210812,076_12,89,M,0.82,10.39,9.57,,2.93,2.11,0.8,5.79,4.99,,2.03,1.23,0.79,6.98,6.19,,1.54,0.75,35.72,
20210812,103_08,123,M,0.99,30.7,29.71,,7.85,6.86,0.97,4.79,3.82,,1.57,0.6,0.97,20.21,19.24,,3.43,2.46,86.21,
20210812,099_45,108,F,0.97,35.63,34.66,,9.9,8.93,0.98,7.92,6.94,,2.15,1.17,1,16.97,15.97,,2.87,1.87,74.51,
20210812,103_17,115,M,1.01,25.32,24.31,,6.6,5.59,1,12.55,11.55,,3.91,2.91,1.02,16.87,15.85,,2.88,1.86,81.75,
20210812,066_20,100,M,0.08,21.49,21.41,,5.12,5.04,0.8,3.81,3.01,,1.15,0.35,0.8,12.27,11.47,,2.25,1.45,66.19,
20210812,103_44,114,F,0.98,29.9,28.92,,7.62,6.64,1.03,9.19,8.16,,2.59,1.56,0.98,16.55,15.57,,2.84,1.86,70.59,
20210812,099_49,116,F,1.01,49.8,48.79,,13.63,12.62,1.1,9.52,8.42,,2.26,1.16,1.02,26.35,25.33,,4.14,3.12,111.46,
20210812,099_46,98,F,0.81,23.13,22.32,,6.33,5.52,0.81,8.69,7.88,,2.44,1.63,0.8,15.57,14.77,,2.42,1.62,71.65,
20210812,106_33,83,M,0.78,14.57,13.79,,3.98,3.2,0.79,3.26,2.47,,1.29,0.5,0.81,9.42,8.61,,1.88,1.07,34.2,
20210812,054_32,89,F,0.81,14.08,13.27,,3.86,3.05,0.81,7.45,6.64,,2.23,1.42,0.8,9.85,9.05,,1.82,1.02,38.96,
20210812,056_03,96,M,0.8,20.29,19.49,,5.47,4.67,0.82,3.54,2.72,,1.27,0.45,0.79,13.96,13.17,,2.34,1.55,44.52,
20210812,060_05,117,F,0.81,28.81,28,,7.43,6.62,0.81,3.28,2.47,,1.05,0.24,0.81,14.02,13.21,,3.69,2.88,65.54,
20210812,040_41,125,M,0.82,44.92,44.1,,11.01,10.19,0.8,24.4,23.6,,6.42,5.62,0.8,23.81,23.01,,3.37,2.57,122.97,
20210812,103_14,118,M,0.79,31.25,30.46,,7.47,6.68,0.81,7.14,6.33,,1.81,1,0.79,22.35,21.56,,2.84,2.05,NA,"shell chipped; shell damaged, no dry weight taken"
20210812,060_35,109,M,0.8,29.13,28.33,,7.95,7.15,0.79,6.64,5.85,,1.47,0.68,0.8,15.54,14.74,,2.57,1.77,70.07,
20210812,076_02,105,NA,NA,NA,NA,,NA,NA,NA,NA,NA,,NA,NA,NA,NA,NA,,NA,NA,116.06,"scallop consumed by crab, no tissue available (shell intact)"
20210812,028_06,88,F,0.82,15.3,14.48,,4.28,3.46,0.81,8.98,8.17,,2.64,1.83,0.8,8,7.2,,1.76,0.96,48.45,
20210812,040_35,104,F,0.81,26.01,25.2,,6.85,6.04,0.84,14.6,13.76,,3.83,2.99,0.81,14.59,13.78,,2.5,1.69,60.01,previously site 37; now site 40
20210812,076_25,84,M,0.8,11.29,10.49,,3.09,2.29,0.81,3.42,2.61,,1.35,0.54,0.81,6.31,5.5,,1.45,0.64,37.29,
20210812,103_13,106,F,1.02,21.17,20.15,,5.58,4.56,1.03,7.26,6.23,,2.1,1.07,1,15.39,14.39,,2.65,1.65,69.44,
20210812,076_01,133,NA,NA,NA,NA,,NA,NA,NA,NA,NA,,NA,NA,NA,NA,NA,,NA,NA,222.26,scallop was empty; shell intact
20210812,060_16,116,F,0.79,21.21,20.42,,5.57,4.78,0.79,2.7,1.91,,1.01,0.22,0.81,11.45,10.64,,2.43,1.62,55.68,
20210813,060_49,100,M,0.81,17.15,16.34,,4.71,3.9,0.81,2.38,1.57,,1.06,0.25,0.8,12.14,11.34,,2.21,1.41,48.56,
20210813,106_20,107,M,0.98,25.86,24.88,,7.15,6.17,1.02,4.4,3.38,,1.52,0.5,0.99,15.39,14.4,,2.69,1.7,52.3,
20210813,060_01,117,F,1.03,26.78,25.75,,7.14,6.11,0.98,8.12,7.14,,2.17,1.19,0.98,16.32,15.34,,2.71,1.73,83.31,
20210813,103_22,118,F,1,24.6,23.6,,6.12,5.12,0.98,7.11,6.13,,1.88,0.9,0.96,14.5,13.54,,2.46,1.5,75.4,extreme polychaetes
20210813,088_23,114,M,1.01,34.15,33.14,,9.18,8.17,1,11.03,10.03,,2.97,1.97,1.01,21.89,20.88,,3.67,2.66,92.66,
20210813,088_46,111,M,0.96,27.47,26.51,,7.61,6.65,0.99,8.65,7.66,,2.08,1.09,0.97,15.72,14.75,,2.67,1.7,86.86,
20210813,088_43,112,M,0.96,31.07,30.11,,8.13,7.17,1,6.31,5.31,,1.6,0.6,0.99,16.75,15.76,,2.81,1.82,97.4,
20210813,088_30,108,M,0.82,26.87,26.05,,7.38,6.56,0.81,4.18,3.37,,1.29,0.48,0.79,19.62,18.83,,3.18,2.39,80.71,hole in shell
20210813,030_01,124,F,1,43.45,42.45,,12.29,11.29,1,33.27,32.27,,8.95,7.95,0.99,25.97,24.98,,4.16,3.17,173.48,
20210813,025_26,97,M,0.78,24.78,24,,6.89,6.11,0.81,9.37,8.56,,3,2.19,0.8,12.21,11.41,,2.57,1.77,47.59,
20210813,099_41,137,M,1,69.43,68.43,,18.53,17.53,0.98,16.8,15.82,,3.37,2.39,0.99,36.04,35.05,,4.6,3.61,177.41,
20210813,103_16,96,M,0.79,18.94,18.15,,4.97,4.18,0.81,5.41,4.6,,1.71,0.9,0.8,14.33,13.53,,2.17,1.37,50.24,
20210813,088_39,111,F,1,31.28,30.28,,8.15,7.15,0.98,8.66,7.68,,1.8,0.82,0.96,17.03,16.07,,2.78,1.82,78.35,
20210813,103_02,132,F,0.81,32.95,32.14,,6.51,5.7,0.8,4.31,3.51,,1.34,0.54,0.8,20.75,19.95,,3.25,2.45,111.1,
20210813,106_15,95,M,0.96,14.25,13.29,,4.1,3.14,1.02,3.74,2.72,,1.24,0.22,1.02,12.94,11.92,,2.02,1,34.54,
20210813,025_08,NA,M,0.8,22.01,21.21,,6.73,5.93,0.78,10.11,9.33,,3.13,2.35,0.81,10.4,9.59,,2.14,1.33,NA,fractured shell; incomplete shell
20210813,106_38,83,F,0.8,12.38,11.58,,3.64,2.84,0.78,2.98,2.2,,1.01,0.23,0.8,9.12,8.32,,1.73,0.93,27.44,
20210813,054_50,131,F,1.01,39.29,38.28,,10.46,9.45,1.04,5.01,3.97,,1.47,0.43,1,20.36,19.36,,3.1,2.1,131.08,
20210813,099_17,87,M,0.81,15.26,14.45,,4.58,3.77,0.8,5.72,4.92,,1.88,1.08,0.8,10.03,9.23,,1.81,1.01,45.37,
20210813,025_48,158,M,0.97,59.7,58.73,,16.17,15.2,0.99,21.95,20.96,,6.18,5.19,0.98,31.84,30.86,,5.56,4.58,284.22,
20210813,088_14,120,M,1.01,34.65,33.64,,10.13,9.12,0.99,7.58,6.59,,2.03,1.04,1,18.89,17.89,,2.9,1.9,114.15,
20210813,103_34,114,F,0.8,27.62,26.82,,7.43,6.63,0.8,10.34,9.54,,2.2,1.4,0.8,19.85,19.05,,3.14,2.34,96.46,
20210813,103_26,114,F,1,29.38,28.38,,8.18,7.18,0.98,13.08,12.1,,3.1,2.12,0.96,16.82,15.86,,2.77,1.81,78.25,
20210813,088_50,101,F,1,23.7,22.7,,6.82,5.82,0.97,4.44,3.47,,1.28,0.31,0.97,15.17,14.2,,2.47,1.5,68.48,
20210813,070_41,88,M,0.79,14.58,13.79,,4.16,3.37,0.81,2.36,1.55,,1.02,0.21,0.81,8.63,7.82,,1.91,1.1,39.27,
20210813,025_23,93,F,0.79,23.91,23.12,,6.82,6.03,0.8,9.15,8.35,,2.32,1.52,0.8,9.12,8.32,,2.11,1.31,41.88,
20210813,109_19,111,F,1,29.16,28.16,,7.07,6.07,0.97,3.97,3,,1.26,0.29,0.96,16.64,15.68,,2.87,1.91,86.43,
20210813,025_24,85,M,0.81,17.59,16.78,,5.4,4.59,0.8,5.93,5.13,,2.11,1.31,0.81,6.81,6,,2.22,1.41,31,
20210813,040_31,143,F,0.98,56.19,55.21,,14.51,13.53,1.02,12.38,11.36,,2.22,1.2,0.97,37.39,36.42,,5.28,4.31,177.21,previously site 37; now site 40
20210813,099_21,125,M,0.98,39.97,38.99,,12.77,11.79,0.99,12.45,11.46,,3.32,2.33,0.98,18.85,17.87,,3.13,2.15,86.15,
20210813,050_19,109,M,0.8,24.71,23.91,,6.92,6.12,0.8,3.52,2.72,,1.14,0.34,0.79,16.33,15.54,,3.59,2.8,60.12,
20210813,025_07,100,F,0.79,24.97,24.18,,7.56,6.77,0.79,7.02,6.23,,2.06,1.27,0.79,13.74,12.95,,2.23,1.44,57.02,
20210813,106_19,113,M,0.99,32.02,31.03,,9.01,8.02,0.98,6.2,5.22,,1.69,0.71,0.98,21.6,20.62,,3.49,2.51,67.89,
20210813,050_22,110,F,0.99,27.97,26.98,,7.72,6.73,0.99,6.78,5.79,,1.69,0.7,1,19.13,18.13,,2.91,1.91,55.3,previously site 47; now site 50
20210813,099_35,94,M,0.78,21.31,20.53,,6.14,5.36,0.8,4.46,3.66,,1.49,0.69,0.83,10.51,9.68,,2.07,1.24,60.68,
20210813,025_50,159,F,1.03,65,63.97,,20.8,19.77,0.98,16.82,15.84,,3.8,2.82,1.03,30.62,29.59,,4.75,3.72,249.98,
20210813,066_29,114,M,0.81,25.26,24.45,,7.41,6.6,0.81,5.18,4.37,,1.58,0.77,0.8,17.27,16.47,,2.83,2.03,74.65,
20210813,056_05,NA,M,0.79,23.64,22.85,,6.04,5.25,0.82,3.05,2.23,,1.23,0.41,0.81,9.74,8.93,,2.14,1.33,NA,shell completly shattered
20210813,106_45,104,F,0.79,23.05,22.26,,6.61,5.82,0.79,3.27,2.48,,1.15,0.36,0.79,15.73,14.94,,2.94,2.15,52.42,
20210813,056_02,NA,F,0.8,29.67,28.87,,8.78,7.98,0.79,1.93,1.14,,1.01,0.22,0.8,9.93,9.13,,2.32,1.52,NA,shell completly shattered
20210813,056_04,NA,M,0.8,22.09,21.29,,6.6,5.8,0.82,3.78,2.96,,1.53,0.71,0.81,9.54,8.73,,2.93,2.12,NA,shell completly shattered
20210813,030_45,122,M,1.03,43.43,42.4,,11.85,10.82,0.98,23.53,22.55,,6.97,5.99,0.97,18.78,17.81,,3.02,2.05,164.6,
20210813,070_42,117,F,1,35.25,34.25,,9.55,8.55,1.02,4.39,3.37,,1.39,0.37,1.02,18.28,17.26,,3,1.98,84.5,
20210813,088_10,114,M,0.98,33.29,32.31,,9.72,8.74,0.99,5.77,4.78,,1.68,0.69,0.99,17.21,16.22,,3.17,2.18,101.81,
20210813,025_40,96,M,1,21.63,20.63,,6.41,5.41,1,6.33,5.33,,2.35,1.35,1,8.19,7.19,,2.15,1.15,38.98,
20210813,025_04,96,F,0.99,22.96,21.97,,7.04,6.05,0.99,10.73,9.74,,3.38,2.39,1,11.32,10.32,,2.76,1.76,45.71,
20210813,025_12,98,F,0.81,21.34,20.53,,6.51,5.7,0.79,7.81,7.02,,2.45,1.66,0.8,10.18,9.38,,2.44,1.64,53.4,
20210813,106_12,115,F,0.79,24.72,23.93,,6.83,6.04,0.8,3.51,2.71,,1.16,0.36,0.8,14.57,13.77,,2.45,1.65,58.84,
20210816,076_48,96,F,0.8,13.25,12.45,,3.76,2.96,0.8,6.92,6.12,,2.19,1.39,0.82,7.85,7.03,,1.68,0.86,52.11,
20210816,060_22,100,F,0.8,18.34,17.54,,5.22,4.42,0.8,2.25,1.45,,1,0.2,0.81,12.38,11.57,,2.82,2.01,48.04,
20210816,076_40,98,M,0.81,15.59,14.78,,4.49,3.68,0.79,3.48,2.69,,1.38,0.59,0.79,7.93,7.14,,1.83,1.04,39.99,
20210816,060_11,108,F,0.8,24.01,23.21,,6.83,6.03,0.8,4.01,3.21,,1.3,0.5,0.8,15.59,14.79,,2.74,1.94,62.12,
20210816,070_33,116,F,0.81,24.51,23.7,,6.69,5.88,0.83,4.95,4.12,,1.28,0.45,0.8,14.5,13.7,,2.53,1.73,62.64,
20210816,060_40,110,F,0.81,23.17,22.36,,6.44,5.63,0.8,3.29,2.49,,1.12,0.32,0.79,14.39,13.6,,2.85,2.06,68.91,
20210816,028_11,91,F,0.82,14.79,13.97,,4.53,3.71,0.81,8.73,7.92,,2.74,1.93,0.79,8.88,8.09,,2.21,1.42,40.38,
20210816,060_07,111,F,0.8,22.59,21.79,,6.07,5.27,0.79,4.46,3.67,,1.3,0.51,0.79,15.93,15.14,,2.69,1.9,76.59,
20210816,076_07,96,M,0.81,13.67,12.86,,3.66,2.85,0.8,8.44,7.64,,2.62,1.82,0.8,8.05,7.25,,1.59,0.79,49.05,
20210816,076_24,89,F,0.8,11.48,10.68,,3.29,2.49,0.8,3.92,3.12,,1.41,0.61,0.8,8.18,7.38,,1.91,1.11,30.94,
20210816,025_37,91,M,0.8,17,16.2,,5.59,4.79,0.8,4.48,3.68,,1.76,0.96,0.81,9.03,8.22,,2.59,1.78,32.11,
20210816,021_22,150,F,1,50.08,49.08,,12.15,11.15,1,19.04,18.04,,4.95,3.95,1,25.48,24.48,,4.73,3.73,182.29,
20210816,060_47,95,M,0.8,15.94,15.14,,4.68,3.88,0.79,1.93,1.14,,0.99,0.2,0.79,10.95,10.16,,2.72,1.93,41.84,
20210816,066_13,143,M,1.03,61.43,60.4,,17.31,16.28,1,9.54,8.54,,2.31,1.31,1,30.99,29.99,,4.76,3.76,154.15,
20210816,060_02,116,F,0.8,26.91,26.11,,8.34,7.54,0.8,6.02,5.22,,1.35,0.55,0.8,14.87,14.07,,2.57,1.77,70.05,
20210816,099_43,120,M,0.99,35.01,34.02,,11.99,11,0.99,11.63,10.64,,3.56,2.57,0.99,19,18.01,,3.25,2.26,93.53,
20210816,076_39,93,F,0.8,11.47,10.67,,3.17,2.37,0.81,6.82,6.01,,2.04,1.23,0.81,5.23,4.42,,1.41,0.6,37.27,
20210816,060_03,122,M,0.99,33.39,32.4,,11.26,10.27,1.01,3.25,2.24,,1.26,0.25,1.01,18.91,17.9,,3.79,2.78,85.95,
20210816,021_17,144,F,0.99,50.63,49.64,,12.27,11.28,0.98,21.51,20.53,,5.5,4.52,0.98,23.22,22.24,,4.05,3.07,147.58,
20210816,060_44,101,M,0.79,17.19,16.4,,4.81,4.02,0.8,3.4,2.6,,1.27,0.47,0.8,10.54,9.74,,2,1.2,54.18,
20210816,106_13,93,M,0.81,16.74,15.93,,4.86,4.05,0.81,2.1,1.29,,1.06,0.25,0.81,9.17,8.36,,2.44,1.63,35.93,
20210816,025_11,99,F,0.83,23.34,22.51,,6.89,6.06,0.8,10.48,9.68,,3.18,2.38,0.8,10.52,9.72,,2.25,1.45,40.19,
20210816,103_25,112,M,0.79,21.37,20.58,,5.56,4.77,0.81,7.67,6.86,,2.31,1.5,0.81,16.02,15.21,,3.05,2.24,72.3,
20210816,040_36,108,F,0.79,23.53,22.74,,6.53,5.74,0.8,6.54,5.74,,1.8,1,0.8,12.01,11.21,,2.23,1.43,91.67,
20210816,099_04,120,M,0.8,40.6,39.8,,11.66,10.86,0.78,13.02,12.24,,3.33,2.55,0.8,22.41,21.61,,4.21,3.41,109.53,
20210816,076_46,89,F,0.81,11.39,10.58,,3.14,2.33,0.79,6.03,5.24,,1.85,1.06,0.79,6.92,6.13,,1.63,0.84,37.23,
20210816,060_20,115,F,0.8,20.05,19.25,,5.73,4.93,0.79,3.11,2.32,,1.02,0.23,0.81,12.94,12.13,,2.12,1.31,53.08,
20210816,076_47,90,F,0.81,12.7,11.89,,3.55,2.74,0.82,6.05,5.23,,1.5,0.68,0.8,7.7,6.9,,1.55,0.75,39.43,
20210816,103_11,94,M,0.8,17.08,16.28,,4.64,3.84,0.81,3.21,2.4,,1.22,0.41,0.81,11.68,10.87,,2.78,1.97,59.81,
20210816,076_29,120,M,0.79,25.91,25.12,,5.66,4.87,0.8,7.63,6.83,,1.85,1.05,0.8,14.29,13.49,,2.4,1.6,214.55,
20210816,060_45,109,M,0.81,20.95,20.14,,5.46,4.65,0.81,5.62,4.81,,1.81,1,0.81,14.52,13.71,,4.17,3.36,63.25,
20210816,060_29,105,M,0.8,20.4,19.6,,5.57,4.77,0.81,4.27,3.46,,1.12,0.31,0.81,14.36,13.55,,2.14,1.33,56.75,
20210816,066_44,108,F,0.8,29.95,29.15,,7.86,7.06,0.78,5.77,4.99,,1.46,0.68,0.78,14.32,13.54,,2.49,1.71,75.71,
20210816,076_04,137,NA,NA,NA,NA,,NA,NA,NA,NA,NA,,NA,NA,NA,NA,NA,,NA,NA,246.24,empty shell
20210816,060_10,110,M,0.8,23.34,22.54,,6.3,5.5,0.79,2.96,2.17,,1.04,0.25,0.79,12.25,11.46,,2.36,1.57,62.88,
20210816,060_30,105,F,0.8,24.39,23.59,,6.68,5.88,0.8,3.06,2.26,,1.06,0.26,0.8,11.18,10.38,,2.26,1.46,58.58,
20210816,106_06,97,M,0.8,14.82,14.02,,3.99,3.19,0.78,3.52,2.74,,1.23,0.45,0.78,9.06,8.28,,2.17,1.39,39.19,
20210816,025_42,118,M,1.02,40.89,39.87,,13.28,12.26,0.98,16.79,15.81,,5.23,4.25,0.98,16.98,16,,3.81,2.83,86.66,
20210816,040_33,108,M,0.8,23.7,22.9,,6.25,5.45,0.79,13.78,12.99,,4.14,3.35,0.79,14.5,13.71,,3.25,2.46,65.17,
20210816,076_26,91,F,0.81,12.39,11.58,,3.44,2.63,0.79,6.76,5.97,,2.04,1.25,0.79,6.51,5.72,,1.64,0.85,32.76,
20210816,066_18,96,F,0.8,16.39,15.59,,4.33,3.53,0.8,2.01,1.21,,0.96,0.16,0.8,10.89,10.09,,2.15,1.35,47.8,
20210816,060_36,104,M,0.81,21.68,20.87,,5.78,4.97,0.81,3.95,3.14,,1.3,0.49,0.81,13.12,12.31,,2.27,1.46,60.05,
20210816,106_44,109,F,0.79,24.83,24.04,,6.3,5.51,0.79,2.94,2.15,,0.96,0.17,0.79,12.33,11.54,,2.03,1.24,44.71,
20210816,076_44,91,M,0.82,12.08,11.26,,3.31,2.49,0.79,3.8,3.01,,1.42,0.63,0.79,5.51,4.72,,1.42,0.63,36.21,
20210816,076_10,83,F,0.81,10,9.19,,2.77,1.96,0.81,4.57,3.76,,1.42,0.61,0.81,5.99,5.18,,1.39,0.58,30.12,
20210816,060_33,106,F,0.78,23.19,22.41,,6.37,5.59,0.81,2.32,1.51,,0.94,0.13,0.81,13.74,12.93,,2.57,1.76,61.75,
20210816,021_01,148,F,1.03,54.85,53.82,,12.11,11.08,0.98,18.46,17.48,,4.13,3.15,0.98,25.49,24.51,,4.2,3.22,215.3,
20210816,060_28,102,F,0.82,18.24,17.42,,5.03,4.21,0.8,2.19,1.39,,0.95,0.15,0.8,10.59,9.79,,1.91,1.11,50.39,
20210816,060_31,102,M,0.8,18.81,18.01,,5.29,4.49,0.8,3.47,2.67,,1.09,0.29,0.79,13.41,12.62,,2.49,1.7,46.18,
20210816,025_09,NA,F,1,27.85,26.85,,8.95,7.95,1.02,9.25,8.23,,2.91,1.89,0.97,10.07,9.1,,2.52,1.55,NA,shell substantially chipped
20210816,076_45,120,M,1.02,18.92,17.9,,4.13,3.11,1.02,7.52,6.5,,2.24,1.22,1,12.5,11.5,,2.42,1.42,142.74,
20210816,076_21,87,M,1.01,10.56,9.55,,3.3,2.29,0.96,3.35,2.39,,1.51,0.55,1,7.36,6.36,,2.26,1.26,24.83,
20210816,025_21,94,F,1.01,20.47,19.46,,6.23,5.22,0.99,7.91,6.92,,2.44,1.45,0.98,9.43,8.45,,2.21,1.23,38.22,
20210816,040_45,110,M,1.03,26.97,25.94,,7.55,6.52,1.02,14.34,13.32,,4.2,3.18,0.98,14.09,13.11,,2.58,1.6,68.57,
20210816,060_26,108,M,1.02,23.24,22.22,,6.19,5.17,1,4.38,3.38,,1.42,0.42,1.02,12.6,11.58,,2.51,1.49,61.41,
20210816,103_24,118,M,1.01,28.6,27.59,,7.27,6.26,1.01,9.99,8.98,,2.73,1.72,1,16.75,15.75,,2.77,1.77,70.22,extreme Polychaetes
20210816,025_39,139,F,1,59.22,58.22,,19.87,18.87,1.02,14.72,13.7,,3.63,2.61,0.99,22.41,21.42,,4.29,3.3,163.14,
20210816,025_32,100,M,0.99,22.98,21.99,,6.64,5.65,1.01,10.34,9.33,,3.55,2.54,0.99,10.28,9.29,,2.52,1.53,42.98,
20210816,076_22,119,F,0.97,19.81,18.84,,5.25,4.28,1.03,7.89,6.86,,2.28,1.25,0.99,13.64,12.65,,3.34,2.35,112.01,
20210816,076_50,122,F,1.01,20.01,19,,4.53,3.52,0.98,9,8.02,,2.52,1.54,1.03,12.24,11.21,,2.43,1.4,202.96,extreme polychaetes; calcified pockets?
20210816,025_22,164,M,0.99,72.13,71.14,,18.18,17.19,0.99,17.83,16.84,,4.75,3.76,1.01,43.14,42.13,,6.35,5.34,310.49,
20210816,060_38,92,M,1,14.54,13.54,,4.01,3.01,0.97,3.77,2.8,,1.3,0.33,0.98,7.72,6.74,,2.06,1.08,39.08,
20210816,076_37,96,M,0.98,13.52,12.54,,3.79,2.81,1.02,5.39,4.37,,2.04,1.02,1,8.63,7.63,,1.83,0.83,67.19,
20210816,103_04,118,F,0.99,25.83,24.84,,6.45,5.46,1.01,5.92,4.91,,1.67,0.66,1.02,15.6,14.58,,2.83,1.81,75.11,extreme polychaetes
20210816,076_34,104,F,0.98,20.53,19.55,,5.38,4.4,0.95,7.12,6.17,,1.98,1.03,1.04,9.41,8.37,,2.07,1.03,56.29,
20210816,025_14,102,M,1.01,23.41,22.4,,6.95,5.94,0.99,9.72,8.73,,3.27,2.28,0.99,9.25,8.26,,2.3,1.31,51.7,
20210816,076_35,93,F,0.98,12.85,11.87,,3.7,2.72,0.97,6.53,5.56,,2.14,1.17,1.01,6.67,5.66,,1.81,0.8,43.44,
20210816,103_37,125,F,1,36.05,35.05,,8.15,7.15,0.98,5.54,4.56,,1.58,0.6,1.01,22.56,21.55,,4.06,3.05,84.96,
20210816,076_43,87,M,0.98,10.72,9.74,,3.07,2.09,0.99,3.96,2.97,,1.61,0.62,1.02,5.34,4.32,,1.62,0.6,33.29,
20210816,025_19,98,M,0.98,21.28,20.3,,6.36,5.38,0.96,9.48,8.52,,3.12,2.16,1.01,12.1,11.09,,3.38,2.37,47.98,
20210816,076_49,86,F,0.98,11.42,10.44,,3.18,2.2,0.98,6.74,5.76,,2.16,1.18,0.95,5.97,5.02,,1.69,0.74,32.02,
20210816,060_15,109,F,0.99,22.98,21.99,,6.03,5.04,0.99,3.49,2.5,,1.28,0.29,1,11.56,10.56,,2.27,1.27,54.67,
20210817,106_42,105,M,0.97,24.5,23.53,,6.85,5.88,0.98,5.71,4.73,,1.41,0.43,0.99,15.43,14.44,,2.56,1.57,51.07,polychaetes
20210817,060_23,103,M,1.01,19.15,18.14,,5.85,4.84,0.96,2.33,1.37,,1.16,0.2,1.01,11.97,10.96,,2.34,1.33,58.92,
20210817,025_01,100,F,0.98,22.58,21.6,,7.24,6.26,1.02,9.32,8.3,,2.95,1.93,0.99,11.99,11,,2.9,1.91,43.07,
20210817,060_12,108,M,1.01,24.54,23.53,,7.83,6.82,1.03,2.91,1.88,,1.24,0.21,1.01,14.82,13.81,,3.13,2.12,73.29,
20210817,040_50,119,F,0.99,39.15,38.16,,12.41,11.42,0.99,8.47,7.48,,1.83,0.84,1.03,18.26,17.23,,3.2,2.17,85.34,
20210817,106_34,99,M,1.03,23.07,22.04,,8.34,7.31,1,2.62,1.62,,1.22,0.22,1.01,13.23,12.22,,2.42,1.41,43.11,polychaetes
20210817,025_20,104,M,0.99,24.46,23.47,,8.23,7.24,1,8.78,7.78,,3.02,2.02,1,14.88,13.88,,3.57,2.57,49.05,
20210817,106_48,98,M,1.01,23.72,22.71,,6.75,5.74,0.97,5.14,4.17,,1.67,0.7,0.98,12.22,11.24,,2.4,1.42,45.2,polychaetes
20210817,076_11,116,M,1.01,18.96,17.95,,4.73,3.72,1.01,7.8,6.79,,2.62,1.61,1.03,13.84,12.81,,2.66,1.63,125.97,
20210817,106_37,100,F,0.99,22.97,21.98,,6.62,5.63,1.03,3.23,2.2,,1.3,0.27,0.99,12.9,11.91,,2.58,1.59,45.3,
20210817,060_41,113,M,0.96,30.8,29.84,,9.59,8.63,1.02,4.47,3.45,,1.5,0.48,1.01,20.04,19.03,,4.51,3.5,71.44,
20210817,040_48,143,M,1.02,47.03,46.01,,13.73,12.71,0.97,33.24,32.27,,9.9,8.93,0.99,35,34.01,,5.25,4.26,198.93,
20210817,040_49,149,M,0.98,54.06,53.08,,12,11.02,0.99,31.32,30.33,,8.53,7.54,1.03,25.51,24.48,,3.89,2.86,198.62,
20210817,060_42,100,F,0.97,19.58,18.61,,5.79,4.82,0.99,3.11,2.12,,1.25,0.26,1.01,13.07,12.06,,2.51,1.5,49.62,
20210817,106_43,102,F,0.99,21.84,20.85,,6.61,5.62,0.99,3.37,2.38,,1.25,0.26,0.98,14,13.02,,2.33,1.35,44.82,
20210817,076_15,116,NA,NA,NA,NA,,NA,NA,NA,NA,NA,,NA,NA,NA,NA,NA,,NA,NA,145.74,empty shell
20210817,060_32,108,M,0.95,21.15,20.2,,6.06,5.11,0.99,2.7,1.71,,1.67,0.68,0.98,15.51,14.53,,3.54,2.56,55.1,
20210817,025_05,99,F,1.01,16.4,15.39,,4.92,3.91,1.03,4.47,3.44,,1.21,0.18,1.01,9.5,8.49,,2.08,1.07,41.18,
20210817,040_46,95,F,0.99,17.44,16.45,,4.85,3.86,0.98,7.5,6.52,,2.31,1.33,0.99,10.15,9.16,,1.96,0.97,35.03,
20210817,060_43,110,F,1.01,24.47,23.46,,6.65,5.64,1.03,3.1,2.07,,1.31,0.28,0.97,15.59,14.62,,3.22,2.25,67.52,
20210817,103_30,116,F,0.99,24.28,23.29,,6.33,5.34,0.98,7.95,6.97,,2.05,1.07,1.02,17.49,16.47,,2.88,1.86,93.02,extreme polychaetes
20210817,025_35,107,F,1.01,26.41,25.4,,7.3,6.29,0.99,11.46,10.47,,3.21,2.22,0.97,10.73,9.76,,2.5,1.53,58.01,
20210817,025_49,145,M,1.01,63.62,62.61,,19.12,18.11,1.03,14.8,13.77,,3.65,2.62,1,22.79,21.79,,3.69,2.69,181.55,polychaetes
20210817,070_21,115,M,1,28.02,27.02,,7.8,6.8,0.99,6.02,5.03,,1.74,0.75,0.97,16.77,15.8,,2.92,1.95,68.54,
20210817,028_02,85,F,0.79,14.06,13.27,,4.23,3.44,0.8,6.45,5.65,,2.02,1.22,0.8,7.41,6.61,,1.72,0.92,37.58,
20210817,025_06,94,M,0.79,21.52,20.73,,6.32,5.53,0.8,8.16,7.36,,2.74,1.94,0.79,7.62,6.83,,1.88,1.09,35.32,
20210817,028_03,82,M,0.79,13.14,12.35,,3.87,3.08,0.81,8.33,7.52,,2.78,1.97,0.8,6.42,5.62,,1.58,0.78,39.39,
20210817,103_40,91,M,0.81,14.62,13.81,,4.48,3.67,0.8,7.18,6.38,,2.41,1.61,0.78,9.81,9.03,,2.1,1.32,38.67,extreme polychaetes
20210817,060_04,106,F,0.8,22.94,22.14,,5.92,5.12,0.8,4.13,3.33,,1.14,0.34,0.8,11.2,10.4,,2.19,1.39,57.9,
20210817,025_16,102,F,0.8,25.37,24.57,,7.42,6.62,0.78,10.9,10.12,,3.07,2.29,0.81,11.51,10.7,,2.42,1.61,54.69,
20210817,066_31,115,M,0.98,26.11,25.13,,6.91,5.93,0.98,6.36,5.38,,1.9,0.92,0.96,15.6,14.64,,2.91,1.95,76.51,
20210817,060_24,101,M,0.82,21.25,20.43,,6.04,5.22,0.8,3.12,2.32,,1.17,0.37,0.79,9.46,8.67,,2.22,1.43,55.18,
20210817,076_27,86,F,0.79,11.14,10.35,,3.33,2.54,0.82,1.67,0.85,,0.95,0.13,0.81,5.88,5.07,,1.49,0.68,NA,chipped substantially
20210817,060_27,74,M,0.8,9.42,8.62,,2.9,2.1,0.82,4.56,3.74,,1.75,0.93,0.79,4.42,3.63,,1.42,0.63,21.76,
20210817,066_30,116,F,0.81,30.74,29.93,,8.59,7.78,0.81,6.01,5.2,,1.39,0.58,0.82,15.74,14.92,,2.78,1.96,82.66,
20210817,060_37,108,F,0.8,20.73,19.93,,5.24,4.44,0.79,4.65,3.86,,1.29,0.5,0.8,12.14,11.34,,2.19,1.39,59.81,
20210817,106_22,103,F,0.8,24.39,23.59,,7.23,6.43,0.79,3.04,2.25,,1.07,0.28,0.79,12.26,11.47,,2.53,1.74,50.59,polychaetes
20210817,076_28,90,M,0.79,11.17,10.38,,3.21,2.42,0.79,2.75,1.96,,1.23,0.44,0.81,5.63,4.82,,1.6,0.79,37.12,
20210817,025_30,97,M,0.8,19.45,18.65,,6.32,5.52,0.81,7.56,6.75,,2.69,1.88,0.79,10.97,10.18,,2.85,2.06,47.3,
20210817,025_41,94,F,0.81,20.74,19.93,,6.25,5.44,0.8,7.57,6.77,,2.37,1.57,0.79,8.15,7.36,,1.93,1.14,37.82,
20210817,025_31,149,F,1.05,59.63,58.58,,16.95,15.9,0.96,23.53,22.57,,6.27,5.31,0.99,27.89,26.9,,4.91,3.92,240.28,
20210817,025_17,97,F,0.79,21.68,20.89,,6.51,5.72,0.81,10.14,9.33,,3.07,2.26,0.81,10.29,9.48,,2.33,1.52,38.5,
20210817,103_28,123,F,0.98,34.71,33.73,,8.98,8,1.04,10.04,9,,2.77,1.73,1.03,18.07,17.04,,3.36,2.33,105.27,polychaetes
20210817,106_07,105,M,0.81,32.6,31.79,,10.89,10.08,0.82,6.7,5.88,,1.79,0.97,0.8,19.04,18.24,,3.14,2.34,59.61,polychaetes
20210818,066_25,151,F,1.1,65.47,64.37,,13.69,12.59,1.12,6.3,5.18,,1.53,0.41,1.08,31.99,30.91,,4.77,3.69,195.76,
20210818,106_16,104,F,0.95,28.33,27.38,,6.98,6.03,0.98,4.03,3.05,,1.19,0.21,0.99,13.64,12.65,,2.26,1.27,55.9,
20210818,106_04,111,F,1.02,28.48,27.46,,6,4.98,1.02,3.62,2.6,,1.25,0.23,1.01,17.64,16.63,,3.34,2.33,66.88,
20210818,054_01,73,F,0.95,7.8,6.85,,2.3,1.35,0.97,1.8,0.83,,1.07,0.1,0.97,4.74,3.77,,1.43,0.46,17,
20210819,025_47,110,F,0.8,32.86,32.06,,9.75,8.95,0.81,11.67,10.86,,3.06,2.25,0.81,12.87,12.06,,2.78,1.97,77.64,
20210819,025_34,97,M,0.82,20.92,20.1,,6.19,5.37,0.81,7.1,6.29,,2.53,1.72,0.79,7.62,6.83,,2.06,1.27,38.54,
20210819,076_42,109,M,0.82,18.98,18.16,,5.2,4.38,0.81,9.77,8.96,,3.07,2.26,0.79,12.09,11.3,,2.25,1.46,98.83,
20210819,076_16,85,F,0.83,10.25,9.42,,3.16,2.33,0.8,6.07,5.27,,2.01,1.21,0.8,4.58,3.78,,1.49,0.69,34.27,
20210819,103_31,106,F,0.82,23.92,23.1,,6.76,5.94,0.8,8.52,7.72,,2.31,1.51,0.79,14.8,14.01,,2.75,1.96,61.95,
20210819,099_08,75,M,0.81,11.34,10.53,,3.62,2.81,0.78,3.87,3.09,,1.45,0.67,0.8,5.61,4.81,,1.55,0.75,29.9,
20210819,070_35,110,F,0.81,29.4,28.59,,8.18,7.37,0.82,4.23,3.41,,1.28,0.46,0.79,15.32,14.53,,2.95,2.16,70.05,
20210819,106_50,98,M,0.8,19.15,18.35,,5.53,4.73,0.79,3.61,2.82,,1.12,0.33,0.82,10.2,9.38,,2.04,1.22,42.18,polychaetes
20210819,106_08,97,F,0.78,18.52,17.74,,5.3,4.52,0.79,2.63,1.84,,1,0.21,0.8,10.72,9.92,,2.13,1.33,45.61,polychaetes minor
20210819,060_25,113,M,0.81,25.36,24.55,,7.28,6.47,0.79,5.4,4.61,,1.64,0.85,0.81,14.32,13.51,,2.93,2.12,69.04,
20210819,066_21,93,M,0.8,15.98,15.18,,4.58,3.78,0.82,1.72,0.9,,0.96,0.14,0.8,7.16,6.36,,1.63,0.83,42.98,
20210819,025_33,102,F,0.8,23.18,22.38,,6.86,6.06,0.79,12.38,11.59,,3.33,2.54,0.8,11.72,10.92,,2.6,1.8,44.07,
20210819,076_14,124,M,0.82,20.46,19.64,,4.48,3.66,0.83,8.76,7.93,,2.55,1.72,0.79,11.43,10.64,,2.42,1.63,151.01,
20210819,106_17,104,M,0.8,24.19,23.39,,6.7,5.9,0.81,3.48,2.67,,1.27,0.46,0.81,13.49,12.68,,2.54,1.73,52.22,extreme polychaetes
20210819,028_05,92,F,0.81,14.97,14.16,,4.44,3.63,0.81,8.47,7.66,,2.68,1.87,0.8,8.85,8.05,,2.11,1.31,45.24,
20210819,021_09,146,M,1.03,54.54,53.51,,14.2,13.17,0.98,16.98,16,,4.7,3.72,1,29.58,28.58,,4.85,3.85,171.67,
20210819,106_36,91,F,0.81,16.56,15.75,,4.86,4.05,0.8,2.07,1.27,,0.94,0.14,0.8,10.59,9.79,,1.98,1.18,37.48,polychaetes minor
20210819,021_06,125,M,1.03,47.16,46.13,,13.3,12.27,1,18.27,17.27,,5.79,4.79,0.97,17.37,16.4,,3.28,2.31,151.11,
20210819,106_26,NA,F,0.81,24.51,23.7,,7.34,6.53,0.81,2.62,1.81,,1.03,0.22,0.82,16.72,15.9,,2.84,2.02,NA,polychaetes minor; shell broken
20210819,025_28,117,F,1.01,40.36,39.35,,11.86,10.85,0.99,22.29,21.3,,5.96,4.97,1.03,16.64,15.61,,3,1.97,128.39,
20210819,076_03,88,F,0.8,16.73,15.93,,4.67,3.87,0.8,3.62,2.82,,1.19,0.39,0.81,8.38,7.57,,1.85,1.04,35.95,
20210819,066_11,105,F,0.79,25.38,24.59,,6.78,5.99,0.78,4.04,3.26,,1.18,0.4,0.8,11.16,10.36,,2.15,1.35,63.57,
20210819,060_39,108,F,0.8,22.48,21.68,,6.18,5.38,0.8,1.49,0.69,,0.89,0.09,0.79,13.02,12.23,,2.53,1.74,58.75,
20210819,060_34,102,M,0.82,19.58,18.76,,5.33,4.51,0.81,3.33,2.52,,1.21,0.4,0.8,10.83,10.03,,1.95,1.15,50.39,
20210819,076_19,90,M,0.81,12.2,11.39,,3.45,2.64,0.78,5.18,4.4,,1.84,1.06,0.79,6.58,5.79,,1.47,0.68,36,
20210819,028_07,84,M,0.81,11.32,10.51,,3.38,2.57,0.8,4.66,3.86,,1.85,1.05,0.79,5.75,4.96,,1.42,0.63,40.79,
20210819,076_20,84,M,0.81,9.14,8.33,,2.56,1.75,0.78,5.55,4.77,,1.96,1.18,0.81,5.63,4.82,,1.38,0.57,23.19,
20210819,066_41,156,F,0.96,49.64,48.68,,12,11.04,0.99,8.25,7.26,,1.79,0.8,0.97,40.92,39.95,,2.01,1.04,206.51,extreme polychaetes
20210819,106_39,107,F,0.8,21.91,21.11,,6.13,5.33,0.79,5.21,4.42,,1.43,0.64,0.8,11.38,10.58,,2.15,1.35,47.74,polychaetes
20210819,106_46,97,F,0.8,17.45,16.65,,4.61,3.81,0.79,2.3,1.51,,0.99,0.2,0.78,9.65,8.87,,2.32,1.54,43.38,polychaetes
20210819,060_19,110,F,0.82,27.01,26.19,,7.5,6.68,0.79,3.64,2.85,,1.05,0.26,0.81,12.21,11.4,,2.19,1.38,65.64,
20210819,066_32,116,M,0.8,28.33,27.53,,8.04,7.24,0.8,6.25,5.45,,1.79,0.99,0.83,17.65,16.82,,2.72,1.89,73.66,
20210819,025_44,94,M,0.8,19.89,19.09,,6.26,5.46,0.82,5.55,4.73,,2.04,1.22,0.8,7.9,7.1,,1.89,1.09,32.11,
20210819,025_18,88,F,0.81,16.97,16.16,,5.03,4.22,0.8,5.78,4.98,,1.83,1.03,0.81,7.61,6.8,,1.77,0.96,30.53,
20210819,066_36,144,M,1,49.14,48.14,,13.22,12.22,1.02,15.07,14.05,,3.28,2.26,0.98,24.06,23.08,,4.23,3.25,210.6,
20210819,054_49,105,F,0.8,21.36,20.56,,6.21,5.41,0.8,6.25,5.45,,1.57,0.77,0.81,11.77,10.96,,2.13,1.32,60.36,
20210819,076_06,110,F,0.79,14.74,13.95,,3.72,2.93,0.79,9.98,9.19,,2.47,1.68,0.82,9.42,8.6,,2.36,1.54,150.28,
20210819,076_41,101,M,0.81,13.84,13.03,,3.49,2.68,0.8,6.76,5.96,,2.27,1.47,0.8,8.07,7.27,,1.71,0.91,84.59,
20210819,060_18,115,F,0.81,28.76,27.95,,8.32,7.51,0.8,3.51,2.71,,1.09,0.29,0.81,17.15,16.34,,3.46,2.65,84.01,
20210819,103_15,111,M,0.81,27.52,26.71,,6.91,6.1,0.79,9.63,8.84,,2.9,2.11,0.81,13.5,12.69,,2.6,1.79,84.13,
20210819,060_17,111,F,0.81,26.44,25.63,,7.21,6.4,0.82,2.53,1.71,,1.05,0.23,0.81,12.82,12.01,,2.36,1.55,59.46,
20210819,106_27,118,M,0.81,26.7,25.89,,6.39,5.58,0.79,7.79,7,,1.7,0.91,0.81,14.2,13.39,,2.49,1.68,72.28,polychaetes
20210819,103_43,113,F,0.79,24.09,23.3,,6.66,5.87,0.81,7.33,6.52,,1.81,1,0.81,18.68,17.87,,3.16,2.35,74.74,polychaetes
20210819,103_21,111,M,0.79,24.05,23.26,,6.53,5.74,0.8,10.42,9.62,,2.94,2.14,0.81,12.57,11.76,,2.28,1.47,80.59,
20210819,028_04,122,F,1,44.73,43.73,,13.33,12.33,1.01,20.92,19.91,,5.36,4.35,1.01,19.95,18.94,,3.32,2.31,184.56,
20210819,054_37,81,M,0.82,9.03,8.21,,2.82,2,0.81,3.03,2.22,,1.27,0.46,0.78,5.11,4.33,,1.43,0.65,20.74,
20210819,028_09,83,F,0.98,12.23,11.25,,3.78,2.8,1.02,4.45,3.43,,1.76,0.74,0.99,5.67,4.68,,1.61,0.62,39.42,
20210819,106_18,117,F,1,37.74,36.74,,9.76,8.76,0.99,4.95,3.96,,1.34,0.35,1.04,18.55,17.51,,3.3,2.26,76.39,polychaetes
20210819,003_46,64,M,0.98,5.37,4.39,,2.06,1.08,0.99,1.73,0.74,,1.15,0.16,0.99,2.81,1.82,,1.27,0.28,8.81,
20210819,106_03,111,M,0.97,28.9,27.93,,8.61,7.64,0.99,3.99,3,,1.28,0.29,0.99,17.09,16.1,,3.02,2.03,46.16,polychaetes
20210819,021_21,141,M,0.99,57.55,56.56,,14.67,13.68,0.96,21.75,20.79,,6.68,5.72,0.99,24.47,23.48,,4.48,3.49,205.14,
20210819,076_30,128,NA,NA,NA,NA,,NA,NA,NA,NA,NA,,NA,NA,NA,NA,NA,,NA,NA,199.72,polychaetes; empty; highly calcified inside
20210819,060_09,109,M,0.99,27.24,26.25,,7.67,6.68,0.97,3.47,2.5,,1.25,0.28,0.99,18.6,17.61,,2.94,1.95,73.61,
20210819,050_39,111,M,1,26.02,25.02,,7.19,6.19,1,10.07,9.07,,3.36,2.36,0.98,10.91,9.93,,2.58,1.6,66.97,
20210819,106_28,108,M,1,25.28,24.28,,7.48,6.48,0.98,3.72,2.74,,1.34,0.36,0.97,16.32,15.35,,2.91,1.94,55.93,polychaetes
20210819,017_12,72,F,0.99,9.35,8.36,,2.88,1.89,0.99,2.85,1.86,,1.34,0.35,0.98,4.75,3.77,,1.52,0.54,34.08,
20210819,106_01,101,M,1.02,21.38,20.36,,5.87,4.85,0.99,3.7,2.71,,1.28,0.29,0.99,17.42,16.43,,2.53,1.54,46,polychaetes
20210819,021_10,141,M,1,53.42,52.42,,13.39,12.39,1.01,12.68,11.67,,3.59,2.58,0.96,24.39,23.43,,4.12,3.16,183.83,polychaetes minor
20210819,106_14,107,M,0.96,24.33,23.37,,6.68,5.72,0.98,4.83,3.85,,1.64,0.66,0.98,15.44,14.46,,2.91,1.93,58.34,polychaetes minor
20210819,060_08,NA,F,1,15.16,14.16,,4.87,3.87,0.98,2.37,1.39,,1.18,0.2,1.02,10.04,9.02,,2.37,1.35,34.92,shell cracked
20210819,050_15,104,F,0.98,23.49,22.51,,6.41,5.43,1,4.2,3.2,,1.37,0.37,1,12.87,11.87,,2.59,1.59,56.76,
20210819,054_46,93,M,0.99,12.14,11.15,,3.61,2.62,1.03,2.97,1.94,,1.39,0.36,1.02,8.64,7.62,,2.09,1.07,27.58,
20210819,103_38,119,F,1.01,21.19,20.18,,4.41,3.4,1.02,5.98,4.96,,1.49,0.47,1.01,16.1,15.09,,3.14,2.13,85.93,polychaetes
20210819,040_03,155,F,1,64.75,63.75,,16.82,15.82,1.01,29.4,28.39,,6.73,5.72,1,32.32,31.32,,5.12,4.12,210.04,
20210819,106_29,110,F,1,27.57,26.57,,8.08,7.08,1,5.83,4.83,,1.48,0.48,0.99,16.55,15.56,,2.84,1.85,66.12,polychaetes
20210819,070_28,112,M,1.01,30.63,29.62,,8.58,7.57,0.97,5.03,4.06,,1.61,0.64,0.97,17.57,16.6,,2.85,1.88,85.24,
20210819,040_43,144,M,1.01,61.5,60.49,,15.24,14.23,1.01,22.05,21.04,,5.23,4.22,1,28.18,27.18,,4.73,3.73,186.47,
20210819,106_40,113,F,1.02,32.95,31.93,,8.81,7.79,0.97,5.87,4.9,,1.56,0.59,0.98,22.27,21.29,,3.71,2.73,77.59,polychaetes
20210819,076_18,119,M,0.99,17.81,16.82,,3.88,2.89,0.97,11.07,10.1,,3.21,2.24,1,11.21,10.21,,2.21,1.21,179.12,highly calcified inside
20210819,066_26,119,M,1.01,33.6,32.59,,8.62,7.61,1.01,5.2,4.19,,1.63,0.62,1,12.39,11.39,,2.41,1.41,83.04,
20210819,106_32,98,M,1,24.17,23.17,,6.73,5.73,1.01,7.93,6.92,,2.28,1.27,1.01,17.96,16.95,,2.82,1.81,45.83,polychaetes
20210819,003_26,78,F,0.98,11.45,10.47,,3.73,2.75,1,4.81,3.81,,1.86,0.86,1.01,5.79,4.78,,1.77,0.76,21.51,end of page 21
20210819,106_30,107,M,1.02,27.02,26,,7.42,6.4,0.99,4.89,3.9,,1.35,0.36,1.02,16.28,15.26,,2.61,1.59,61.02,polychaetes
20210819,040_34,92,M,0.99,13.12,12.13,,3.94,2.95,0.99,7.78,6.79,,2.74,1.75,1.01,7.18,6.17,,2,0.99,37.78,
20210819,060_06,102,M,0.96,19.47,18.51,,5.27,4.31,0.97,2.84,1.87,,1.18,0.21,1,12.67,11.67,,2.14,1.14,55.67,
20210819,028_39,94,M,0.99,15.63,14.64,,4.48,3.49,1.01,5.25,4.24,,2.02,1.01,0.99,8.39,7.4,,1.95,0.96,66.71,
20210819,025_38,134,M,0.98,53.25,52.27,,16.67,15.69,0.99,14.97,13.98,,4.33,3.34,1.01,25,23.99,,3.94,2.93,134.11,
20210819,066_35,114,F,0.99,34.6,33.61,,8.99,8,0.99,6.94,5.95,,1.65,0.66,1,20.42,19.42,,3.39,2.39,80.61,
20210819,103_10,115,F,1.02,26.63,25.61,,6.68,5.66,1.01,7.42,6.41,,2.11,1.1,0.97,17.02,16.05,,2.58,1.61,90.22,polychaetes
20210819,017_07,117,M,0.99,32.14,31.15,,8.15,7.16,0.96,5.62,4.66,,1.63,0.67,1.02,14.37,13.35,,2.87,1.85,130.45,
20210819,106_35,96,M,1.03,22.13,21.1,,6.29,5.26,1.02,4.76,3.74,,1.57,0.55,1.02,12.9,11.88,,2.37,1.35,43.95,polychaetes
20210819,076_05,92,F,1.02,12.25,11.23,,3.51,2.49,1,6.49,5.49,,2.11,1.11,1.01,8.37,7.36,,1.81,0.8,40.51,
20210819,076_31,86,M,1,10.27,9.27,,3.16,2.16,0.98,6.62,5.64,,2.47,1.49,0.99,6.23,5.24,,1.66,0.67,28.31,
20210819,099_05,139,F,0.97,64.81,63.84,,17.59,16.62,0.98,9.71,8.73,,2.42,1.44,1.03,24.42,23.39,,4.38,3.35,156.28,
20210820,060_21,118,F,0.96,34.14,33.18,,9.19,8.23,0.99,4.53,3.54,,1.35,0.36,0.96,21.93,20.97,,4.94,3.98,100.79,
20210820,003_01,105,F,0.96,25.96,25,,7.65,6.69,1.02,11.01,9.99,,3.64,2.62,0.98,14.08,13.1,,2.81,1.83,88.06,photo of gonad (dylan)
20210820,082_23,118,M,0.99,32.44,31.45,,8.74,7.75,0.98,5.14,4.16,,1.66,0.68,1,16.72,15.72,,2.96,1.96,116.79,
20210820,066_09,154,M,1.01,60.66,59.65,,15.24,14.23,1.01,11.02,10.01,,2.45,1.44,1.01,35.42,34.41,,5.37,4.36,194.1,polychaetes minor
20210820,082_19,146,F,1,63.64,62.64,,18.33,17.33,0.99,5.57,4.58,,1.69,0.7,0.98,29.61,28.63,,4.8,3.82,203.37,
20210820,066_08,122,M,1.02,39.87,38.85,,10.7,9.68,1.01,5.77,4.76,,1.68,0.67,0.99,24.37,23.38,,3.49,2.5,105.41,
20210820,050_09,112,F,0.99,24.59,23.6,,6.92,5.93,1,5.33,4.33,,1.79,0.79,0.97,13.45,12.48,,2.84,1.87,59.34,
20210820,066_37,89,M,0.97,11.29,10.32,,3.16,2.19,0.96,1.93,0.97,,1.1,0.14,0.99,7.24,6.25,,1.66,0.67,29.43,
20210820,099_11,91,M,1.01,17.79,16.78,,5.45,4.44,1,7.96,6.96,,2.72,1.72,1,8.65,7.65,,2.2,1.2,39.02,
20210820,017_15,128,M,1.02,33.22,32.2,,8.24,7.22,1.01,8.17,7.16,,2.34,1.33,1.01,20.41,19.4,,3.62,2.61,150.23,
20210820,021_03,152,F,1,56.57,55.57,,14.25,13.25,0.98,25.33,24.35,,5.99,5.01,1.02,31.23,30.21,,5.35,4.33,210.14,
20210820,050_04,115,F,1.01,30.13,29.12,,8.23,7.22,1.01,4.98,3.97,,1.61,0.6,1.01,14.87,13.86,,3.01,2,74.67,
20210820,066_02,146,M,0.99,57.74,56.75,,14.02,13.03,0.99,5.65,4.66,,1.67,0.68,0.99,28.07,27.08,,4.22,3.23,152.25,
20210820,003_45,101,F,1,22.12,21.12,,6.51,5.51,1,7.66,6.66,,2.46,1.46,0.98,8.57,7.59,,2,1.02,83.64,
20210820,028_33,88,F,0.99,13.23,12.24,,4.06,3.07,0.99,7.39,6.4,,2.34,1.35,1,7.96,6.96,,2.38,1.38,38.1,
20210820,050_37,117,F,1.02,31.48,30.46,,9.03,8.01,1.01,5.57,4.56,,1.68,0.67,1,14.26,13.26,,2.7,1.7,67.35,
20210820,066_24,152,F,0.98,57.97,56.99,,13.36,12.38,1.02,6.66,5.64,,1.64,0.62,1,29.04,28.04,,4.56,3.56,187.68,polychaetes
20210820,017_23,92,M,1.01,15.71,14.7,,4.5,3.49,0.99,5.35,4.36,,1.88,0.89,1,8.55,7.55,,2.12,1.12,67.68,
20210820,017_35,109,M,1,34.2,33.2,,8.39,7.39,0.99,5.32,4.33,,1.62,0.63,0.98,18.93,17.95,,4.45,3.47,129.81,
20210820,054_08,76,F,0.99,8.39,7.4,,2.65,1.66,1,3.2,2.2,,1.41,0.41,0.99,4.65,3.66,,1.48,0.49,18.78,
20210820,054_28,82,M,0.98,10.7,9.72,,3.3,2.32,0.99,2.77,1.78,,1.33,0.34,0.97,6.19,5.22,,1.72,0.75,25.24,
20210820,050_14,114,M,0.98,32.52,31.54,,8.87,7.89,0.97,4.52,3.55,,1.51,0.54,0.99,15.26,14.27,,2.68,1.69,71.81,
20210820,003_30,87,M,0.98,13.95,12.97,,4.21,3.23,1,5.42,4.42,,2.08,1.08,0.98,6.71,5.73,,1.9,0.92,39.87,
20210820,017_43,122,M,0.97,33.56,32.59,,7.87,6.9,0.96,6.74,5.78,,1.78,0.82,0.95,19.74,18.79,,3.41,2.46,161.65,
20210820,106_47,102,M,0.97,19.87,18.9,,5.73,4.76,0.98,2.83,1.85,,1.25,0.27,0.98,12.56,11.58,,2.58,1.6,47.88,
20210820,003_44,56,M,0.97,4.77,3.8,,1.89,0.92,0.97,1.67,0.7,,1.15,0.18,0.97,2.63,1.66,,1.27,0.3,8,
20210820,050_05,99,F,0.96,19.54,18.58,,5.51,4.55,1,3.16,2.16,,1.24,0.24,1.03,11.64,10.61,,3.25,2.22,40.68,
20210820,028_17,81,F,0.98,14.22,13.24,,4.16,3.18,1,5.83,4.83,,1.99,0.99,0.98,6.78,5.8,,1.68,0.7,40.43,
20210820,097_05,93,M,0.99,17.04,16.05,,4.66,3.67,0.98,7.44,6.46,,2.43,1.45,0.97,8.24,7.27,,2.14,1.17,62.92,
20210820,066_05,103,M,0.97,23.24,22.27,,6.07,5.1,1.04,3.66,2.62,,1.44,0.4,1,11.7,10.7,,2.2,1.2,56.13,
20210820,003_35,65,M,0.99,7.35,6.36,,2.5,1.51,1.01,2,0.99,,1.24,0.23,1.01,2.97,1.96,,1.34,0.33,17.18,
20210820,017_21,115,M,1,26.68,25.68,,7.53,6.53,0.99,5.04,4.05,,1.64,0.65,0.98,12.76,11.78,,2.61,1.63,123.36,
20210820,050_01,108,F,0.99,25.7,24.71,,7.58,6.59,0.99,5.71,4.72,,1.73,0.74,1.01,12.89,11.88,,2.52,1.51,53.4,
20210820,106_09,94,F,0.97,19.33,18.36,,5.52,4.55,0.98,2.9,1.92,,1.19,0.21,0.95,10.29,9.34,,2.49,1.54,36.71,polychaetes
20210820,050_07,109,M,1,27.11,26.11,,7.85,6.85,1.01,4.75,3.74,,1.56,0.55,0.97,13.56,12.59,,2.84,1.87,55.79,
20210820,103_06,108,F,0.97,27.98,27.01,,7.63,6.66,0.98,5.44,4.46,,1.82,0.84,0.98,14.6,13.62,,2.93,1.95,85.78,polychaetes
20210820,099_10,101,F,0.99,24.15,23.16,,6.84,5.85,1.01,6.79,5.78,,2.05,1.04,1.01,10.32,9.31,,2.25,1.24,51.7,
20210820,066_43,150,F,0.97,57.76,56.79,,13.58,12.61,0.96,10.33,9.37,,1.98,1.02,1,33.31,32.31,,6.86,5.86,155.07,
20210820,017_30,109,F,1.01,24.56,23.55,,6.01,5,0.98,6.15,5.17,,1.64,0.66,1,10.19,9.19,,2.19,1.19,124.46,
20210820,017_45,105,F,1.01,25.91,24.9,,6.56,5.55,1.04,4.62,3.58,,1.44,0.4,0.97,13.68,12.71,,3.06,2.09,101.49,
20210820,054_24,85,M,1,11.74,10.74,,3.56,2.56,1.03,2.58,1.55,,1.33,0.3,1.03,6.46,5.43,,1.81,0.78,27.38,
20210820,054_41,79,F,1.01,8.69,7.68,,2.75,1.74,1.02,1.62,0.6,,1.09,0.07,0.97,3.86,2.89,,1.29,0.32,17.04,
20210820,021_05,150,M,0.99,46.58,45.59,,10.92,9.93,1,16.71,15.71,,4.56,3.56,1.02,26.67,25.65,,4.23,3.21,226.11,
20210820,066_16,140,F,1.04,58.67,57.63,,14.62,13.58,1.01,6.45,5.44,,1.58,0.57,1,26.03,25.03,,4.4,3.4,136.5,
20210820,050_47,110,M,1.01,35.19,34.18,,9.69,8.68,1,6.13,5.13,,1.7,0.7,0.99,15.1,14.11,,2.59,1.6,61.01,
20210820,003_03,101,M,0.99,21.53,20.54,,6.11,5.12,1.01,10.74,9.73,,3.2,2.19,1,8.82,7.82,,1.93,0.93,67.84,
20210820,054_31,90,M,0.98,11.75,10.77,,3.1,2.12,0.99,2.91,1.92,,1.26,0.27,0.98,7.12,6.14,,1.65,0.67,29.56,
20210820,066_42,95,M,0.97,18.21,17.24,,5.33,4.36,0.99,4.24,3.25,,1.6,0.61,0.99,10.65,9.66,,2.42,1.43,42.85,
20210820,017_17,103,F,0.99,22.42,21.43,,5.53,4.54,0.98,5.1,4.12,,1.46,0.48,0.99,11.37,10.38,,2.33,1.34,112.97,
20210820,070_25,110,F,1.01,27.36,26.35,,7.67,6.66,1.02,3.47,2.45,,1.42,0.4,0.95,15.99,15.04,,3.6,2.65,71.34,
20210820,050_06,111,F,1.02,24.5,23.48,,6.65,5.63,0.98,3.89,2.91,,1.52,0.54,0.99,16.92,15.93,,3.52,2.53,50.64,
20210820,003_38,60,F,1,5.13,4.13,,2.05,1.05,0.98,1.67,0.69,,1.15,0.17,0.97,2.69,1.72,,1.28,0.31,13.02,
20210820,097_12,128,M,0.95,45.83,44.88,,11.88,10.93,0.99,9.42,8.43,,2.79,1.8,0.99,23.33,22.34,,4.28,3.29,143.38,
20210820,099_18,100,F,1,24.05,23.05,,7.06,6.06,1,7.78,6.78,,2.26,1.26,1,11.16,10.16,,2.44,1.44,49.87,
20210820,003_10,93,M,0.97,16.31,15.34,,4.69,3.72,0.96,5.73,4.77,,2.25,1.29,0.97,5.8,4.83,,1.63,0.66,43.5,
20210820,097_13,132,F,1,49.5,48.5,,12.92,11.92,0.98,7.03,6.05,,1.91,0.93,0.99,25.88,24.89,,4.42,3.43,149.79,
20210820,066_03,100,F,0.99,17.86,16.87,,4.99,4,1,3.04,2.04,,1.35,0.35,1.01,10.34,9.33,,2.56,1.55,57.14,
20210820,066_47,146,F,1.01,65.08,64.07,,16.99,15.98,1.01,12.33,11.32,,2.78,1.77,1,29.78,28.78,,4.92,3.92,184.32,polychaetes
20210820,099_37,149,F,1,62.34,61.34,,16.91,15.91,1.03,14.86,13.83,,3.32,2.29,1.03,31.42,30.39,,4.99,3.96,164.42,
20210820,003_07,59,M,1.02,5.25,4.23,,2.02,1,1,1.64,0.64,,1.15,0.15,1.01,1.69,0.68,,1.14,0.13,9.44,
20210820,066_10,139,F,1.02,53.44,52.42,,13.45,12.43,1,7.46,6.46,,1.87,0.87,0.99,32.89,31.9,,5.78,4.79,167.56,
20210820,017_41,112,F,1,25.1,24.1,,6.5,5.5,0.99,4.99,4,,1.61,0.62,0.99,14.15,13.16,,3.12,2.13,105.36,
20210820,028_31,114,F,0.98,33.94,32.96,,9.59,8.61,1.02,12.59,11.57,,3.64,2.62,1.01,13.12,12.11,,2.78,1.77,114.74,
20210820,050_30,113,M,1.01,27.07,26.06,,7.49,6.48,1,4.55,3.55,,1.7,0.7,1,17.87,16.87,,3.36,2.36,57.68,
20210820,082_21,148,F,0.96,66.17,65.21,,16.59,15.63,1.02,8.54,7.52,,1.75,0.73,1.02,35.37,34.35,,4.86,3.84,176.79,
20210820,003_40,62,M,1.02,6.35,5.33,,2.23,1.21,0.98,1.54,0.56,,1.09,0.11,1.01,2.82,1.81,,1.29,0.28,13.17,
20210822,003_04,57,M,1.07,4.36,3.29,,1.65,0.58,1.03,1.35,0.32,,1.11,0.08,0.97,2.06,1.09,,1.14,0.17,9.75,
20210822,017_47,96,M,1.02,20.15,19.13,,4.71,3.69,1.02,5.22,4.2,,1.77,0.75,1.02,8.06,7.04,,1.97,0.95,79.01,
20210822,050_27,120,F,0.99,31.88,30.89,,6.92,5.93,1.12,5.47,4.35,,1.56,0.44,0.99,15.18,14.19,,3.28,2.29,70.6,
20210822,050_02,110,F,1.06,24.12,23.06,,4.8,3.74,1,4.07,3.07,,1.25,0.25,1.03,12.03,11,,2.23,1.2,52.51,
20210822,082_28,152,M,1.17,50.69,49.52,,11.34,10.17,0.97,8.25,7.28,,1.56,0.59,1.02,21.23,20.21,,3.62,2.6,205,
20210822,021_12,145,M,1.15,58.18,57.03,,15.2,14.05,0.97,8.23,7.26,,1.94,0.97,1.13,23.4,22.27,,3.68,2.55,218.66,
20210323,028_15,83,M,0.89,12.16,11.27,,3.71,2.82,0.91,6.11,5.2,,2.22,1.31,0.97,5.91,4.94,,1.69,0.72,38.72,
20210323,099_50,118,F,0.9,63.17,62.27,,14.74,13.84,0.85,14.42,13.57,,3.44,2.59,0.96,21.7,20.74,,3.97,3.01,119.83,
20210323,017_50,82,M,0.87,11.17,10.3,,3.43,2.56,0.85,4.16,3.31,,1.62,0.77,0.83,5.7,4.87,,1.67,0.84,51.69,
20210323,097_09,94,F,0.91,18.29,17.38,,4.82,3.91,0.86,3.83,2.97,,1.33,0.47,0.83,8.17,7.34,,1.82,0.99,47.33,
20210323,054_25,77,M,0.86,8.94,8.08,,2.66,1.8,1,2.42,1.42,,1.25,0.25,0.88,5.06,4.18,,1.47,0.59,22.1,
20210323,003_32,112,M,0.81,27.17,26.36,,7.43,6.62,0.99,9.77,8.78,,3.11,2.12,0.91,11.2,10.29,,2.4,1.49,94.77,
20210323,097_03,106,M,0.86,23.27,22.41,,5.92,5.06,0.83,5.92,5.09,,1.89,1.06,0.89,10.73,9.84,,2.32,1.43,68.36,
20210323,050_20,104,M,0.98,23.42,22.44,,6.28,5.3,0.91,4.02,3.11,,1.49,0.58,0.98,11.65,10.67,,2.35,1.37,48.32,
20210323,028_23,119,M,0.86,44.1,43.24,,11.56,10.7,0.96,17.6,16.64,,5.2,4.24,0.96,17.65,16.69,,3.28,2.32,134.94,
20210323,070_37,104,F,0.93,24.51,23.58,,6.23,5.3,0.92,5.29,4.37,,1.48,0.56,0.86,13.15,12.29,,2.58,1.72,67.51,
20210323,017_24,99,M,0.88,21.31,20.43,,5.61,4.73,0.83,5.65,4.82,,1.75,0.92,0.89,8.89,8,,2.08,1.19,86.09,
20210323,097_01,141,F,0.85,52.39,51.54,,10.6,9.75,0.89,8.67,7.78,,1.84,0.95,0.94,22.2,21.26,,3.66,2.72,162.42,
20210323,003_02,71,M,0.97,9.47,8.5,,3.01,2.04,1.06,4.09,3.03,,1.79,0.73,0.91,3.57,2.66,,1.33,0.42,21.74,
20210323,070_38,111,F,1.08,21.17,20.09,,5.76,4.68,1.01,3.35,2.34,,1.29,0.28,1.06,10.26,9.2,,2.3,1.24,49.76,
20210323,054_09,101,M,0.89,21.75,20.86,,5.78,4.89,1.02,8.84,7.82,,2.91,1.89,0.92,9.34,8.42,,2.01,1.09,48.32,
20210323,028_26,83,M,0.98,12.77,11.79,,3.82,2.84,0.94,8.07,7.13,,2.69,1.75,0.99,4.73,3.74,,1.51,0.52,40.02,
20210323,017_48,81,F,0.96,12.11,11.15,,3.36,2.4,0.91,2.37,1.46,,1.13,0.22,0.82,5.52,4.7,,1.47,0.65,48.83,
20210323,097_15,93,F,0.89,18.83,17.94,,4.8,3.91,1.02,2.8,1.78,,1.19,0.17,0.86,7.8,6.94,,1.94,1.08,49.44,
20210323,097_06,127,F,0.96,45.47,44.51,,10.56,9.6,0.88,9.1,8.22,,1.94,1.06,0.9,16.83,15.93,,3.03,2.13,175.3,
20210323,097_08,127,F,0.86,43.74,42.88,,9.51,8.65,0.98,6.61,5.63,,1.68,0.7,0.89,17.66,16.77,,3.04,2.15,NA,shell pieces missing
20210323,054_22,86,M,0.9,11.19,10.29,,3.02,2.12,0.82,2.1,1.28,,1.02,0.2,0.93,5.23,4.3,,1.47,0.54,27.66,
20210323,082_07,111,M,0.99,32.21,31.22,,7.7,6.71,0.85,5.47,4.62,,1.45,0.6,0.91,12.66,11.75,,2.41,1.5,81.58,
20210323,003_49,83,M,0.88,12.32,11.44,,3.7,2.82,0.9,5.84,4.94,,2.11,1.21,0.84,5.22,4.38,,1.53,0.69,27.34,
20210323,050_24,113,F,0.82,27.8,26.98,,7.3,6.48,0.98,7.18,6.2,,1.97,0.99,0.96,12.34,11.38,,2.61,1.65,77.74,
20210323,066_12,122,F,0.88,33.15,32.27,,7.57,6.69,0.86,5.47,4.61,,1.42,0.56,0.88,14.14,13.26,,2.8,1.92,88.65,
20210323,003_47,61,M,0.95,6.24,5.29,,2.3,1.35,0.95,2.43,1.48,,1.21,0.26,0.94,2.63,1.69,,1.23,0.29,9.85,
20210323,099_19,89,F,0.95,16.59,15.64,,4.56,3.61,0.88,8.46,7.58,,2.31,1.43,0.9,7.65,6.75,,1.78,0.88,41.8,
20210323,003_31,61,M,0.89,6.24,5.35,,2.01,1.12,0.86,1.7,0.84,,1.01,0.15,0.89,2.68,1.79,,1.13,0.24,12.34,
20210323,003_36,79,F,0.87,12.12,11.25,,3.47,2.6,0.9,6.59,5.69,,2.01,1.11,0.9,5.21,4.31,,1.43,0.53,27.75,
20210323,050_48,114,M,0.86,30.6,29.74,,7.49,6.63,0.82,5.95,5.13,,1.59,0.77,0.82,15.48,14.66,,2.66,1.84,74.06,
20210323,028_37,121,M,0.89,44.16,43.27,,11.89,11,0.85,24.3,23.45,,6.64,5.79,0.83,13.28,12.45,,2.67,1.84,115.95,
20210323,070_08,94,M,0.82,16.53,15.71,,4.13,3.31,0.81,2.14,1.33,,0.99,0.18,0.82,6.11,5.29,,1.56,0.74,35.8,
20210323,097_14,113,F,0.8,30.45,29.65,,7.28,6.48,0.81,3.65,2.84,,1.17,0.36,0.82,10.31,9.49,,2.14,1.32,87.72,
20210323,097_16,125,F,0.8,39.69,38.89,,8.88,8.08,0.8,8.56,7.76,,1.83,1.03,0.79,15.97,15.18,,2.8,2.01,142.27,
20210323,003_27,103,M,0.8,19.98,19.18,,5.53,4.73,0.81,6.55,5.74,,2.11,1.3,0.79,7.37,6.58,,1.87,1.08,115.9,
20210323,003_15,65,F,0.79,5.93,5.14,,2.17,1.38,0.8,1.81,1.01,,0.96,0.16,0.8,2.24,1.44,,1.05,0.25,11.87,
20210824,003_39,58,M,0.8,4.6,3.8,,1.7,0.9,0.79,1.77,0.98,,1.06,0.27,0.79,2.16,1.37,,1.03,0.24,8.2,
20210824,050_49,116,M,0.82,29.62,28.8,,7.74,6.92,0.79,6.21,5.42,,1.76,0.97,0.79,12.87,12.08,,3.17,2.38,75.09,
20210824,003_29,62,F,0.79,5.54,4.75,,1.92,1.13,0.81,1.89,1.08,,1.05,0.24,0.81,2.65,1.84,,1.11,0.3,11.33,
20210824,028_50,93,M,0.8,15.65,14.85,,4.64,3.84,0.82,8.41,7.59,,2.88,2.06,0.79,7.39,6.6,,1.92,1.13,39.97,
20210824,003_18,60,M,0.81,4.61,3.8,,1.67,0.86,0.81,1.7,0.89,,1.03,0.22,0.81,2.8,1.99,,1.12,0.31,9.17,
20210824,099_23,113,M,0.8,34.42,33.62,,9.55,8.75,0.83,12.07,11.24,,3.7,2.87,0.8,17.39,16.59,,3.98,3.18,86.99,
20210824,076_17,94,F,0.8,12.75,11.95,,3.5,2.7,0.79,5.5,4.71,,1.83,1.04,0.79,6.12,5.33,,1.61,0.82,38.23,
20210824,028_22,90,F,0.83,15.68,14.85,,4.52,3.69,0.81,7.85,7.04,,2.42,1.61,0.79,7.16,6.37,,1.89,1.1,42.66,
20210824,066_45,105,M,0.8,23.37,22.57,,6.22,5.42,0.79,3.88,3.09,,1.25,0.46,0.81,13.03,12.22,,2.67,1.86,56.33,
20210824,003_14,129,M,0.79,41.45,40.66,,11.09,10.3,0.82,11.08,10.26,,3.28,2.46,0.8,15.84,15.04,,3.1,2.3,237.57,polychaetes
20210824,003_19,90,F,0.8,15.2,14.4,,4.51,3.71,0.79,6.61,5.82,,2.15,1.36,0.79,5.64,4.85,,1.75,0.96,35.3,
20210824,021_08,154,M,0.81,55.71,54.9,,13.06,12.25,0.81,18.71,17.9,,5.39,4.58,0.8,21.71,20.91,,4.31,3.51,286.4,
20210824,082_27,135,M,0.79,45.61,44.82,,11.39,10.6,0.81,8.92,8.11,,1.8,0.99,0.78,21.99,21.21,,3.91,3.13,164.79,
20210824,028_27,80,M,0.78,10.6,9.82,,3.24,2.46,0.82,6.16,5.34,,2.33,1.51,0.79,5.72,4.93,,1.66,0.87,36.08,
20210824,003_43,62,F,0.79,5.14,4.35,,1.83,1.04,0.79,1.53,0.74,,0.96,0.17,0.8,2.59,1.79,,1.23,0.43,10.42,
20210824,054_35,76,M,0.79,7.13,6.34,,2.31,1.52,0.78,1.08,0.3,,0.85,0.07,0.8,4.76,3.96,,1.65,0.85,16.35,
20210824,028_29,89,F,0.8,14.53,13.73,,4.42,3.62,0.82,8.04,7.22,,2.53,1.71,0.81,6.95,6.14,,1.81,1,44.45,
20210824,003_24,61,M,0.82,5.47,4.65,,2.04,1.22,0.8,1.72,0.92,,1.07,0.27,0.81,2.52,1.71,,1.18,0.37,9.24,
20210824,003_20,62,M,0.79,4.76,3.97,,1.76,0.97,0.8,2.1,1.3,,1.12,0.32,0.81,2.28,1.47,,1.04,0.23,8.78,
20210824,066_40,127,F,0.81,40.84,40.03,,9.07,8.26,0.79,4.59,3.8,,1.18,0.39,0.79,16.89,16.1,,2.83,2.04,NA,extreme polychaetes
20210824,082_18,116,M,0.79,36.53,35.74,,9.36,8.57,0.79,5.47,4.68,,1.45,0.66,0.8,15.17,14.37,,3.11,2.31,86.95,
20210824,050_21,110,F,0.82,27.2,26.38,,7.09,6.27,0.79,4,3.21,,1.2,0.41,0.81,12.98,12.17,,2.56,1.75,55.57,
20210824,082_30,117,F,0.79,32.62,31.83,,8.25,7.46,0.8,17.03,16.23,,4.23,3.43,0.8,13.92,13.12,,2.5,1.7,99.73,
20210824,003_23,59,M,0.79,4.71,3.92,,1.73,0.94,0.81,1.63,0.82,,0.99,0.18,0.83,2.41,1.58,,1.17,0.34,9.41,
20210824,070_27,91,F,0.8,14.76,13.96,,3.73,2.93,0.81,3.34,2.53,,1.13,0.32,0.79,6.1,5.31,,1.69,0.9,39.71,
20210824,050_17,116,M,0.8,28.37,27.57,,6.91,6.11,0.79,9.86,9.07,,2.18,1.39,0.79,13.2,12.41,,2.33,1.54,67.45,
20210824,028_32,92,F,0.81,17.74,16.93,,4.8,3.99,0.8,9.78,8.98,,2.75,1.95,0.81,8,7.19,,1.84,1.03,47.17,
20210824,028_28,87,F,0.79,12.73,11.94,,3.31,2.52,0.82,8.03,7.21,,2.26,1.44,0.82,5.37,4.55,,1.47,0.65,39.8,
20210824,028_45,98,M,0.79,17.54,16.75,,4.72,3.93,0.79,9.32,8.53,,2.76,1.97,0.81,8.05,7.24,,1.7,0.89,84.39,
20210824,017_16,135,F,0.8,57.06,56.26,,12.12,11.32,0.78,6.06,5.28,,1.45,0.67,0.79,18.95,18.16,,3.2,2.41,238.76,
20210824,003_12,81,F,0.79,11.55,10.76,,3.45,2.66,0.8,4.17,3.37,,1.57,0.77,0.8,5.3,4.5,,1.59,0.79,23.93,
20210824,003_05,95,M,0.9,16.62,15.72,,4.36,3.46,0.79,3.69,2.9,,1.4,0.61,0.8,7.03,6.23,,1.58,0.78,86.97,
20210824,050_43,111,F,0.79,27.34,26.55,,7.09,6.3,0.79,3.49,2.7,,1.14,0.35,0.8,12.78,11.98,,2.31,1.51,53.22,
20210824,003_08,59,M,0.79,5.14,4.35,,1.78,0.99,0.82,1.26,0.44,,0.91,0.09,0.79,2.61,1.82,,1.18,0.39,10.2,
20210824,003_11,62,M,0.81,5.72,4.91,,1.97,1.16,0.81,1.58,0.77,,0.98,0.17,0.8,2.51,1.71,,1.13,0.33,12.61,
20210901,003_21,82,F,0.79,12.69,11.9,,3.67,2.88,0.78,6.73,5.95,,2,1.22,0.79,5.28,4.49,,1.39,0.6,25.07,
20210901,028_42,118,F,NA,NA,NA,,NA,NA,NA,NA,NA,,NA,NA,NA,NA,NA,,NA,NA,111.16,"tissues decayed, smelled like death and destruction"
20210901,017_13,111,M,NA,NA,NA,,NA,NA,NA,NA,NA,,NA,NA,NA,NA,NA,,NA,NA,114.78,"tissues decayed, smelled like death and destruction"
20210901,003_09,93,M,NA,NA,NA,,NA,NA,NA,NA,NA,,NA,NA,NA,NA,NA,,NA,NA,73.99,"tissues decayed, smelled like death and destruction"
20210901,003_42,139,M,NA,NA,NA,,NA,NA,NA,NA,NA,,NA,NA,NA,NA,NA,,NA,NA,262.18,"tissues decayed, smelled like death and destruction"
20210901,017_04,132,F,NA,NA,NA,,NA,NA,NA,NA,NA,,NA,NA,NA,NA,NA,,NA,NA,152.68,"tissues decayed, smelled like death and destruction"
20210901,050_31,114,F,NA,NA,NA,,NA,NA,NA,NA,NA,,NA,NA,NA,NA,NA,,NA,NA,68.46,"tissues decayed, smelled like death and destruction"
20210901,003_41,56,F,1.16,4.23,3.07,,1.71,0.55,1.09,1.58,0.49,,1.13,0.04,1.08,2.04,0.96,,1.27,0.19,8.99,
20210901,003_50,65,F,1.06,5.38,4.32,,1.92,0.86,1.09,2.12,1.03,,1.25,0.16,0.98,2.22,1.24,,1.17,0.19,9.72,
20210901,003_22,77,F,1.03,9.79,8.76,,2.91,1.88,1.07,4.6,3.53,,1.83,0.76,1.15,3.42,2.27,,1.52,0.37,22.97,
20210901,050_44,113,M,1.07,26.25,25.18,,6.69,5.62,1.07,5.82,4.75,,1.83,0.76,1.03,8.85,7.82,,2.42,1.39,55.95,
20210901,003_06,92,F,1.01,16.62,15.61,,4.71,3.7,1.15,8,6.85,,2.39,1.24,1.3,5.1,3.8,,1.88,0.58,50.87,
20210901,040_01,121,F,0.98,3.91,2.93,,7.46,6.48,0.98,30.3,29.32,,6.45,5.47,1.01,11.77,10.76,,2.54,1.53,94.15,
20210901,050_42,111,F,1.01,28.88,27.87,,7.89,6.88,1.03,5.02,3.99,,1.62,0.59,1.04,12.39,11.35,,2.74,1.7,55.19,
20210901,003_34,99,M,0.98,19.77,18.79,,5.8,4.82,1.03,9.58,8.55,,3.29,2.26,1.04,10.15,9.11,,2.51,1.47,87.15,
20210901,050_32,109,F,1.3,23.83,22.53,,6.85,5.55,1.05,4.19,3.14,,1.6,0.55,1.15,12.58,11.43,,2.95,1.8,55.36,
20210901,050_16,114,M,1.01,27.51,26.5,,7.27,6.26,1.25,5.81,4.56,,1.9,0.65,1.07,16.09,15.02,,3.6,2.53,64.52,
20210901,028_36,125,F,1.25,45.89,44.64,,12.31,11.06,1.15,21.94,20.79,,5.6,4.45,1.07,22.59,21.52,,3.8,2.73,120.59,
20210901,070_09,103,M,1.16,24.24,23.08,,6.43,5.27,1.04,6.33,5.29,,1.82,0.78,1,13.43,12.43,,2.67,1.67,56.17,
20210902,017_09,105,F,1.2,21.45,20.25,,5.67,4.47,1.18,7.91,6.73,,2.27,1.09,1.55,9.28,7.73,,2.43,0.88,128.61,
20210902,082_16,143,M,1.31,65.59,64.28,,16.05,14.74,1.21,10.43,9.22,,2.52,1.31,1.02,19.33,18.31,,3.92,2.9,174.52,
20210902,070_46,117,M,1.17,34.52,33.35,,9.03,7.86,1.04,4.27,3.23,,1.42,0.38,1.04,11.22,10.18,,2.47,1.43,83.31,
20210902,082_12,145,M,1.28,64.9,63.62,,16.46,15.18,1.1,5.28,4.18,,1.67,0.57,1.03,23.41,22.38,,4.26,3.23,189.77,
20210902,054_48,85,F,1.01,10.02,9.01,,3.03,2.02,1.23,4.39,3.16,,1.78,0.55,1.07,4.96,3.89,,1.6,0.53,25.08,
20210902,028_18,83,F,1.02,13.7,12.68,,4.08,3.06,1.21,8.87,7.66,,2.92,1.71,1.07,6.82,5.75,,2.01,0.94,48.63,
20210902,028_35,121,F,1.05,39.91,38.86,,10.7,9.65,1.12,18.77,17.65,,4.65,3.53,1.02,12.63,11.61,,2.67,1.65,150.53,
20210902,070_26,93,F,1.04,15.09,14.05,,4.3,3.26,1.29,2.68,1.39,,1.41,0.12,1,7.47,6.47,,2.12,1.12,37.86,
20210902,070_07,102,F,1,26.59,25.59,,7.01,6.01,1.02,4.41,3.39,,1.46,0.44,1.04,10.08,9.04,,2.44,1.4,48.84,
20210902,070_45,111,M,1.02,25.61,24.59,,6.51,5.49,1.03,3.37,2.34,,1.37,0.34,1.04,10.22,9.18,,2.68,1.64,61.11,
20210902,028_14,83,M,1.16,14.33,13.17,,4.21,3.05,1.17,6.66,5.49,,2.53,1.36,1.01,6.03,5.02,,2.04,1.03,39.84,
20210902,028_49,90,F,1.01,15.62,14.61,,4.53,3.52,1.01,7.06,6.05,,2.25,1.24,1,6.95,5.95,,1.81,0.81,44.34,
20210902,097_11,97,F,1.09,21,19.91,,5.42,4.33,1.32,5.85,4.53,,1.94,0.62,1.26,7.89,6.63,,2.21,0.95,55.89,
20210902,028_34,88,F,1.15,13.7,12.55,,4.03,2.88,1.11,8.08,6.97,,2.54,1.43,1.03,7.26,6.23,,1.79,0.76,33.55,
20210902,003_37,77,M,1.13,10.38,9.25,,3.08,1.95,1.29,6.17,4.88,,2.34,1.05,1.13,4.79,3.66,,1.59,0.46,35.47,
20210902,070_16,91,M,1.24,14.62,13.38,,4.28,3.04,1.08,3.18,2.1,,1.45,0.37,1.2,6.81,5.61,,2.02,0.82,34.05,
20210902,070_01,83,F,1.34,14.1,12.76,,3.99,2.65,1.29,3.79,2.5,,1.49,0.2,1.15,7.25,6.1,,1.79,0.64,29.87,
20210902,028_13,93,F,1.55,15.29,13.74,,4.7,3.15,1.22,10.9,9.68,,3.29,2.07,1.07,7.47,6.4,,1.94,0.87,50.42,
20210902,040_18,106,M,0.8,25.89,25.09,,7.29,6.49,0.79,9.28,8.49,,2.76,1.97,0.8,12.05,11.25,,2.39,1.59,83.2,
20210902,070_31,98,F,0.81,17.68,16.87,,4.81,4,0.8,3.29,2.49,,1.25,0.45,0.8,9.48,8.68,,2.3,1.5,48.15,
20210902,070_20,106,F,0.81,23.02,22.21,,6.01,5.2,0.82,4.54,3.72,,1.32,0.5,0.79,11.16,10.37,,2.12,1.33,64.82,
20210902,082_01,143,F,0.8,56.39,55.59,,11.88,11.08,0.78,12.33,11.55,,1.95,1.17,0.79,23.9,23.11,,4.09,3.3,168.87,
20210902,028_46,124,M,0.8,46.28,45.48,,12.3,11.5,0.82,25.07,24.25,,6.93,6.11,0.8,17.32,16.52,,3.07,2.27,156.53,
20210902,017_44,108,F,0.8,27.1,26.3,,6.74,5.94,0.81,4.64,3.83,,1.37,0.56,0.82,10.6,9.78,,2.13,1.31,100.87,
20210902,070_12,109,F,0.8,27.34,26.54,,6.81,6.01,0.78,4.04,3.26,,1.22,0.44,0.79,9.31,8.52,,2.03,1.24,61.97,
20210902,099_01,118,F,0.79,40.52,39.73,,10.52,9.73,0.78,9.43,8.65,,2.17,1.39,0.8,13.32,12.52,,2.53,1.73,100.35,
20210902,003_25,66,M,0.8,6.63,5.83,,2.11,1.31,0.8,1.77,0.97,,0.98,0.18,0.81,2.91,2.1,,1.07,0.26,13.8,
20210902,070_36,90,M,0.81,13.2,12.39,,3.62,2.81,0.79,2.43,1.64,,1,0.21,0.79,7.06,6.27,,1.65,0.86,34.39,
20210902,003_17,55,M,0.81,3.57,2.76,,1.39,0.58,0.8,1.43,0.63,,0.94,0.14,0.8,1.98,1.18,,1.01,0.21,6.74,
20210902,097_07,121,M,0.81,40.21,39.4,,9.59,8.78,0.79,7.79,7,,1.54,0.75,0.81,16.17,15.36,,2.77,1.96,123.58,
20210902,017_08,77,F,0.8,10.82,10.02,,3.03,2.23,0.79,3.31,2.52,,1.22,0.43,0.81,4.03,3.22,,1.26,0.45,32.98,
20210902,097_10,119,M,0.8,48.19,47.39,,11.41,10.61,0.8,7.24,6.44,,1.69,0.89,0.8,16,15.2,,2.87,2.07,126.08,
20210902,054_13,103,F,0.8,12.84,12.04,,2.95,2.15,0.79,5.36,4.57,,1.45,0.66,0.8,7.53,6.73,,1.52,0.72,59.83,
20210902,003_48,83,F,0.8,13.65,12.85,,4,3.2,0.79,5.68,4.89,,1.74,0.95,0.8,5.21,4.41,,1.48,0.68,29.89,
20210902,066_17,104,F,0.79,22.47,21.68,,5.68,4.89,0.8,2.43,1.63,,0.98,0.18,0.8,10.05,9.25,,1.9,1.1,65.36,
20210902,070_48,112,M,0.8,28.48,27.68,,7.29,6.49,0.8,4.04,3.24,,1.25,0.45,0.79,10.59,9.8,,2.15,1.36,74.29,
20210902,097_17,91,F,0.8,16.95,16.15,,4.47,3.67,0.82,5.12,4.3,,1.71,0.89,0.8,7.23,6.43,,1.78,0.98,47.4,
20210902,017_18,92,F,0.8,14.5,13.7,,4.17,3.37,0.8,3.95,3.15,,1.31,0.51,0.79,6.66,5.87,,1.59,0.8,64.73,
20210902,050_18,109,F,0.8,29.15,28.35,,8.15,7.35,0.78,4.4,3.62,,1.41,0.63,0.8,11.51,10.71,,2.38,1.58,56.28,
20210902,066_38,118,F,0.8,33.4,32.6,,8.49,7.69,0.8,6.65,5.85,,1.84,1.04,0.79,15.6,14.81,,2.88,2.09,79.26,
20210902,003_13,62,M,0.79,5.54,4.75,,2.03,1.24,0.79,1.35,0.56,,0.96,0.17,0.81,2.31,1.5,,1.11,0.3,9.88,
20210902,003_16,58,F,0.81,5.45,4.64,,2.01,1.2,0.8,1.52,0.72,,0.98,0.18,0.79,2.31,1.52,,1.09,0.3,8.51,
20210903,066_50,152,NA,1.02,64.45,63.43,,15.64,14.62,1.37,7.03,5.66,,2.1,0.73,1.22,27.41,26.19,,4.65,3.43,243.61,photo
20210903,040_12,140,M,1.12,59.47,58.35,,15.46,14.34,1.11,21.38,20.27,,6.15,5.04,1.15,22.45,21.3,,4.22,3.07,167.08,
20210903,082_02,144,M,1.02,54.61,53.59,,12.25,11.23,1.04,5.48,4.44,,1.65,0.61,1.14,22.35,21.21,,3.96,2.82,194.64,
20210903,021_11,139,M,1.05,55.67,54.62,,13.71,12.66,1.17,12.45,11.28,,3.71,2.54,1.01,20.3,19.29,,3.67,2.66,215.87,
20210903,099_36,124,M,0.98,52.79,51.81,,14.07,13.09,1.04,15.4,14.36,,3.57,2.53,1,19.4,18.4,,3.21,2.21,119.07,
20210903,066_23,150,F,1.06,57.04,55.98,,13.21,12.15,1.02,9.85,8.83,,2.23,1.21,1.01,24.87,23.86,,4.29,3.28,199.44,
20210903,066_27,148,M,1.05,52.1,51.05,,11.55,10.5,0.98,10.29,9.31,,2.23,1.25,1.02,23.44,22.42,,3.81,2.79,153.44,
20210903,082_06,139,F,1,55.72,54.72,,15.07,14.07,1.11,5.44,4.33,,1.61,0.5,0.99,20.23,19.24,,3.89,2.9,164.05,
20210903,021_14,140,F,1,48.44,47.44,,10.93,9.93,1.08,21.79,20.71,,5.41,4.33,1.03,22.18,21.15,,3.99,2.96,213.25,
20210903,021_07,142,M,1.05,59.07,58.02,,13.81,12.76,1.16,17.05,15.89,,4.35,3.19,1.01,23.05,22.04,,4.08,3.07,236.42,
20210903,066_19,157,F,0.98,69.82,68.84,,15.59,14.61,1.01,10.99,9.98,,2.08,1.07,1.05,31.4,30.35,,5.04,3.99,183.46,
20210903,082_10,133,M,1.03,50.94,49.91,,11.46,10.43,1.03,10.28,9.25,,1.76,0.73,1.02,22.45,21.43,,4.01,2.99,173.43,
20210903,028_24,87,M,0.81,15.75,14.94,,4.71,3.9,0.81,7.3,6.49,,2.53,1.72,0.81,5.85,5.04,,1.56,0.75,42.34,
20210903,054_10,81,M,0.8,9.86,9.06,,3.04,2.24,0.81,2.34,1.53,,1.11,0.3,0.79,5.47,4.68,,1.42,0.63,24.37,
20210903,028_19,77,M,0.8,10.96,10.16,,3.39,2.59,0.78,5.83,5.05,,2.01,1.23,0.78,4.41,3.63,,1.36,0.58,31.59,
20210903,028_38,85,F,0.78,16.09,15.31,,4.48,3.7,0.78,8.17,7.39,,2.16,1.38,0.8,6.05,5.25,,1.5,0.7,41.2,
20210903,054_47,78,F,0.78,8.14,7.36,,2.63,1.85,0.8,4.23,3.43,,1.49,0.69,0.78,4.82,4.04,,1.4,0.62,21.7,
20210903,050_10,109,M,0.8,29.54,28.74,,7.66,6.86,0.8,8.08,7.28,,2.31,1.51,0.81,12.12,11.31,,2.51,1.7,53.09,
20210903,099_06,114,M,0.81,41.62,40.81,,11.62,10.81,0.81,12.88,12.07,,3.58,2.77,0.79,13.68,12.89,,2.69,1.9,102.67,
20210903,040_23,90,M,0.8,13.98,13.18,,4.02,3.22,0.8,8.44,7.64,,2.86,2.06,0.8,7.13,6.33,,1.89,1.09,38.65,
20210903,070_34,114,F,0.81,25.96,25.15,,6.9,6.09,0.79,3.95,3.16,,1.18,0.39,0.8,12.39,11.59,,2.55,1.75,74.31,
20210903,050_03,114,M,0.79,28.91,28.12,,7.99,7.2,0.8,4.13,3.33,,1.4,0.6,0.79,12.99,12.2,,2.55,1.76,78.46,
20210903,040_27,110,M,0.8,24.05,23.25,,6.7,5.9,0.81,14.41,13.6,,4.47,3.66,0.8,11.54,10.74,,2.4,1.6,62.39,
20210903,070_40,108,M,0.8,24.91,24.11,,6.98,6.18,0.8,3.4,2.6,,1.14,0.34,0.8,10.06,9.26,,2.12,1.32,68.36,
20210903,050_29,114,M,0.81,29.15,28.34,,8.27,7.46,0.81,4.99,4.18,,1.69,0.88,0.8,12.94,12.14,,2.68,1.88,57.96,
20210903,050_50,117,F,0.81,30.5,29.69,,8.3,7.49,0.8,5.43,4.63,,1.36,0.56,0.81,15.72,14.91,,2.8,1.99,75.3,
20210903,076_36,93,F,0.81,13.44,12.63,,3.63,2.82,0.79,6.83,6.04,,2.08,1.29,0.81,12.33,11.52,,1.62,0.81,35.9,
20210903,021_18,124,F,0.81,21.66,20.85,,11.18,10.37,0.81,21.74,20.93,,6.49,5.68,0.81,14.55,13.74,,3.26,2.45,147.23,
20210903,040_24,133,M,0.8,42.13,41.33,,12.2,11.4,0.8,11.45,10.65,,3.6,2.8,0.8,15.47,14.67,,3.24,2.44,122.39,
20210903,082_05,141,M,0.81,41.67,40.86,,9.78,8.97,0.8,4.57,3.77,,1.4,0.6,0.8,21.8,21,,3.79,2.99,203.84,polychaetes
20210903,028_20,123,F,0.79,45.15,44.36,,13.29,12.5,0.8,29.11,28.31,,8.41,7.61,0.81,17.78,16.97,,3.29,2.48,165.57,
20210903,003_28,117,M,0.8,37.73,36.93,,10.8,10,0.8,13.7,12.9,,4.46,3.66,0.81,13,12.19,,2.62,1.81,189.75,
20210903,082_04,134,F,0.79,44.79,44,,11.54,10.75,0.81,7.21,6.4,,1.67,0.86,0.81,19.2,18.39,,3.76,2.95,194.76,
20210903,040_38,115,M,0.81,27.28,26.47,,7.85,7.04,0.81,12.19,11.38,,4.02,3.21,0.81,11.93,11.12,,2.86,2.05,80.34,
20210903,028_08,88,M,0.8,14.35,13.55,,4.62,3.82,0.81,7.34,6.53,,2.79,1.98,0.81,5.51,4.7,,1.66,0.85,42.22,
20210903,040_13,99,F,0.81,16.87,16.06,,4.83,4.02,0.81,10.19,9.38,,3.11,2.3,0.79,6.66,5.87,,1.8,1.01,43.28,
20210903,099_20,92,M,0.81,23.2,22.39,,6.54,5.73,0.81,6.81,6,,2.18,1.37,0.79,9.59,8.8,,2.15,1.36,66.22,
20210903,082_26,130,F,0.79,46.8,46.01,,12.53,11.74,0.79,7.54,6.75,,1.49,0.7,0.8,20.52,19.72,,3.62,2.82,175.16,
20210903,054_21,74,F,0.79,7.38,6.59,,2.48,1.69,0.79,1.24,0.45,,0.92,0.13,0.8,3.86,3.06,,1.33,0.53,18.51,
20210903,050_45,114,F,0.79,31.65,30.86,,8.88,8.09,0.81,5.03,4.22,,1.46,0.65,0.8,11.54,10.74,,2.45,1.65,63.13,
20210906,050_40,110,F,0.94,26.11,25.17,,6.64,5.7,0.86,3.65,2.79,,1.16,0.3,0.94,11.41,10.47,,2.34,1.4,54.97,
20210906,003_33,109,M,0.9,29.16,28.26,,7.74,6.84,0.92,12.24,11.32,,3.48,2.56,0.89,9.98,9.09,,1.97,1.08,125.28,
20210906,050_46,117,F,0.87,29.09,28.22,,7.34,6.47,0.99,4.3,3.31,,1.4,0.41,0.92,11.79,10.87,,2.5,1.58,75.14,
20210906,066_14,89,M,0.87,14.68,13.81,,3.86,2.99,0.83,3.47,2.64,,1.28,0.45,0.94,6.85,5.91,,1.58,0.64,35.77,
20210906,028_30,89,F,0.95,13.73,12.78,,3.86,2.91,0.91,8.4,7.49,,2.32,1.41,0.94,5.82,4.88,,1.59,0.65,53.14,
20210906,040_17,113,F,0.83,22.98,22.15,,5.85,5.02,0.89,15.46,14.57,,3.7,2.81,0.86,12.08,11.22,,2.11,1.25,74.08,
20210906,070_47,99,F,0.96,14.53,13.57,,3.83,2.87,0.96,3.56,2.6,,1.33,0.37,0.85,6.82,5.97,,1.63,0.78,42.59,
20210906,066_46,98,F,0.86,18.23,17.37,,4.62,3.76,0.86,2.85,1.99,,1.1,0.24,0.8,7.15,6.35,,1.58,0.78,39.81,
20210907,028_16,80,M,0.82,13.3,12.48,,4.11,3.29,0.82,5.73,4.91,,2.18,1.36,0.84,5.72,4.88,,1.72,0.88,35.54,
20210907,070_24,84,F,0.96,11.76,10.8,,3.78,2.82,0.86,2.77,1.91,,1.23,0.37,0.8,5.71,4.91,,5.71,4.91,28.18,
20210907,040_30,120,M,0.82,33.94,33.12,,10.18,9.36,0.97,15.35,14.38,,4.82,3.85,1.13,12.77,11.64,,12.77,11.64,83.61,
20210907,040_06,109,F,0.86,27.31,26.45,,8.24,7.38,0.91,17.58,16.67,,5.23,4.32,0.86,9.49,8.63,,9.49,8.63,70.41,
20210907,021_20,106,M,0.85,25.75,24.9,,7.36,6.51,1,4.38,3.38,,1.6,0.6,0.8,12.71,11.91,,12.71,11.91,97.45,
20210907,066_34,104,M,0.85,21.78,20.93,,6.3,5.45,1.04,4.66,3.62,,1.54,0.5,0.97,12.29,11.32,,12.29,11.32,64.79,
20210907,021_02,150,F,0.98,33.92,32.94,,7.99,7.01,0.93,25.8,24.87,,6.85,5.92,0.84,20.01,19.17,,20.01,19.17,214.27,
20210907,070_18,116,F,1.06,33.44,32.38,,9.12,8.06,0.88,5.57,4.69,,1.52,0.64,0.97,16.34,15.37,,16.34,15.37,92.89,
20210907,070_02,95,M,0.82,17.17,16.35,,4.9,4.08,0.88,3.89,3.01,,1.4,0.52,0.91,8.48,7.57,,8.48,7.57,49.26,
20210907,099_02,112,M,1,32.97,31.97,,9.89,8.89,0.86,11.26,10.4,,3.47,2.61,0.93,13.43,12.5,,13.43,12.5,73.15,
20210907,054_23,82,M,1,9.63,8.63,,3.11,2.11,0.95,2.64,1.69,,1.32,0.37,0.97,6.83,5.86,,6.83,5.86,21.32,
20210907,070_30,114,F,0.86,26.48,25.62,,7.43,6.57,0.83,3.99,3.16,,1.36,0.53,0.81,12.9,12.09,,12.9,12.09,69.73,
20210907,070_39,97,F,1.01,16.55,15.54,,4.85,3.84,0.83,2.41,1.58,,1.05,0.22,0.91,9,8.09,,9,8.09,39.08,
20210907,050_12,136,M,0.81,62.88,62.07,,14.81,14,0.92,9.48,8.56,,1.94,1.02,0.92,24.8,23.88,,24.8,23.88,122.68,
20210907,066_22,107,F,0.85,23.32,22.47,,6.78,5.93,0.83,4.08,3.25,,1.35,0.52,0.94,11.55,10.61,,11.55,10.61,63.85,
20210907,066_33,148,F,1.04,58.9,57.86,,13.66,12.62,1.05,8.71,7.66,,2.02,0.97,1.22,26.11,24.89,,26.11,24.89,212.55,polychaetes
20210907,099_22,127,M,0.86,61.05,60.19,,15.16,14.3,1.13,9.73,8.6,,2.74,1.61,0.98,21.17,20.19,,21.17,20.19,123.51,
20210907,021_04,155,F,0.83,66.5,65.67,,14.6,13.77,0.79,22.71,21.92,,6,5.21,1.01,27.84,26.83,,27.84,26.83,219.51,polychaetes
20210907,021_16,140,F,0.99,35.16,34.17,,8.61,7.62,0.85,14.76,13.91,,3.74,2.89,0.8,20.59,19.79,,20.59,19.79,162.28,
20210907,028_21,92,M,0.9,16.35,15.45,,5.1,4.2,0.96,8.5,7.54,,2.85,1.89,0.84,9.52,8.68,,9.52,8.68,45.61,
20210907,070_49,112,M,0.8,25.7,24.9,,6.8,6,0.89,4.71,3.82,,1.34,0.45,0.89,11.55,10.66,,11.55,10.66,66.74,
20210907,054_45,80,M,0.82,8.39,7.57,,2.77,1.95,0.82,3.24,2.42,,1.39,0.57,0.82,5.06,4.24,,5.06,4.24,23.29,duplicate?
20210907,097_02,122,F,0.85,48.78,47.93,,12.73,11.88,0.82,5.34,4.52,,1.31,0.49,0.83,16.37,15.54,,16.37,15.54,110.68,
20210907,097_04,130,F,0.8,39.44,38.64,,9.38,8.58,0.81,10.03,9.22,,1.85,1.04,0.83,16.33,15.5,,16.33,15.5,131.1,
20210907,082_13,136,F,1.02,43.57,42.55,,10.22,9.2,1.03,5.42,4.39,,1.51,0.48,1.01,17.52,16.51,,3.43,2.42,154.51,
20210907,066_15,151,F,1.17,55.32,54.15,,13.05,11.88,1.18,9.26,8.08,,1.93,0.75,1.17,27.39,26.22,,4.37,3.2,176.63,polychaetes
20210907,021_24,101,F,1.03,17.99,16.96,,4.9,3.87,1.02,11.17,10.15,,3.13,2.11,1.14,8.9,7.76,,2.12,0.98,71.93,
20210907,050_33,116,F,1.2,27.04,25.84,,7.45,6.25,1.17,4.79,3.62,,1.75,0.58,1.06,12.08,11.02,,2.82,1.76,55.61,
20210907,099_30,87,M,1.13,15.47,14.34,,4.81,3.68,1.16,6.96,5.8,,2.58,1.42,1.22,7.02,5.8,,2.05,0.83,36.31,
20210907,040_47,158,M,1.27,66.55,65.28,,16.44,15.17,1.23,20.18,18.95,,5.43,4.2,1.14,24.76,23.62,,4.44,3.3,226.82,
20210907,070_23,110,M,1.09,28.43,27.34,,7.29,6.2,1.18,4.03,2.85,,1.5,0.32,1.14,12.27,11.13,,3.21,2.07,75.76,
20210907,082_17,148,F,1.11,67.42,66.31,,15.81,14.7,1.16,7.13,5.97,,1.76,0.6,1.14,23.51,22.37,,4.48,3.34,236.16,polychaetes
20210907,050_41,118,F,1.24,30.66,29.42,,8.45,7.21,1.08,6.49,5.41,,1.73,0.65,1.26,13.88,12.62,,2.97,1.71,76.64,
20210907,040_20,151,F,1.2,64.66,63.46,,16,14.8,1.29,39.95,38.66,,9.2,7.91,1.35,29.08,27.73,,5.17,3.82,181.56,
20210907,082_20,149,M,1.14,55.46,54.32,,13.8,12.66,1.02,12.94,11.92,,2.21,1.19,0.96,21.97,21.01,,3.64,2.68,197.5,polychaetes
20210907,017_29,122,M,1.07,37.14,36.07,,9.1,8.03,1.03,7.5,6.47,,2.03,1,1,13.95,12.95,,3.15,2.15,176.94,
20210908,028_10,80,M,0.89,9.08,8.19,,2.84,1.95,0.82,4.35,3.53,,1.8,0.98,0.81,4.53,3.72,,1.41,0.6,42.19,
20210908,082_03,141,M,0.81,48.59,47.78,,12.89,12.08,0.88,8.15,7.27,,1.86,0.98,0.82,19.6,18.78,,3.45,2.63,163.7,
20210908,054_36,87,M,0.82,11.9,11.08,,3.63,2.81,0.82,1.68,0.86,,0.98,0.16,0.81,7.64,6.83,,1.79,0.98,27.01,
20210908,066_06,144,F,0.86,62.58,61.72,,16.55,15.69,0.94,10.97,10.03,,2.32,1.38,0.96,25.64,24.68,,4.27,3.31,158.37,
20210908,099_33,96,M,0.8,22.16,21.36,,6.73,5.93,0.83,8.17,7.34,,2.51,1.68,0.95,11.23,10.28,,2.28,1.33,48.86,
20210908,028_48,95,F,0.8,19.6,18.8,,5.86,5.06,0.89,8.8,7.91,,2.75,1.86,0.82,12.26,11.44,,2.66,1.84,67.07,
20210908,082_14,143,F,0.89,56.81,55.92,,15.01,14.12,0.94,7.42,6.48,,1.96,1.02,1.12,22.97,21.85,,2.5,1.38,162.17,
20210908,040_16,91,F,0.97,16.1,15.13,,4.55,3.58,0.89,8.46,7.57,,2.41,1.52,0.97,9,8.03,,1.87,0.9,33.34,
20210908,099_34,136,M,0.8,66.28,65.48,,17.02,16.22,0.97,26.11,25.14,,5.82,4.85,0.8,25.63,24.83,,4.09,3.29,130.33,
20210908,050_34,108,F,0.81,28.61,27.8,,8.14,7.33,0.8,5,4.2,,1.33,0.53,0.8,12.92,12.12,,2.43,1.63,63.01,
20210908,099_03,116,M,0.81,42.04,41.23,,11.28,10.47,0.79,12.1,11.31,,2.97,2.18,0.81,19.56,18.75,,3.04,2.23,92.49,
20210908,082_25,142,M,0.79,60.17,59.38,,14.93,14.14,0.8,7.67,6.87,,1.71,0.91,0.8,20.51,19.71,,3.67,2.87,187.97,
20210908,070_11,104,M,0.79,22.6,21.81,,6.22,5.43,0.82,4.54,3.72,,1.25,0.43,0.81,11.27,10.46,,2.18,1.37,62.07,
20210908,017_19,118,F,0.82,30.55,29.73,,7.91,7.09,0.8,4.72,3.92,,1.35,0.55,0.81,16.96,16.15,,3.17,2.36,118.78,
20210908,054_15,79,M,0.81,9.75,8.94,,2.91,2.1,0.82,1.81,0.99,,1.01,0.19,0.81,4.32,3.51,,1.26,0.45,21.59,
20210908,028_12,103,F,0.79,23.11,22.32,,6.56,5.77,0.79,13.52,12.73,,3.76,2.97,0.81,9.88,9.07,,2.05,1.24,80.17,
20210908,040_15,141,F,0.8,62.16,61.36,,15.23,14.43,0.8,14.11,13.31,,3.3,2.5,0.81,32.9,32.09,,4.59,3.78,206.12,
20210908,082_24,109,F,0.8,30.18,29.38,,8.01,7.21,0.81,4.73,3.92,,1.26,0.45,0.79,14.22,13.43,,2.57,1.78,104.96,
20210908,050_38,101,M,0.81,23.89,23.08,,6.37,5.56,0.81,4.6,3.79,,1.47,0.66,0.81,12.92,12.11,,2.4,1.59,43.56,
20210908,054_30,84,F,0.8,9.06,8.26,,2.73,1.93,0.82,3.01,2.19,,1.24,0.42,0.79,7.17,6.38,,1.9,1.11,22.48,
20210908,070_06,90,M,0.79,15.17,14.38,,4.37,3.58,0.81,3.42,2.61,,1.25,0.44,0.81,6.69,5.88,,1.67,0.86,37.55,
20210908,070_05,100,M,0.81,17.75,16.94,,4.86,4.05,0.81,5.88,5.07,,1.68,0.87,0.79,14.17,13.38,,2.79,2,46.15,
20210908,066_04,153,F,0.79,68.4,67.61,,16.82,16.03,0.8,12.72,11.92,,1.82,1.02,0.79,27.58,26.79,,4.51,3.72,184.21,minor polychaetes
20210908,070_10,101,F,0.79,21.52,20.73,,5.59,4.8,0.78,3.07,2.29,,1.13,0.35,0.78,10.79,10.01,,2.08,1.3,47.09,
20210908,070_43,113,M,0.81,31.2,30.39,,7.91,7.1,0.79,5.06,4.27,,1.38,0.59,0.79,17.04,16.25,,2.92,2.13,63.98,
20210908,070_17,93,M,0.79,14.92,14.13,,4.1,3.31,0.8,3.38,2.58,,1.24,0.44,0.8,9.38,8.58,,1.82,1.02,35.39,
20210908,070_44,89,F,0.8,13.99,13.19,,3.76,2.96,0.81,3.8,2.99,,1.22,0.41,0.81,7.56,6.75,,1.95,1.14,33.94,
20210908,070_13,86,F,0.8,10.73,9.93,,2.9,2.1,0.8,2.9,2.1,,1.05,0.25,0.8,7.84,7.04,,1.51,0.71,28.44,
20210908,054_34,80,F,1.24,9.19,7.95,,3.01,1.77,1.03,2.91,1.88,,1.38,0.35,1,5.01,4.01,,1.63,0.63,21.6,
20210908,066_01,143,M,1.31,54.37,53.06,,13.1,11.79,1.19,15.08,13.89,,3.24,2.05,1.05,25.96,24.91,,4.19,3.14,155.24,polychaetes
20210908,040_21,112,F,1.09,25.05,23.96,,6.59,5.5,1.01,9.96,8.95,,2.61,1.6,1.25,14.85,13.6,,3.47,2.22,62.77,
20210908,054_18,87,M,1.18,12.28,11.1,,3.75,2.57,1.26,2.45,1.19,,1.34,0.08,1.21,7.07,5.86,,1.97,0.76,25.87,
20210908,050_26,119,M,1.45,30.99,29.54,,8.66,7.21,1.04,6.39,5.35,,1.75,0.71,1.04,13.82,12.78,,2.7,1.66,66.72,
20210908,050_25,105,M,1.13,24.7,23.57,,6.81,5.68,1.1,4.39,3.29,,1.6,0.5,1.11,17.48,16.37,,2.97,1.86,55.5,
20210908,082_22,115,M,1.05,32.03,30.98,,8.03,6.98,1.28,8.19,6.91,,2.36,1.08,1.11,15.62,14.51,,2.93,1.82,95.14,
20210908,017_46,93,M,1.14,16.3,15.16,,4.07,2.93,1.11,4.44,3.33,,1.7,0.59,1.09,6.78,5.69,,1.95,0.86,74.08,
20210909,017_38,137,F,0.8,26.25,25.45,,6.07,5.27,0.8,7.08,6.28,,1.89,1.09,0.8,15.33,14.53,,2.82,2.02,191.2,polychaetes
20210909,066_39,115,F,0.8,35.09,34.29,,9.81,9.01,0.8,4.69,3.89,,1.41,0.61,0.81,15.33,14.52,,2.91,2.1,93.49,
20210909,040_14,99,F,0.8,17.66,16.86,,5.11,4.31,0.79,6.33,5.54,,1.94,1.15,0.78,8.32,7.54,,1.87,1.09,37.97,
20210909,054_14,79,F,0.78,8.79,8.01,,2.8,2.02,0.79,3.38,2.59,,1.35,0.56,0.79,5.93,5.14,,1.43,0.64,20.46,
20210909,028_47,105,M,0.8,27.63,26.83,,8.22,7.42,0.8,12.52,11.72,,4.05,3.25,0.8,11.98,11.18,,2.41,1.61,90.78,
20210909,054_29,82,M,0.79,8.36,7.57,,2.6,1.81,0.79,2.24,1.45,,1.07,0.28,0.79,4.89,4.1,,1.35,0.56,21.78,
20210909,050_28,121,M,0.79,30.95,30.16,,8.62,7.83,0.79,7.2,6.41,,1.91,1.12,0.79,15.25,14.46,,2.83,2.04,77.61,
20210909,082_09,115,M,0.79,34.39,33.6,,10,9.21,0.79,7.24,6.45,,1.77,0.98,0.8,13.71,12.91,,2.58,1.78,97.7,
20210909,017_10,81,M,0.8,11.21,10.41,,3.37,2.57,0.8,2.17,1.37,,1.04,0.24,0.79,4.75,3.96,,1.41,0.62,47.09,
20210909,021_13,156,F,1.04,61.36,60.32,,14.9,13.86,1.15,24.69,23.54,,5.97,4.82,1.06,26.38,25.32,,4.58,3.52,173.53,polychaetes
20210909,099_13,120,M,1.09,41.48,40.39,,12.2,11.11,1.47,27.2,25.73,,8.76,7.29,1.35,14.66,13.31,,3.37,2.02,109.48,
20210909,054_45,94,M,0.79,14.56,13.77,,3.99,3.2,0.81,2.25,1.44,,0.98,0.17,0.79,7.75,6.96,,1.53,0.74,37.36,duplicate?
20210909,040_28,140,F,0.79,43.62,42.83,,11.03,10.24,0.79,22.25,21.46,,5.48,4.69,0.8,20.77,19.97,,3.27,2.47,202.98,
20210909,099_32,47,F,0.81,3.08,2.27,,1.44,0.63,0.81,1.1,0.29,,0.88,0.07,0.8,1.66,0.86,,0.99,0.19,4.94,
20210909,054_40,76,F,0.8,7.06,6.26,,2.31,1.51,0.8,1.96,1.16,,0.97,0.17,0.81,4.4,3.59,,1.19,0.38,17.32,
20210909,099_38,113,F,0.8,40.19,39.39,,12.21,11.41,0.81,12.58,11.77,,3.18,2.37,0.82,12.97,12.15,,2.63,1.81,81.98,
20210909,082_08,143,M,0.8,55.04,54.24,,11.9,11.1,0.81,8.72,7.91,,1.87,1.06,0.79,23.07,22.28,,3.92,3.13,183.24,
20210909,017_27,111,M,0.79,28.59,27.8,,7.96,7.17,0.7,5.73,5.03,,1.75,1.05,0.79,10.77,9.98,,2.22,1.43,86.94,
20210909,040_09,144,M,1.25,57.84,56.59,,16.13,14.88,1.16,15.71,14.55,,4.34,3.18,1.16,24.88,23.72,,4.23,3.07,167.79,polychaetes
20210909,070_29,117,M,0.82,30.29,29.47,,8.32,7.5,0.79,5.06,4.27,,1.26,0.47,0.79,14.92,14.13,,2.43,1.64,80.91,
20210909,028_25,126,F,0.81,42.74,41.93,,12.36,11.55,0.8,22.46,21.66,,5.94,5.14,0.8,17.96,17.16,,2.94,2.14,143.4,
20210909,054_16,110,M,0.81,20.42,19.61,,5.7,4.89,0.8,4.41,3.61,,1.37,0.57,0.8,11.6,10.8,,2.22,1.42,60.6,
20210909,054_12,78,F,0.8,8.79,7.99,,2.7,1.9,0.81,2.38,1.57,,1.06,0.25,0.81,4.69,3.88,,1.36,0.55,20.4,
20210909,099_48,97,M,0.82,21.68,20.86,,6.41,5.59,0.81,7.4,6.59,,2.31,1.5,0.79,10.11,9.32,,2.05,1.26,59.2,
20210909,017_20,142,M,1.2,33.57,32.37,,6.43,5.23,1.08,7.65,6.57,,2.12,1.04,1.08,16.03,14.95,,3.05,1.97,167.46,
20210909,070_04,118,M,1.18,33.54,32.36,,8.63,7.45,1.22,7.35,6.13,,1.87,0.65,1.11,14.69,13.58,,2.66,1.55,83.23,
20210909,040_26,106,M,1.25,16.83,15.58,,4.7,3.45,1.09,6.84,5.75,,2.28,1.19,1.26,10.05,8.79,,2.33,1.07,65.96,
20210909,099_14,122,F,1.02,42.31,41.29,,11.3,10.28,1.04,8.86,7.82,,2.14,1.1,1.24,16.76,15.52,,3.17,1.93,93.67,
20210909,054_06,79,M,1.12,8.59,7.47,,2.79,1.67,1.25,2.8,1.55,,1.48,0.23,1.12,4.98,3.86,,1.61,0.49,18.05,
20210909,054_42,116,M,1.29,26.91,25.62,,7.35,6.06,1.15,5.02,3.87,,1.66,0.51,1.24,12.1,10.86,,2.75,1.51,85.25,
20210909,040_08,124,M,1.22,31.61,30.39,,7.92,6.7,1.13,9.41,8.28,,2.52,1.39,1.05,14.7,13.65,,2.73,1.68,86.77,
20210909,066_07,143,F,1.08,61.98,60.9,,14.52,13.44,1.05,9.87,8.82,,2.11,1.06,1.02,24.33,23.31,,4.24,3.22,159.48,
20210909,054_27,76,F,1.03,7.73,6.7,,2.43,1.4,0.98,3.35,2.37,,1.26,0.28,1.17,4.6,3.43,,1.63,0.46,18.17,
20210909,099_15,135,F,1.01,59.87,58.86,,15.23,14.22,1.01,14.85,13.84,,3.22,2.21,1.23,22.34,21.11,,4.33,3.1,131.06,polychaetes
20210909,050_08,113,M,1.12,29.28,28.16,,7.41,6.29,1.06,6.21,5.15,,1.54,0.48,1.1,13.81,12.71,,2.76,1.66,61.69,
20210909,054_20,82,M,1.05,10.32,9.27,,2.98,1.93,1.02,2.45,1.43,,1.26,0.24,1.13,5.19,4.06,,1.64,0.51,24.52,
20210909,082_11,93,F,1.01,17.12,16.11,,4.94,3.93,0.99,3.44,2.45,,1.3,0.31,1.04,8.44,7.4,,2.04,1,46.79,
20210910,017_33,136,M,0.87,28.03,27.16,,6.21,5.34,0.96,5.87,4.91,,1.7,0.74,1.04,18.48,17.44,,3.25,2.21,161.24,
20210910,070_14,97,M,1.07,19.18,18.11,,5.39,4.32,1.13,4.35,3.22,,1.65,0.52,1.2,14.01,12.81,,3.28,2.08,41.12,
20210910,040_25,114,M,1.27,25.53,24.26,,7.15,5.88,1.2,16.5,15.3,,4.99,3.79,1.05,21.65,20.6,,3.82,2.77,85.76,
20210910,099_07,112,F,1.13,38.45,37.32,,11.82,10.69,1.13,16.51,15.38,,3.82,2.69,1.06,15.03,13.97,,3.09,2.03,114.32,
20210910,017_36,127,M,1.01,36.76,35.75,,9.73,8.72,0.87,4.62,3.75,,1.47,0.6,0.99,18.14,17.15,,3.26,2.27,156.07,
20210910,017_31,100,M,1.04,20.83,19.79,,5.9,4.86,0.93,8.92,7.99,,2.84,1.91,0.93,11.15,10.22,,2.44,1.51,79.84,
20210910,017_14,139,F,0.83,32.43,31.6,,6.89,6.06,1.02,5.53,4.51,,1.52,0.5,1.12,17.46,16.34,,3.14,2.02,183.5,
20210910,050_36,111,F,0.91,27.5,26.59,,7.45,6.54,0.94,5.43,4.49,,1.64,0.7,0.94,16.6,15.66,,3.46,2.52,55.33,
20210910,040_10,101,F,0.89,21.8,20.91,,6.34,5.45,0.95,7.83,6.88,,2.46,1.51,0.97,9.29,8.32,,2.11,1.14,86.46,
20210910,066_48,121,F,0.92,37.35,36.43,,10.1,9.18,1,8.13,7.13,,1.71,0.71,1.05,17.58,16.53,,3.16,2.11,84.98,
20210910,050_23,113,F,0.97,32.14,31.17,,8.97,8,1.02,3.88,2.86,,1.42,0.4,0.98,15.59,14.61,,3.25,2.27,60.53,
20210910,054_43,97,M,0.87,14.23,13.36,,4.09,3.22,0.92,3.99,3.07,,1.51,0.59,0.87,7.33,6.46,,1.71,0.84,39.95,
20210910,070_15,109,F,0.95,25.6,24.65,,6.68,5.73,0.99,4.97,3.98,,1.52,0.53,0.87,13.7,12.83,,2.47,1.6,65.19,
20210910,054_39,83,F,0.95,9.42,8.47,,2.9,1.95,1.07,6.51,5.44,,2.2,1.13,0.86,5.78,4.92,,1.47,0.61,21.82,
20210910,017_39,134,F,0.89,38.49,37.6,,8.71,7.82,1.04,6,4.96,,1.71,0.67,0.86,14.83,13.97,,2.87,2.01,213.66,
20210910,040_05,112,M,1.01,28.93,27.92,,8.02,7.01,1.09,13.24,12.15,,4.23,3.14,0.89,15.85,14.96,,2.76,1.87,81.35,
20210910,070_50,97,M,0.95,15.78,14.83,,4.45,3.5,0.95,4.59,3.64,,1.59,0.64,0.87,8.42,7.55,,1.75,0.88,43.01,
20210910,021_19,138,F,0.97,42.61,41.64,,9.42,8.45,0.9,21.84,20.94,,5.45,4.55,0.95,21.45,20.5,,3.77,2.82,193.68,polychaetes
20210910,082_29,124,F,0.86,42.1,41.24,,10.38,9.52,1,7.11,6.11,,1.73,0.73,0.94,19.35,18.41,,3.91,2.97,120.17,
20210910,076_13,88,M,1.06,11.49,10.43,,3.26,2.2,0.97,4.92,3.95,,1.8,0.83,0.94,6.31,5.37,,1.67,0.73,37.34,
20210910,070_03,105,M,0.96,21.07,20.11,,5.6,4.64,1.02,6.08,5.06,,1.53,0.51,0.92,9.94,9.02,,1.99,1.07,54.57,
20210910,017_49,91,F,0.82,16.78,15.96,,4.59,3.77,0.92,3.92,3,,1.28,0.36,0.92,7.72,6.8,,2.15,1.23,76.6,
20210910,054_11,82,M,0.99,10.23,9.24,,3.14,2.15,1,3.92,2.92,,1.64,0.64,0.85,6.18,5.33,,1.48,0.63,25.38,
20210910,017_34,115,F,1.37,21.12,19.75,,5.02,3.65,1.01,2.98,1.97,,1.25,0.24,0.99,9.61,8.62,,2.17,1.18,122.71,
20210910,099_27,115,F,1.13,54.55,53.42,,14.57,13.44,1.03,12.12,11.09,,2.73,1.7,1.05,20.34,19.29,,4.15,3.1,133.74,polychaetes;verystrange shape; shell height misrepresents size
20210910,099_28,144,F,1.36,72.36,71,,20.15,18.79,1,17.44,16.44,,3.33,2.33,1.32,27.83,26.51,,4.8,3.48,159.51,
20210910,070_19,87,F,1.01,12.16,11.15,,3.59,2.58,1.01,2.63,1.62,,1.29,0.28,0.97,7.17,6.2,,1.84,0.87,30.77,
20210910,054_26,86,M,1.04,11.34,10.3,,3.47,2.43,1,2.28,1.28,,1.19,0.19,1.01,5.69,4.68,,1.63,0.62,25.63,
20210910,054_38,102,F,1.01,21.37,20.36,,5.84,4.83,1.02,9.76,8.74,,2.84,1.82,1.02,9.4,8.38,,2.18,1.16,48.51,
20210910,040_19,146,F,1.06,57.09,56.03,,13.25,12.19,1.12,38.43,37.31,,9.67,8.55,1.01,27.38,26.37,,4.62,3.61,237.97,
20210910,050_35,104,F,1.14,20.13,18.99,,5.47,4.33,1.12,5.16,4.04,,1.61,0.49,1,8.77,7.77,,2.01,1.01,47.72,
20210910,040_22,114,M,1.01,23.51,22.5,,6.1,5.09,0.96,15.41,14.45,,4.54,3.58,1.09,13.64,12.55,,2.61,1.52,79.32,
20210910,017_05,94,F,1.04,17.87,16.83,,4.89,3.85,1.04,7.8,6.76,,2.28,1.24,0.98,9.46,8.48,,2.44,1.46,81.28,
20210910,070_22,97,F,1.1,17.7,16.6,,4.75,3.65,1.1,2.67,1.57,,1.22,0.12,1.02,8.97,7.95,,2.34,1.32,38.93,
20210910,017_32,134,M,1.03,50.91,49.88,,12.32,11.29,1.19,7.37,6.18,,1.9,0.71,1.34,24.62,23.28,,4.04,2.7,159.92,polychaetes
20210910,082_15,150,M,1.04,61.44,60.4,,14.04,13,1.07,10.76,9.69,,2.17,1.1,1.02,25.95,24.93,,4.26,3.24,224.92,
20210928,106_21,102,M,1.28,25.43,24.15,,7.19,5.91,1.29,3.79,2.5,,1.71,0.42,1.29,16.97,15.68,,3.75,2.46,50.14,polychaetes; done by Oscar!