Station,Cast,BottleID,Filtered,Date,Latitude_degrees_start,Longitude_degrees_start,Latitude_degrees_end,Longitude_degrees_end,Depth_fathoms,Depth_meters,Time_CTD_on,Time_in,Time_bottom,Time_ascent,Time_out,Salinity_bottle,Preservation,Pres_vol_ug,Bottle_CTD_notes,Tow_start_time,Tow_end_time,Tow_latitude_start,Tow_longitude_start,Tow_latitude_end,Tow_longitude_end,Tow_abundance,Scallop_samples,Tow_notes,Depth_m_CTD,Temperature,Temp_FLAG,Pressure,Press_FLAG,SeaPressure,SeaPress_FLAG,Salinity,Salinity_FLAG,DIC,DIC_FLAG,TA,TA_FLAG,DIC/TA Ratio,Dissolved_oxygen,DO_sat
1,Bottom,RSA_229,,20211005,41°42.00',69°48.00',41°41.95',69°48.15',23.1,42.2,5:50,5:50,5:53,5:58,6:00,,Mercuric,100,rain; gear caught on niskin,NA,NA,NA,NA,NA,NA,NA,,,44.80690621,10.30947409,,54.74966732,,44.61716732,,32.5586,,2100.1,,2208.1,,0.951089172,241.2239867,84.87207365
1,Surface,RSA_230,,20211005,41°42.00',69°48.00',41°41.95',69°48.15',23.1,42.2,NA,5:52,NA,NA,NA,,Mercuric,100,rain,NA,NA,NA,NA,NA,NA,NA,,,2.5,16.49007289,,12.59629286,,2.46379286,,31.6768,,1947,,2175.9,,0.894802151,274.3493411,109.0932648
2,Bottom,RSA_231,Y,20211005,41°36.02',69°42.04',41°36.19',69°42.10',18.6,34,7:07,7:13,7:16,7:21,7:23,,Mercuric,100,rain,NA,NA,NA,NA,NA,NA,NA,,,37.24861335,10.75573525,,,,,,32.4402,,2102,,2190.9,,0.959423068,,
2,Bottom,RSA_232,,20211005,41°36.02',69°42.04',41°36.19',69°42.10',18.6,34,7:07,7:13,7:16,7:21,7:23,,Mercuric,100,rain,NA,NA,NA,NA,NA,NA,NA,,,37.24861335,10.75573525,,47.05143558,,36.91893558,,32.4402,,2099.1,,2206.1,,0.951498119,240.9490434,85.53655794
2,Surface,RSA_233,,20211005,41°36.02',69°42.04',41°36.19',69°42.10',18.6,34,NA,7:22,NA,NA,NA,,Mercuric,100,rain; petcock & valve fell out,NA,NA,NA,NA,NA,NA,NA,,,2.5,17.02470713,,12.67826159,,2.545761587,,31.6377,,1931.6,,2154.6,,0.896500511,272.9647246,109.6568998
3,Bottom,RSA_236,,20211005,41°36.04',69°30.08',41°36.08',69°30.28',40,73.2,8:59,9:00,9:03,9:06,9:09,D1,Mercuric,100,rain,9:22,9:35,41°35.58',69°29.62',41°34.73',69°28.72',1188,50,,74.83874507,8.760803324,,85.03522723,,74.90272723,,33.0057,,2119.9,,2228.5,,0.951267669,246.6409105,84.09879228
3,Surface,RSA_237,,20211005,41°36.04',69°30.08',41°36.08',69°30.28',40,73.2,NA,9:02,NA,NA,NA,,Mercuric,100,rain; petcock finicky,9:22,9:35,41°35.58',69°29.62',41°34.73',69°28.72',1188,50,,2.5,16.74988846,,12.66403358,,2.531533583,,31.5991,,1946.2,,2155.8,,0.902773912,274.957251,109.840688
5,Surface,RSA_238,,20211005,41°30.26',69°24.25',41°30.32',69°24.33',34.2,62.5,10:47,10:48,10:49,10:53,10:55,D2,Mercuric,100,rain; originally recorded as surface sample,NA,NA,NA,NA,NA,NA,NA,,,2.5,17.07090789,,12.3901,,2.2576,,31.6019,,1936,,2143.2,,0.903322135,272.7309653,109.6238413
5,Bottom,RSA_239,,20211005,41°30.26',69°24.25',41°30.32',69°24.33',34.2,62.5,NA,10:51,NA,NA,NA,,Mercuric,100,rain; petcock finicky; originally recorded as surface sample,NA,NA,NA,NA,NA,NA,NA,,,64.50986527,10.10636442,,74.0176965,,63.8851965,,32.607,,2102.1,,2209.8,,0.951262558,248.5588563,87.11201608
4,Bottom,RSA_241,,20211005,41°24.16',69°18.14',41°24.13',69°18.17',57.2,104.6,12:06,12:08,12:11,12:14,12:16,D3,Mercuric,100,rain,NA,NA,NA,NA,NA,NA,NA,,,106.5844807,9.145002323,,117.1027306,,106.9702306,,32.9278,,2118.7,,2224.1,,0.952610045,251.3807916,86.39921054
4,Bottom,RSA_242,Y,20211005,41°24.16',69°18.14',41°24.13',69°18.17',57.2,104.6,12:06,12:08,12:11,12:14,12:16,D3,Mercuric,100,rain,NA,NA,NA,NA,NA,NA,NA,,,106.5844807,9.145002323,,117.1027306,,106.9702306,,32.9278,,2118.6,,2221.5,,0.953679946,,
4,Surface,RSA_243,,20211005,41°24.16',69°18.14',41°24.13',69°18.17',57.2,104.6,NA,12:13,NA,NA,NA,,Mercuric,100,rain; petcock finicky,NA,NA,NA,NA,NA,NA,NA,,,2.5,17.09010065,,12.61976725,,2.487267252,,32.0214,,1944.5,,2175,,0.894022989,277.9537476,112.0661495
6,Bottom,RSA_244,Y,20211005,41°18.06',69°24.02',41°18.09',69°24.02',20.2,36.9,13:21,13:22,13:25,13:27,13:29,,Mercuric,100,,NA,NA,NA,NA,NA,NA,NA,,,46.73907281,11.45358194,,56.87032122,,46.73782122,,32.6189,,2085.5,,2211.8,,0.942897188,,
6,Bottom,RSA_245,,20211005,41°18.06',69°24.02',41°18.09',69°24.02',20.2,36.9,13:21,13:22,13:25,13:27,13:29,,Mercuric,100,,NA,NA,NA,NA,NA,NA,NA,,,46.73907281,11.45358194,,56.87032122,,46.73782122,,32.6189,,2086,,2206.6,,0.945345781,253.5759653,91.48569214
6,Surface,RSA_246,,20211005,41°18.06',69°24.02',41°18.09',69°24.02',20.2,36.9,NA,13:27,NA,NA,NA,,Mercuric,100,petcock finicky,NA,NA,NA,NA,NA,NA,NA,,,2.5,15.95213079,,12.5789312,,2.446431196,,32.189,,1979.3,,2187.2,,0.904946964,274.4942577,108.3407708
7,Bottom,RSA_247,,20211005,41°12.14',69°18.11',41°12.03',69°17.84',28,51.2,14:24,14:24,14:26,14:28,14:30,,Mercuric,100,,NA,NA,NA,NA,NA,NA,NA,,,53.74904129,11.95668586,,63.96007798,,53.82757798,,32.5986,,2073.4,,2212.3,,0.937214664,259.6930391,94.68902625
7,Surface,RSA_248,,20211005,41°12.14',69°18.11',41°12.03',69°17.84',28,51.2,NA,14:25,NA,NA,NA,,Mercuric,100,petcock finicky,NA,NA,NA,NA,NA,NA,NA,,,2.5,14.26167933,,12.67618385,,2.543683854,,32.4017,,2025.6,,2198.9,,0.921187867,264.4181364,101.0149271
8,Bottom,RSA_249,,20211005,41°06.04',69°12.00',41°05.98',69°11.80',31.2,57.1,14:24,15:23,15:24,15:26,15:28,D4,Mercuric,100,CTD on from site 7,NA,NA,NA,NA,NA,NA,NA,,,59.32839615,13.16642019,,69.90414783,,59.77164783,,32.7304,,2065.7,,2214,,0.933017164,257.9934283,96.54906313
8,Surface,RSA_250,,20211005,41°06.04',69°12.00',41°05.98',69°11.80',31.2,57.1,NA,15:24,NA,NA,NA,,Mercuric,100,petcock finicky,NA,NA,NA,NA,NA,NA,NA,,,2.5,15.29358808,,12.7017815,,2.569281497,,32.4491,,2011.1,,2198.4,,0.914801674,263.5255119,102.8228133
10,Bottom,RSA_251,,20211005,40°59.88',69°06.07',40°59.13',69°05.47',38.6,70.6,14:24,17:45,17:47,17:54,17:56,,Benzalkonium and mercuric,250,CTD on from site 9,NA,NA,NA,NA,NA,NA,NA,,,74.35754047,12.37937273,,85.00844731,,74.87594731,,32.7816,,2075.6,,2214.5,,0.937277038,254.3090817,93.66582994
9,Bottom,RSA_252,,20211005,41°08.98',69°00.06',41°08.88',68°59.91',53.4,97.7,14:24,16:33,16:35,16:38,16:40,D5,Benzalkonium and mercuric,250,CTD on from site 8,NA,NA,NA,NA,NA,NA,NA,,,98.573616,8.652105584,,108.0825149,,97.95001493,,32.6188,,2030.1,,2206.3,,0.920137787,261.6634356,88.93965635
9,Surface,RSA_253,,20211005,41°08.98',69°00.06',41°08.88',68°59.91',53.4,97.7,NA,16:35,NA,NA,NA,,Benzalkonium and mercuric,250,petcock finicky -- switched niskins,NA,NA,NA,NA,NA,NA,NA,,,2.5,17.67929676,,12.6428917,,2.510391701,,32.2903,,1947.8,,2185.9,,0.891074615,280.8813137,114.7314585
10,Surface,RSA_254,,20211005,40°59.88',69°06.07',40°59.13',69°05.47',38.6,70.6,NA,17:44,NA,NA,NA,,Benzalkonium and mercuric,250,,NA,NA,NA,NA,NA,NA,NA,,,2.5,17.07645596,,12.65291363,,2.520413627,,32.768,,1997.9,,2211.4,,0.903454825,273.8771556,110.8988884
12,Bottom,RSA_255,,20211005,40°54.01',68°47.99',40°53.86',68°47.90',38.1,69.7,19:42,19:43,19:44,19:47,19:49,D6,Benzalkonium and mercuric,250,,NA,NA,NA,NA,NA,NA,NA,,,72.62829468,16.4097835,,82.94243616,,72.80993616,,32.687,,2026.3,,2198.8,,0.921548117,262.1218548,104.7028223
11,Bottom,RSA_256,,20211005,40°53.92',68°53.96',40°53.62',68°53.86',39.2,71.7,19:02,19:03,19:04,19:06,19:09,,Benzalkonium and mercuric,250,,NA,NA,NA,NA,NA,NA,NA,,,60.84884348,15.69863124,,71.22513496,,61.09263496,,32.713,,2041.1,,2201.3,,0.927224822,257.0653443,101.2805389
11,Surface,RSA_257,,20211005,40°53.92',68°53.96',40°53.62',68°53.86',39.2,71.7,NA,19:05,NA,NA,NA,,Benzalkonium and mercuric,250,,NA,NA,NA,NA,NA,NA,NA,,,2.5,17.24676544,,12.68432109,,2.551821086,,32.5935,,1987.3,,2199.9,,0.903359244,284.1074124,115.2984206
12,Surface,RSA_258,,20211005,40°54.01',68°47.99',40°53.86',68°47.90',38.1,69.7,NA,19:42,NA,NA,NA,,Benzalkonium and mercuric,250,,NA,NA,NA,NA,NA,NA,NA,,,2.5,16.55094174,,12.75383786,,2.621337864,,32.6495,,2011.5,,2198.2,,0.915066873,269.5014671,107.9367997
13,Bottom,RSA_259,,20211005,40°53.99',68°42.01',40°53.94',68°41.98',34.8,63.6,20:24,20:24,20:26,20:28,20:30,,Mercuric,100,,20:36,20:51,40°54.32',68°42.33',40°55.04',68°43.05',0,0,rocks & large fluke,66.2785203,17.79557486,,75.81262235,,65.68012235,,32.6097,,2004.8,,2188.5,,0.916061229,270.2290163,110.8425328
13,Surface,RSA_260,,20211005,40°53.99',68°42.01',40°53.94',68°41.98',34.8,63.6,NA,20:27,NA,NA,NA,,Mercuric,100,,20:36,20:51,40°54.32',68°42.33',40°55.04',68°43.05',0,0,rocks & large fluke,2.5,17.85161178,,12.67644254,,2.543942542,,32.6038,,2004.2,,2191.8,,0.914408249,267.6138152,109.8837982
15,Bottom,RSA_261,,20211005,41°05.97',68°42.05',41°06.04',68°42.13',31.5,57.6,22:46,22:47,22:49,22:52,22:53,D7,Mercuric,100,,NA,NA,NA,NA,NA,NA,NA,,,62.37412584,14.78701076,,72.79482087,,62.66232087,,32.7781,,2049.8,,2202.9,,0.930500704,257.5600972,99.67812995
14,Bottom,RSA_262,,20211005,40°59.96',68°47.99',40°59.93',68°48.07',36.8,67.3,21:42,21:43,21:45,21:48,21:49,,Mercuric,100,"labeled 261 on datasheet; suspect the second ""261"" is correct",NA,NA,NA,NA,NA,NA,NA,,,70.1162809,14.87975791,,80.19542574,,70.06292574,,32.7539,,2050,,2205.2,,0.929620896,254.352981,98.6097449
14,Surface,RSA_263,,20211005,40°59.96',68°47.99',40°59.93',68°48.07',36.8,67.3,NA,21:46,NA,NA,NA,,Mercuric,100,labeled 262 on datasheet; suspect 262 is Bottom & 263 is Surface,NA,NA,NA,NA,NA,NA,NA,,,2.5,17.06130816,,12.64387777,,2.511377773,,32.6361,,1990.8,,2198.3,,0.90560888,279.9020259,113.2137973
15,Surface,RSA_264,,20211005,41°05.97',68°42.05',41°06.04',68°42.13',31.5,57.6,NA,22:49,NA,NA,NA,,Mercuric,100,,NA,NA,NA,NA,NA,NA,NA,,,2.5,16.95690927,,12.63724613,,2.504746128,,32.6449,,2006.6,,2197.1,,0.913294798,273.9311914,110.5802508
16,Bottom,RSA_265,,20211005,41°12.09',68°48.05',41°12.21',68°48.12',43.2,79,22:46,23:43,23:44,23:47,23:49,,Mercuric,100,CTD on from site 15,NA,NA,NA,NA,NA,NA,NA,,,81.21506344,9.485954965,,91.4005644,,81.2680644,,32.6015,,2065.4,,2206.3,,0.93600145,257.9979962,89.29346467
16,Surface,RSA_266,,20211005,41°12.09',68°48.05',41°12.21',68°48.12',43.2,79,NA,23:46,NA,NA,NA,,Mercuric,100,,NA,NA,NA,NA,NA,NA,NA,,,2.5,17.1931447,,12.62300741,,2.490507406,,32.5852,,1981.4,,2195.8,,0.902359049,277.3203716,112.4216158
17,Bottom,RSA_267,,20211006,41°12.00',68°42.07',41°12.15',68°42.19',34.8,63.6,0:35,0:36,0:36,0:39,0:41,D8,Mercuric,100,top of niskin closed during cast,0:48,1:03,41°12.15',68°41.60',41°12.12',68°40.19',133,50,large gravid lobsters,67.1661117,12.80018877,,77.80275257,,67.67025257,,32.7855,,2064.3,,2205,,0.936190476,252.0994881,93.68216369
17,Surface,RSA_268,,20211006,41°12.00',68°42.07',41°12.15',68°42.19',34.8,63.6,NA,0:35,NA,NA,NA,,Mercuric,100,,0:48,1:03,41°12.15',68°41.60',41°12.12',68°40.19',133,50,large gravid lobsters,2.5,16.69442678,,12.59405567,,2.461555674,,32.6529,,2005.1,,2197,,0.912653619,275.3442074,110.5891036
22,Bottom,RSA_269,Y?,20211006,41°23.95',68°24.00',41°23.84',68°23.99',33.2,60.7,NA,6:32,NA,NA,NA,,Mercuric,100,originally recorded as surface sample (unfiltered),NA,NA,NA,NA,NA,NA,NA,,,60.7,NA,,NA,,NA,,32.8184,,2072.9,,2209.8,,0.938045889,,
18,Bottom,RSA_270,,20211006,41°12.05',68°36.03',41°12.15',68°36.06',33,60.4,1:39,1:40,1:41,1:44,1:45,,Benzalkonium and mercuric,250,,NA,NA,NA,NA,NA,NA,NA,,,63.55147552,16.89177194,,73.92602706,,63.79352706,,32.6574,,2019.5,,2197.1,,0.919166174,264.4026465,106.6067659
18,Surface,RSA_271,,20211006,41°12.05',68°36.03',41°12.15',68°36.06',33,60.4,NA,1:41,NA,NA,NA,,Benzalkonium and mercuric,250,,NA,NA,NA,NA,NA,NA,NA,,,2.5,17.07372389,,12.73066984,,2.598169842,,32.6552,,2018.6,,2202.8,,0.916379154,261.6780073,105.8804587
19,Bottom,RSA_272,,20211006,41°18.04',68°29.98',41°18.10',68°29.96',32.7,59.8,2:36,2:36,2:37,2:40,2:41,,Benzalkonium and mercuric,250,,NA,NA,NA,NA,NA,NA,NA,,,61.73857403,17.09550099,,71.22137209,,61.08887209,,32.6616,,2019.7,,2196,,0.919717669,263.4650427,106.6527971
19,Surface,RSA_273,,20211006,41°18.04',68°29.98',41°18.10',68°29.96',32.7,59.8,NA,2:38,NA,NA,NA,,Benzalkonium and mercuric,250,,NA,NA,NA,NA,NA,NA,NA,,,2.5,17.89732486,,12.62501876,,2.492518764,,32.6171,,2010.5,,2196.9,,0.91515317,262.9794056,108.0841904
22,Bottom,RSA_274,,20211006,41°23.95',68°24.00',41°23.84',68°23.99',33.2,60.7,6:31,6:32,6:33,6:36,6:37,,Mercuric,100,no CTD data; originally recorded as filtered,NA,NA,NA,NA,NA,NA,NA,,,60.7,NA,,NA,,NA,,32.8184,,2074.6,,2211,,0.938305667,NA,NA
20,Bottom,RSA_275,,20211006,41°20.87',68°41.82',41°20.89',69°41.80',50.2,91.8,3:57,3:57,3:59,4:02,4:05,D9,Mercuric,100,,NA,NA,NA,NA,NA,NA,NA,,,93.27686814,9.109280327,,103.3767981,,93.24429813,,32.8669,,2114.6,,2223.1,,0.951194278,255.3317243,87.66428889
22,Surface,RSA_276,,20211006,41°23.95',68°24.00',41°23.84',68°23.99',33.2,60.7,6:31,6:32,6:33,6:36,6:37,,Mercuric,100,no CTD data; originally recorded as bottom sample,NA,NA,NA,NA,NA,NA,NA,,,0,NA,,NA,,NA,,32.6533,,2009.4,,2197.6,,0.914345531,NA,NA
20,Surface,RSA_277,,20211006,41°20.87',68°41.82',41°20.89',69°41.80',50.2,91.8,NA,3:59,NA,NA,NA,,Mercuric,100,,NA,NA,NA,NA,NA,NA,NA,,,2.5,17.42713359,,12.40244802,,2.269948018,,32.4581,,1966.9,,2200.3,,0.893923556,272.5440693,110.8955268
21,Bottom,RSA_278,,20211006,41°26.95',68°36.04',41°26.90',68°36.02',50.7,92.7,5:00,5:00,5:02,5:05,5:06,D10,Mercuric,100,,5:14,5:29,41°26.58',68°35.23',41°26.06',68°33.68',306,50,,94.5678379,8.317186294,,105.0572693,,94.92476929,,32.9634,,2119,,2227.3,,0.951376106,258.1451345,87.10132878
21,Surface,RSA_279,,20211006,41°26.95',68°36.04',41°26.90',68°36.02',50.7,92.7,NA,5:02,NA,NA,NA,,Mercuric,100,,5:14,5:29,41°26.58',68°35.23',41°26.06',68°33.68',306,50,,2.5,17.20999211,,12.60883441,,2.476334409,,32.6939,,1992.6,,2210.9,,0.90126193,271.3824041,110.1235303
23,Bottom,RSA_280,,20211006,41°29.93',68°30.04',41°29.89',68°30.09',50.8,92.9,7:40,7:49,7:51,7:53,7:54,,Mercuric,100,recast (messenger caught by tape); no CTD data,NA,NA,NA,NA,NA,NA,NA,,,92.9,NA,,NA,,NA,,32.9459,,2118.3,,2227.8,,0.950850577,NA,NA
23,Surface,RSA_281,,20211006,41°29.93',68°30.04',41°29.89',68°30.09',50.8,92.9,NA,7:42,NA,NA,NA,,Mercuric,100,,NA,NA,NA,NA,NA,NA,NA,,,0,NA,,NA,,NA,,32.6819,,2017.5,,2199.7,,0.917155459,NA,NA
26,Bottom,RSA_282,,20211006,41°48.06',68°00.04',41°48.16',68°00.07',21.7,39.7,12:33,12:33,12:35,12:38,12:39,,Mercuric,100,,NA,NA,NA,NA,NA,NA,NA,,,42.21246926,15.06300543,,51.68634794,,41.55384794,,32.7633,,2040,,2208.7,,0.923620229,260.5141303,101.3769687
25,Surface,RSA_283,,20211006,41°48.01',68°11.99',41°48.03',68°12.03',47.3,86.5,NA,10:56,NA,NA,NA,,Mercuric,100,,11:09,11:27,41°47.91',68°11.36',41°48.02',68°09.75',1048,50,drag down for ~18 mins (dealing with Niskin situation),2.5,17.70309236,,12.47749963,,2.344999628,,32.5942,,1998,,2195.1,,0.910209102,267.0429825,109.3311324
24,Bottom,RSA_284,Y,20211006,41°35.96',68°24.04',41°35.96',68°24.08',12.9,23.6,8:54,8:55,8:56,8:59,9:00,D11,Mercuric,100,,NA,NA,NA,NA,NA,NA,NA,,,26.51608556,16.77730614,,36.35723835,,26.22473835,,32.6959,,2023,,2203.7,,0.918001543,,
24,Bottom,RSA_285,,20211006,41°35.96',68°24.04',41°35.96',68°24.08',12.9,23.6,8:54,8:55,8:56,8:59,9:00,D11,Mercuric,100,,NA,NA,NA,NA,NA,NA,NA,,,26.51608556,16.77730614,,36.35723835,,26.22473835,,32.6959,,2026,,2194.8,,0.923090942,260.6214672,104.8536073
24,Surface,RSA_286,,20211006,41°35.96',68°24.04',41°35.96',68°24.08',12.9,23.6,NA,8:56,NA,NA,NA,,Mercuric,100,,NA,NA,NA,NA,NA,NA,NA,,,2.5,16.7765444,,12.74892255,,2.61642255,,32.6644,,2019.6,,2198.8,,0.918501001,260.471942,104.7909827
25,Bottom,RSA_287,,20211006,41°48.01',68°11.99',41°48.03',68°12.03',47.3,86.5,10:55,10:55,10:57,11:00,11:01,D12,Mercuric,100,"petcock, disc, bushing lost; no sal sample recorded",11:09,11:27,41°47.91',68°11.36',41°48.02',68°09.75',1048,50,drag down for ~18 mins (dealing with Niskin situation),88.67232296,9.918480106,,98.19227055,,88.05977055,,32.881,,2099.9,,2222.1,,0.945006975,250.8489094,87.71632173
26,Surface,RSA_288,Y?,20211006,41°48.06',68°00.04',41°48.16',68°00.07',21.7,39.7,NA,12:34,NA,NA,NA,,Mercuric,100,filtered sample not labeled on datasheet,NA,NA,NA,NA,NA,NA,NA,,,2.5,17.39908421,,12.74795533,,2.615455327,,32.6397,,2003.8,,2196.5,,0.91226952,,
26,Surface,RSA_289,,20211006,41°48.06',68°00.04',41°48.16',68°00.07',21.7,39.7,NA,12:34,NA,NA,NA,,Mercuric,100,filtered sample not labeled on datasheet,NA,NA,NA,NA,NA,NA,NA,,,2.5,17.39908421,,12.74795533,,2.615455327,,32.6397,,2005.4,,2192.5,,0.914663626,268.7600282,109.4224072
27,Bottom,RSA_290,,20211006,41°54.02',67°54.00',41°54.19',67°54.02',33.7,61.6,13:28,13:29,13:30,13:34,13:36,,Mercuric,100,,NA,NA,NA,NA,NA,NA,NA,,,64.33720677,12.71567357,,74.04845546,,63.91595546,,32.8831,,2074.4,,2215.3,,0.936396876,255.5644868,94.85500542
27,Surface,RSA_291,,20211006,41°54.02',67°54.00',41°54.19',67°54.02',33.7,61.6,NA,13:29,NA,NA,NA,,Mercuric,100,,NA,NA,NA,NA,NA,NA,NA,,,2.5,17.04823961,,12.46057309,,2.328073092,,32.6736,,2008.4,,2196.3,,0.914447025,270.1503465,109.2668182
28,Bottom,RSA_292,Y,20211006,41°59.98',67°30.02',41°59.95',67°29.94',21.7,39.7,15:43,15:43,15:45,15:49,15:50,,Mercuric,100,,15:54,16:09,42°00.16',67°29.76',42°01.03',67°28.90',1815,50,heavily encrusted with barnacles,42.19160344,17.64059367,,52.53270852,,42.40020852,,32.5868,,2002.4,,2187.6,,0.915341013,,
28,Bottom,RSA_293,,20211006,41°59.98',67°30.02',41°59.95',67°29.94',21.7,39.7,15:43,15:43,15:45,15:49,15:50,,Mercuric,100,,15:54,16:09,42°00.16',67°29.76',42°01.03',67°28.90',1815,50,heavily encrusted with barnacles,42.19160344,17.64059367,,52.53270852,,42.40020852,,32.5868,,2007.8,,2185.6,,0.918649341,276.3117366,112.985076
28,Surface,RSA_294,,20211006,41°59.98',67°30.02',41°59.95',67°29.94',21.7,39.7,NA,15:45,NA,NA,NA,,Mercuric,100,,15:54,16:09,42°00.16',67°29.76',42°01.03',67°28.90',1815,50,heavily encrusted with barnacles,2.5,17.69476695,,12.61112882,,2.478628824,,32.6248,,2006.6,,2188.7,,0.916799927,280.4303729,114.8151868
29,Bottom,RSA_295,,20211006,42°06.03',67°23.93',42°05.96',67°23.82',37.9,69.3,16:56,16:58,16:59,17:01,17:02,,Mercuric,100,labeled 297 on datasheet,NA,NA,NA,NA,NA,NA,NA,,,71.45779137,9.956667131,,81.87158678,,71.73908678,,33.0179,,2102.3,,2223,,0.945704004,259.2161712,90.77012611
29,Surface,RSA_296,,20211006,42°06.03',67°23.93',42°05.96',67°23.82',37.9,69.3,NA,16:58,NA,NA,NA,,Mercuric,100,,NA,NA,NA,NA,NA,NA,NA,,,2.5,17.15654629,,12.69199654,,2.559496539,,32.6264,,2005.3,,2194.5,,0.913784461,286.1382638,115.9432589
30,Bottom,RSA_297,,20211006,42°05.94',67°12.04',42°05.56',67°11.82',28.7,52.5,17:55,17:56,17:57,18:00,18:02,,Mercuric,100,,18:07,18:22,42°05.09',67°11.72',42°03.96',67°11.68',513,50,"lobster, cod, barnacles, lots of crabs",54.84614105,13.7766942,,65.04172716,,54.90922716,,32.7975,,2060.9,,2208.7,,0.933082809,266.4468889,101.0361029
30,Surface,RSA_298,Y,20211006,42°05.94',67°12.04',42°05.56',67°11.82',28.7,52.5,NA,17:57,NA,NA,NA,,Mercuric,100,,18:07,18:22,42°05.09',67°11.72',42°03.96',67°11.68',513,50,"lobster, cod, barnacles, lots of crabs",2.5,16.37900186,,12.64833183,,2.515831831,,32.7087,,2021.7,,2204.7,,0.91699551,,
30,Surface,RSA_299,,20211006,42°05.94',67°12.04',42°05.56',67°11.82',28.7,52.5,NA,17:57,NA,NA,NA,,Mercuric,100,,18:07,18:22,42°05.09',67°11.72',42°03.96',67°11.68',513,50,"lobster, cod, barnacles, lots of crabs",2.5,16.37900186,,12.64833183,,2.515831831,,32.7087,,2020.2,,2205.9,,0.915816674,277.5350795,110.8208705
31,Bottom,RSA_300,,20211006,41°59.96',67°11.98',41°59.81',67°11.96',28.5,52.1,18:47,18:49,18:49,18:52,18:53,,Mercuric,100,,NA,NA,NA,NA,NA,NA,NA,,,53.71178552,16.15550234,,64.07513252,,53.94263252,,32.7084,,2028.2,,2202,,0.921071753,267.1877707,106.2210912
31,Surface,RSA_301,,20211006,41°59.96',67°11.98',41°59.81',67°11.96',28.5,52.1,NA,18:49,NA,NA,NA,,Mercuric,100,,NA,NA,NA,NA,NA,NA,NA,,,2.5,17.05641527,,12.69708675,,2.564586749,,32.6575,,2013.9,,2198.5,,0.916033659,272.8699779,110.373433
32,Bottom,RSA_302,,20211006,41°54.05',67°23.89',41°53.15',67°23.70',27,49.4,19:58,19:58,20:00,20:03,20:05,,Mercuric,100,,NA,NA,NA,NA,NA,NA,NA,,,52.04536427,17.71309721,,62.13728774,,52.00478774,,32.597,,2009.6,,2185.3,,0.91959914,280.0145733,114.6658543
32,Surface,RSA_303,,20211006,41°54.05',67°23.89',41°53.15',67°23.70',27,49.4,NA,19:59,NA,NA,NA,,Mercuric,100,,NA,NA,NA,NA,NA,NA,NA,,,2.5,17.70710289,,13.59325548,,3.460755483,,32.6035,,2002,,2189.8,,0.914238743,282.2196741,115.5601288
35,Bottom,RSA_304,,20211006,41°41.96',67°17.99',41°41.81',67°17.99',25.7,47,21:21,21:21,21:22,21:25,21:26,,Benzalkonium and mercuric,250,,NA,NA,NA,NA,NA,NA,NA,,,49.01163014,17.78517792,,59.09135251,,48.95885251,,32.5829,,2003.7,,2186.6,,0.916354157,280.5649198,115.0403775
35,Surface,RSA_305,Y,20211006,41°41.96',67°17.99',41°41.81',67°17.99',25.7,47,NA,21:22,NA,NA,NA,,Benzalkonium and mercuric,250,,NA,NA,NA,NA,NA,NA,NA,,,2.5,17.78481122,,12.67502759,,2.542527587,,32.5702,,2001.7,,2185.3,,0.915984075,,
35,Surface,RSA_306,,20211006,41°41.96',67°17.99',41°41.81',67°17.99',25.7,47,NA,21:22,NA,NA,NA,,Benzalkonium and mercuric,250,,NA,NA,NA,NA,NA,NA,NA,,,2.5,17.78481122,,12.67502759,,2.542527587,,32.5702,,2003.8,,2186.8,,0.916316078,280.3200724,114.9302489
34,Bottom,RSA_307,,20211006,41°35.99',67°30.08',41°36.01',67°30.29',14.7,26.9,22:30,22:31,22:32,22:35,22:36,D13,Benzalkonium and mercuric,250,,NA,NA,NA,NA,NA,NA,NA,,,27.32180531,18.20973841,,37.47871961,,27.34621961,,32.5694,,2002.4,,2181.4,,0.917942606,272.9287863,112.7936064
34,Surface,RSA_308,Y,20211006,41°35.99',67°30.08',41°36.01',67°30.29',14.7,26.9,NA,22:31,NA,NA,NA,,Benzalkonium and mercuric,250,,NA,NA,NA,NA,NA,NA,NA,,,2.5,18.21356969,,12.62967571,,2.497175712,,32.5501,,2004.9,,2183.8,,0.918078579,,
34,Surface,RSA_309,,20211006,41°35.99',67°30.08',41°36.01',67°30.29',14.7,26.9,NA,22:31,NA,NA,NA,,Benzalkonium and mercuric,250,,NA,NA,NA,NA,NA,NA,NA,,,2.5,18.21356969,,12.62967571,,2.497175712,,32.5501,,2001.5,,2182.9,,0.916899537,274.7737701,113.5693621
33,Bottom,RSA_310,Y,20211006,41°30.03',67°42.03',41°30.12',67°42.18',23.3,42.6,23:45,23:45,23:46,23:49,23:49,,Benzalkonium and mercuric,250,petcock fell out; switched niskins,NA,NA,NA,NA,NA,NA,NA,,,46.54272458,18.41819559,,56.87457274,,46.74207274,,32.547,,1993.9,,2181.2,,0.914129837,,
33,Bottom,RSA_311,,20211006,41°30.03',67°42.03',41°30.12',67°42.18',23.3,42.6,23:45,23:45,23:46,23:49,23:49,,Benzalkonium and mercuric,250,petcock fell out; switched niskins,NA,NA,NA,NA,NA,NA,NA,,,46.54272458,18.41819559,,56.87457274,,46.74207274,,32.547,,1992.8,,2181.2,,0.913625527,278.6013495,115.5980593
33,Surface,RSA_312,,20211006,41°30.03',67°42.03',41°30.12',67°42.18',23.3,42.6,NA,23:46,NA,NA,NA,,Benzalkonium and mercuric,250,,NA,NA,NA,NA,NA,NA,NA,,,2.5,18.41139475,,12.55266868,,2.420168676,,32.5442,,1993.6,,2181.6,,0.913824716,277.1373078,114.9737322
36,Bottom,RSA_313,,20211007,41°30.00',67°06.16',41°29.95',67°06.00',27.9,51,2:58,2:58,2:59,3:02,3:03,,Benzalkonium and mercuric,250,,NA,NA,NA,NA,NA,NA,NA,,,57.3782327,15.82991844,,67.7256728,,57.5931728,,32.5957,,2022.5,,2196.6,,0.920741145,262.7809243,103.7271202
36,Surface,RSA_314,,20211007,41°30.00',67°06.16',41°29.95',67°06.00',27.9,51,NA,2:57,NA,NA,NA,,Benzalkonium and mercuric,250,,NA,NA,NA,NA,NA,NA,NA,,,2.5,17.06776002,,12.65617513,,2.523675134,,32.4652,,1991.4,,2189.6,,0.909481184,279.2085295,112.8293242
37,Surface,RSA_315,Y,20211007,41°24.07',67°00.06',41°23.95',66°59.99',33.7,61.6,NA,3:56,NA,NA,NA,,Mercuric,100,,4:06,4:25,41°23.57',67°00.30',41°22.35',67°01.37',2,2,drag down for 19 mins; all sand dollars,2.5,17.42198261,,12.68494516,,2.552445163,,32.3576,,1973.7,,2186,,0.902881976,,
37,Surface,RSA_316,,20211007,41°24.07',67°00.06',41°23.95',66°59.99',33.7,61.6,NA,3:56,NA,NA,NA,,Mercuric,100,,4:06,4:25,41°23.57',67°00.30',41°22.35',67°01.37',2,2,drag down for 19 mins; all sand dollars,2.5,17.42198261,,12.68494516,,2.552445163,,32.3576,,1975.3,,2183.3,,0.90473137,280.5164777,114.0627287
37,Bottom,RSA_317,,20211007,41°24.07',67°00.06',41°23.95',66°59.99',33.7,61.6,3:55,3:56,3:57,4:00,4:01,D14,Mercuric,100,,4:06,4:25,41°23.57',67°00.30',41°22.35',67°01.37',2,2,drag down for 19 mins; all sand dollars,60.04671335,13.76667097,,70.66129211,,60.52879211,,32.8085,,2062.6,,2213.1,,0.931995843,252.8948073,95.87502524
38,Bottom,RSA_318,,20211007,41°18.02',67°05.95',41°17.97',67°05.92',31.5,57.6,5:09,5:10,5:11,5:14,5:15,,Mercuric,100,,NA,NA,NA,NA,NA,NA,NA,,,55.58794501,14.73871254,,65.80305864,,55.67055864,,32.6927,,2058.2,,2206.5,,0.932789486,255.4210555,98.70510487
38,Surface,RSA_319,,20211007,41°18.02',67°05.95',41°17.97',67°05.92',31.5,57.6,NA,5:10,NA,NA,NA,,Mercuric,100,,NA,NA,NA,NA,NA,NA,NA,,,2.5,17.20483546,,12.63544886,,2.502948858,,32.3955,,1985.1,,2183.4,,0.909178346,278.482565,112.7873946
39,Bottom,RSA_320,,20211007,41°17.93',66°53.94',41°17.80',66°53.90',37.4,68.4,6:12,6:13,6:15,6:18,6:19,,Mercuric,100,,NA,NA,NA,NA,NA,NA,NA,,,65.17891803,11.51860491,,75.79133742,,65.65883742,,32.988,,2096.3,,2228.5,,0.940677586,253.5236472,91.81019636
39,Surface,RSA_321,,20211007,41°17.93',66°53.94',41°17.80',66°53.90',37.4,68.4,NA,6:14,NA,NA,NA,,Mercuric,100,,NA,NA,NA,NA,NA,NA,NA,,,2.5,17.51207773,,12.63038749,,2.497887493,,32.3948,,1979.7,,2182.9,,0.906912822,278.6549364,113.5286068
40,Bottom,RSA_322,,20211007,41°17.95',66°41.96',41°17.87',66°41.96',41,75,7:18,7:19,7:20,7:23,7:24,,Mercuric,100,,NA,NA,NA,NA,NA,NA,NA,,,76.50113186,11.66261875,,86.95287478,,76.82037478,,32.9409,,2084,,2225.7,,0.936334636,253.9997169,92.23760875
40,Surface,RSA_323,,20211007,41°17.95',66°41.96',41°17.87',66°41.96',41,75,NA,7:20,NA,NA,NA,,Mercuric,100,,NA,NA,NA,NA,NA,NA,NA,,,2.5,17.21475556,,12.66425925,,2.531759255,,32.4146,,1977.6,,2194.1,,0.901326284,279.1013888,113.0729678
41,Bottom,RSA_324,Y,20211007,41°24.03',66°36.06',41°23.93',66°36.05',46.3,84.7,8:25,8:25,8:26,8:29,8:30,,Mercuric,100,,8:36,8:51,41°23.38',66°35.96',41°22.19',66°36.01',843,50,*tow moved bc of lobster gear at site 40; very clean pile,86.21018471,11.79867162,,96.99294801,,86.86044801,,32.9115,,2088.5,,2223.6,,0.93924267,,
41,Bottom,RSA_325,,20211007,41°24.03',66°36.06',41°23.93',66°36.05',46.3,84.7,8:25,8:25,8:26,8:29,8:30,,Mercuric,100,,8:36,8:51,41°23.38',66°35.96',41°22.19',66°36.01',843,50,*tow moved bc of lobster gear at site 40; very clean pile,86.21018471,11.79867162,,96.99294801,,86.86044801,,32.9115,,2087.2,,2223.2,,0.938826916,251.911005,91.7268665
41,Surface,RSA_326,,20211007,41°24.03',66°36.06',41°23.93',66°36.05',46.3,84.7,NA,8:27,NA,NA,NA,,Mercuric,100,,8:36,8:51,41°23.38',66°35.96',41°22.19',66°36.01',843,50,*tow moved bc of lobster gear at site 40; very clean pile,2.5,18.24582164,,12.66619902,,2.533699025,,32.8589,,1981.8,,2226,,0.890296496,270.3517689,112.0200055
42,Bottom,RSA_327,,20211007,41°17.95',66°29.98',41°17.84',66°30.08',49,89.6,9:36,9:37,9:38,9:41,9:42,D15,Mercuric,100,,NA,NA,NA,NA,NA,NA,NA,,,91.69730312,12.33247535,,102.2901307,,92.15763067,,34.4074,,2136.9,,2294,,0.931517001,226.8996328,84.33721517
42,Surface,RSA_328,,20211007,41°17.95',66°29.98',41°17.84',66°30.08',49,89.6,NA,9:37,NA,NA,NA,,Mercuric,100,,NA,NA,NA,NA,NA,NA,NA,,,2.5,19.32319085,,12.62234244,,2.489842438,,33.4363,,1994.5,,2254.9,,0.884518161,259.4575414,110.0939407
43,Bottom,RSA_329,,20211007,41°12.05',66°24.11',41°12.00',66°24.22',50.4,92.2,10:31,10:32,10:33,10:36,10:38,,Mercuric,100,,NA,NA,NA,NA,NA,NA,NA,,,94.09400322,14.01295908,,104.9779712,,94.84547121,,35.1962,,2149.5,,2334.5,,0.920753909,210.2020738,81.30783113
43,Surface,RSA_330,,20211007,41°12.05',66°24.11',41°12.00',66°24.22',50.4,92.2,NA,10:32,NA,NA,NA,,Mercuric,100,,NA,NA,NA,NA,NA,NA,NA,,,2.5,20.69855059,,12.63209697,,2.499596968,,34.0748,,1999.4,,2281.1,,0.876550787,252.0790776,110.0835638
44,Bottom,RSA_331,,20211007,41°11.99',66°35.91',41°11.94',66°36.09',45,82.3,11:30,11:31,11:32,11:34,11:35,D16,Mercuric,100,,NA,NA,NA,NA,NA,NA,NA,,,82.63434821,11.09383443,,93.28666658,,83.15416658,,33.1019,,2100.1,,2231.7,,0.941031501,251.9752494,90.47991471
44,Surface,RSA_332,,20211007,41°11.99',66°35.91',41°11.94',66°36.09',45,82.3,NA,11:31,NA,NA,NA,,Mercuric,100,,NA,NA,NA,NA,NA,NA,NA,,,2.5,17.1511599,,12.61241044,,2.479910442,,32.3788,,1972.4,,2197.8,,0.897442897,273.2074792,110.524538
45,Bottom,RSA_333,,20211007,41°11.99',66°47.94',41°12.06',66°48.06',38.8,71,12:31,12:32,12:32,12:34,12:35,,Mercuric,100,,NA,NA,NA,NA,NA,NA,NA,,,68.40490415,11.09058313,,78.90574543,,68.77324543,,33.0214,,2093.1,,2231.5,,0.937978938,254.7717668,91.43983897
45,Surface,RSA_334,,20211007,41°11.99',66°47.94',41°12.06',66°48.06',38.8,71,NA,12:32,NA,NA,NA,,Mercuric,100,,NA,NA,NA,NA,NA,NA,NA,,,2.5,17.15932198,,12.57361931,,2.441119315,,32.3097,,1972.4,,2191,,0.900228206,274.1341231,110.8701322
46,Bottom,RSA_335,,20211007,41°06.07',66°42.08',41°06.06',66°42.21',42.5,77.7,13:33,13:34,13:35,13:36,13:37,,Mercuric,100,,NA,NA,NA,NA,NA,NA,NA,,,67.54838383,10.93425234,,77.94000274,,67.80750274,,33.3614,,2111.1,,2248.8,,0.938767343,248.8681123,89.21533036
46,Surface,RSA_336,,20211007,41°06.07',66°42.08',41°06.06',66°42.21',42.5,77.7,NA,13:34,NA,NA,NA,,Mercuric,100,quite a bit of headspace,NA,NA,NA,NA,NA,NA,NA,,,2.5,17.23948874,,12.63824571,,2.505745708,,32.5857,,1981.7,,2206.5,,0.898119193,274.6668513,111.4461864
47,Surface,RSA_337,,20211007,41°00.02',66°36.02',40°59.96',66°35.95',45.6,83.4,14:32,14:32,14:34,14:35,14:36,,Mercuric,100,originally recorded as bottom sample,NA,NA,NA,NA,NA,NA,NA,,,2.5,17.87996753,,12.64539164,,2.512891644,,32.7222,,1978.6,,2223.3,,0.88993838,274.1723136,112.7191086
47,Bottom,RSA_338,,20211007,41°00.02',66°36.02',40°59.96',66°35.95',45.6,83.4,NA,14:32,NA,NA,NA,,Mercuric,100,originally recorded as surface sample,NA,NA,NA,NA,NA,NA,NA,,,66.57696741,12.84901517,,77.1628,,67.0303,,34.4508,,2129.1,,2297.9,,0.926541625,231.0826684,86.86423438
48,Surface,RSA_339,Y,20211007,41°00.01',66°47.98',41°00.07',66°47.97',41.3,75.5,NA,15:37,NA,NA,NA,,Mercuric,100,,NA,NA,NA,NA,NA,NA,NA,,,2.5,17.2093808,,12.62255635,,2.490056355,,32.4864,,1978.8,,2206.2,,0.896926843,,
48,Surface,RSA_340,,20211007,41°00.01',66°47.98',41°00.07',66°47.97',41.3,75.5,NA,15:37,NA,NA,NA,,Mercuric,100,uncertain about bottle numbers; sunny & calm,NA,NA,NA,NA,NA,NA,NA,,,2.5,17.2093808,,12.62255635,,2.490056355,,32.4864,,1976.2,,2201.4,,0.897701463,273.2300152,110.7302775
48,Bottom,RSA_341,,20211007,41°00.01',66°47.98',41°00.07',66°47.97',41.3,75.5,15:37,15:37,15:39,15:42,15:43,,Mercuric,100,uncertain about bottle numbers; sunny & calm,NA,NA,NA,NA,NA,NA,NA,,,76.00704384,11.57047681,,86.06676147,,75.93426147,,33.7645,,2122.3,,2266.6,,0.936336363,243.6119343,88.75751819
50,Bottom,RSA_342,,20211007,41°05.94',66°53.93',41°06.03',66°53.84',37.5,68.6,16:35,16:35,16:36,16:38,16:39,,Mercuric,100,,16:45,17:00,41°06.42',66°54.34',41°07.07',66°55.42',149,50,drag caught in gear; may have lost some scallops,58.58071318,12.19024163,,68.97878694,,58.84628694,,33.0334,,2085.4,,2225.5,,0.937047854,255.6923071,93.95113111
50,Surface,RSA_343,,20211007,41°05.94',66°53.93',41°06.03',66°53.84',37.5,68.6,NA,16:36,NA,NA,NA,,Mercuric,100,,16:45,17:00,41°06.42',66°54.34',41°07.07',66°55.42',149,50,drag caught in gear; may have lost some scallops,2.5,17.51406396,,12.61083396,,2.478333964,,32.4145,,1980.4,,2186.8,,0.905615511,282.1346271,114.9645366
51,Bottom,RSA_344,,20211007,41°11.94',66°59.95',41°11.93',66°59.91',35.9,65.7,17:57,17:57,17:58,18:00,18:01,,Mercuric,100,,NA,NA,NA,NA,NA,NA,NA,,,65.54029914,13.85507821,,76.04914176,,65.91664176,,32.7559,,2067,,2213.6,,0.933773039,258.6996142,98.23052673
51,Surface,RSA_345,,20211007,41°11.94',66°59.95',41°11.93',66°59.91',35.9,65.7,NA,17:57,NA,NA,NA,,Mercuric,100,,NA,NA,NA,NA,NA,NA,NA,,,2.5,17.6211275,,12.65140849,,2.518908491,,32.3493,,1977.8,,2187.2,,0.904261156,285.4489716,116.5084764
56,Bottom,RSA_346,,20211007,41°11.99',67°11.93',41°11.98',67°11.93',31.5,57.6,19:07,19:07,19:08,19:10,19:11,,Mercuric,100,,19:18,19:33,41°11.04',67°11.02',41°10.43',67°10.36',2,2,squid,52.37119209,15.30436233,,62.82189872,,52.68939872,,32.6047,,2038.8,,2205.2,,0.924541992,261.9277071,102.3201791
56,Surface,RSA_347,,20211007,41°11.99',67°11.93',41°11.98',67°11.93',31.5,57.6,NA,19:07,NA,NA,NA,,Mercuric,100,,19:18,19:33,41°11.04',67°11.02',41°10.43',67°10.36',2,2,squid,2.5,17.85789985,,12.68016976,,2.547669759,,32.6696,,1962.4,,2198.9,,0.892582655,281.8752391,115.6508927
55,Bottom,RSA_348,,20211007,41°06.01',67°06.01',41°05.72',67°05.87',34.2,62.5,20:08,20:08,20:09,20:10,20:12,,Mercuric,100,,NA,NA,NA,NA,NA,NA,NA,,,47.05416868,13.47176885,,56.96876658,,46.83626658,,32.7965,,2058.3,,2217.3,,0.928291165,261.6790607,98.60708806
55,Surface,RSA_349,,20211007,41°06.01',67°06.01',41°05.72',67°05.87',34.2,62.5,NA,20:09,NA,NA,NA,,Mercuric,100,,NA,NA,NA,NA,NA,NA,NA,,,2.5,17.87391189,,12.56630993,,2.433809926,,32.5364,,1991.5,,2197.3,,0.906339599,291.7649709,119.8024275
52,Bottom,RSA_350,,20211007,40°59.97',67°00.00',40°59.83',66°59.95',37.8,69.1,20:57,20:57,20:58,21:00,21:02,,Mercuric,100,,NA,NA,NA,NA,NA,NA,NA,,,64.53072822,12.33162495,,75.04577476,,64.91327476,,32.9306,,2083.5,,2225,,0.936404494,260.1066336,95.79557299
52,Surface,RSA_351,,20211007,40°59.97',67°00.00',40°59.83',66°59.95',37.8,69.1,NA,20:58,NA,NA,NA,,Mercuric,100,,NA,NA,NA,NA,NA,NA,NA,,,2.5,17.69723066,,12.67524801,,2.542748009,,32.52,,1992.6,,2196.4,,0.907211801,284.8893229,116.5713566
49,Bottom,RSA_352,,20211007,40°53.90',66°53.92',40°53.75',66°53.88',48.4,88.5,21:47,21:48,21:49,21:51,21:52,D17,Mercuric,100,,NA,NA,NA,NA,NA,NA,NA,,,58.3864553,11.84274789,,68.89804811,,58.76554811,,33.1706,,2099,,2234.8,,0.939233936,256.2960882,93.60392177
49,Surface,RSA_353,Y,20211007,40°53.90',66°53.92',40°53.75',66°53.88',48.4,88.5,NA,21:48,NA,NA,NA,,Mercuric,100,,NA,NA,NA,NA,NA,NA,NA,,,2.5,17.95120417,,12.67030049,,2.53780049,,32.3717,,1971.7,,2190.4,,0.900155223,,
49,Surface,RSA_354,,20211007,40°53.90',66°53.92',40°53.75',66°53.88',48.4,88.5,NA,21:48,NA,NA,NA,,Mercuric,100,,NA,NA,NA,NA,NA,NA,NA,,,2.5,17.95120417,,12.67030049,,2.53780049,,32.3717,,1970.5,,2189.8,,0.899853868,280.966428,115.4235525
53,Bottom,RSA_355,Y,20211007,40°48.01',67°00.04',40°47.98',67°00.16',52.4,95.8,22:35,22:36,22:37,22:39,22:41,,Mercuric,100,,NA,NA,NA,NA,NA,NA,NA,,,98.11883984,15.41110779,,108.4202063,,98.28770627,,35.6009,,2153.9,,2353.4,,0.91522903,,
53,Bottom,RSA_356,,20211007,40°48.01',67°00.04',40°47.98',67°00.16',52.4,95.8,22:35,22:36,22:37,22:39,22:41,,Mercuric,100,,NA,NA,NA,NA,NA,NA,NA,,,98.11883984,15.41110779,,108.4202063,,98.28770627,,35.6009,,2154.9,,2355,,0.915031847,211.9610723,84.53375322
53,Surface,RSA_357,Y,20211007,40°48.01',67°00.04',40°47.98',67°00.16',52.4,95.8,NA,22:36,NA,NA,NA,,Mercuric,100,,NA,NA,NA,NA,NA,NA,NA,,,2.5,17.73982385,,12.6365184,,2.504018403,,32.5563,,1977.5,,2208.1,,0.895566324,,
53,Surface,RSA_358,,20211007,40°48.01',67°00.04',40°47.98',67°00.16',52.4,95.8,NA,22:36,NA,NA,NA,,Mercuric,100,,NA,NA,NA,NA,NA,NA,NA,,,2.5,17.73982385,,12.6365184,,2.504018403,,32.5563,,1978,,2208.7,,0.895549418,279.0175638,114.2878751
54,Bottom,RSA_359,,20211007,40°53.77',67°05.95',40°53.93',67°06.17',46.1,84.3,23:27,23:27,23:29,23:30,23:32,,Mercuric,100,,23:39,23:54,40°54.15',67°06.42',40°55.12',67°07.35',6398,50,,86.0126144,11.47453878,,96.27260252,,86.14010252,,33.3315,,2106.4,,2246,,0.937845058,253.0362763,91.74877133
54,Surface,RSA_360,,20211007,40°53.77',67°05.95',40°53.93',67°06.17',46.1,84.3,NA,23:28,NA,NA,NA,,Mercuric,100,,23:39,23:54,40°54.15',67°06.42',40°55.12',67°07.35',6398,50,,2.5,17.63481088,,12.65212847,,2.519628472,,32.5171,,1990.3,,2198.2,,0.905422619,279.595878,114.2666558
61,Bottom,RSA_361,,20211008,41°06.00',67°17.98',41°06.08',67°18.06',32.7,59.8,1:28,1:28,1:30,1:31,1:32,,Mercuric,100,,1:38,1:53,41°06.01',67°19.37',41°05.66',67°20.04',2,2,chance that scallops were stuck in drag from previous site,57.31368245,14.84795192,,67.78260724,,57.65010724,,32.6331,,2048.7,,2205.6,,0.928862895,255.7110247,98.99832387
57,Bottom,RSA_362,,20211008,41°00.12',67°12.18',41°00.12',67°12.28',39.6,72.4,0:40,0:41,0:42,0:44,0:45,,Mercuric,100,,NA,NA,NA,NA,NA,NA,NA,,,71.89929332,13.2787327,,82.41944959,,72.28694959,,33.0117,,2082.2,,2226.1,,0.935357801,250.7135617,94.22668578
57,Surface,RSA_363,,20211008,41°00.12',67°12.18',41°00.12',67°12.28',39.6,72.4,NA,0:41,NA,NA,NA,,Mercuric,100,,NA,NA,NA,NA,NA,NA,NA,,,2.5,17.80185036,,12.64572933,,2.513229331,,32.4907,,1986.2,,2199.9,,0.902859221,277.7597741,113.862674
61,Surface,RSA_364,,20211008,41°06.00',67°17.98',41°06.08',67°18.06',32.7,59.8,NA,1:29,NA,NA,NA,,Mercuric,100,,1:38,1:53,41°06.01',67°19.37',41°05.66',67°20.04',2,2,chance that scallops were stuck in drag from previous site,2.5,17.76704926,,12.569125,,2.436625003,,32.4738,,1986.7,,2192.8,,0.90601058,280.1292193,114.7455534
67,Bottom,RSA_365,,20211008,41°06.00',67°29.94',41°06.01',67°29.95',30.5,55.8,2:42,2:43,2:44,2:46,2:47,,Benzalkonium and mercuric,250,,NA,NA,NA,NA,NA,NA,NA,,,53.56448916,14.90192007,,63.81003047,,53.67753047,,32.6368,,2045.2,,2204.6,,0.927696634,260.0464486,100.7885769
67,Surface,RSA_366,,20211008,41°06.00',67°29.94',41°06.01',67°29.95',30.5,55.8,NA,2:43,NA,NA,NA,,Benzalkonium and mercuric,250,,NA,NA,NA,NA,NA,NA,NA,,,2.5,17.1403721,,12.6379215,,2.5054215,,32.5586,,1997.2,,2200.6,,0.907570663,285.1174925,115.4455014
68,Bottom,RSA_367,,20211008,41°00.15',67°35.86',41°00.15',67°35.87',34.5,63.1,3:39,3:39,3:41,3:43,3:44,,Benzalkonium and mercuric,250,,NA,NA,NA,NA,NA,NA,NA,,,64.33934601,13.12341028,,74.79658711,,64.66408711,,32.7394,,2073.2,,2212.6,,0.936997198,253.4912534,94.80162189
68,Surface,RSA_368,,20211008,41°00.15',67°35.86',41°00.15',67°35.87',34.5,63.1,NA,3:39,NA,NA,NA,,Benzalkonium and mercuric,250,,NA,NA,NA,NA,NA,NA,NA,,,2.5,17.24999478,,12.62568651,,2.493186507,,32.5233,,1988.6,,2204,,0.902268603,282.3424558,114.5401667
66,Bottom,RSA_369,,20211008,41°00.00',67°30.22',40°59.99',67°30.16',35.4,64.7,4:12,4:13,4:14,4:16,4:17,,Benzalkonium and mercuric,250,,4:22,4:37,41°00.04',67°29.60',41°00.05',67°28.06',97,50,,65.5147222,13.29435059,,75.87475214,,65.74225214,,32.7314,,2069.6,,2216.7,,0.933640096,252.8374123,94.88787591
66,Surface,RSA_370,,20211008,41°00.00',67°30.22',40°59.99',67°30.16',35.4,64.7,NA,4:13,NA,NA,NA,,Benzalkonium and mercuric,250,,4:22,4:37,41°00.04',67°29.60',41°00.05',67°28.06',97,50,,2.5,17.20815377,,12.6654974,,2.532997401,,32.5351,,1988.5,,2199.8,,0.903945813,281.2984553,114.0333771
60,Bottom,RSA_371,,20211008,40°54.05',67°18.04',40°53.94',67°18.09',43.9,80.3,5:50,5:50,5:52,5:54,5:55,,Benzalkonium and mercuric,250,,6:01,6:16,40°54.03',67°18.46',40°53.96',67°20.09',4216,50,,76.89863592,12.67249247,,87.11415618,,76.98165618,,33.5668,,2106.2,,2252.7,,0.934966929,239.757933,89.29369458
62,Bottom,RSA_372,,20211008,41°00.03',67°23.94',41°00.05',67°23.91',36.7,67.1,5:00,5:00,5:01,5:03,5:04,,Benzalkonium and mercuric,250,,NA,NA,NA,NA,NA,NA,NA,,,65.20438175,13.13260408,,75.77588905,,65.64338905,,32.7351,,2074,,2208.1,,0.939269055,253.6623796,94.88120073
62,Surface,RSA_373,,20211008,41°00.03',67°23.94',41°00.05',67°23.91',36.7,67.1,NA,5:01,NA,NA,NA,,Benzalkonium and mercuric,250,,NA,NA,NA,NA,NA,NA,NA,,,2.5,17.57703039,,12.62263565,,2.490135649,,32.4887,,1986.9,,2193.4,,0.905853925,276.3576892,112.798293
60,Surface,RSA_374,Y,20211008,40°54.05',67°18.04',40°53.94',67°18.09',43.9,80.3,NA,5:51,NA,NA,NA,,Benzalkonium and mercuric,250,,6:01,6:16,40°54.03',67°18.46',40°53.96',67°20.09',4216,50,,2.5,17.44018959,,12.59459852,,2.462098515,,32.5594,,1991.8,,2179.4,,0.913921263,,
60,Surface,RSA_375,,20211008,40°54.05',67°18.04',40°53.94',67°18.09',43.9,80.3,NA,5:51,NA,NA,NA,,Benzalkonium and mercuric,250,,6:01,6:16,40°54.03',67°18.46',40°53.96',67°20.09',4216,50,,2.5,17.44018959,,12.59459852,,2.462098515,,32.5594,,1985.7,,2207.8,,0.89940212,275.0328978,112.0102515
65,Bottom,RSA_376,Y,20211008,40°53.97',67°29.94',40°53.85',67°29.90',39.9,73,7:17,7:17,7:18,7:21,7:22,,Benzalkonium and mercuric,250,,NA,NA,NA,NA,NA,NA,NA,,,71.77032242,12.36468926,,81.9859961,,71.8534961,,32.831,,2083.9,,2215.8,,0.940472967,,
65,Bottom,RSA_377,,20211008,40°53.97',67°29.94',40°53.85',67°29.90',39.9,73,7:17,7:17,7:18,7:21,7:22,,Benzalkonium and mercuric,250,,NA,NA,NA,NA,NA,NA,NA,,,71.77032242,12.36468926,,81.9859961,,71.8534961,,32.831,,2085.7,,2215.9,,0.941242836,253.2228104,93.2662017
65,Surface,RSA_378,,20211008,40°53.97',67°29.94',40°53.85',67°29.90',39.9,73,NA,7:18,NA,NA,NA,,Benzalkonium and mercuric,250,,NA,NA,NA,NA,NA,NA,NA,,,2.5,16.88922052,,12.58985644,,2.457356441,,32.4958,,1998.6,,2204.6,,0.906559013,278.7701405,112.282861
63,Bottom,RSA_379,,20211008,40°47.78',67°23.85',40°47.62',67°23.81',47.3,86.5,8:07,8:07,8:08,8:10,8:11,D18,Mercuric,100,delay in poisoning,NA,NA,NA,NA,NA,NA,NA,,,82.96016831,12.24579002,,93.15782087,,83.02532087,,32.9005,,2088.2,,2222,,0.939783978,249.8193876,91.824596
63,Surface,RSA_380,,20211008,40°47.78',67°23.85',40°47.62',67°23.81',47.3,86.5,NA,8:07,NA,NA,NA,,Mercuric,100,delay in poisoning,NA,NA,NA,NA,NA,NA,NA,,,2.5,17.32107618,,12.61284161,,2.480341609,,32.4883,,1981.9,,2206.6,,0.898169129,275.7680321,112.003023
58,Bottom,RSA_381,,20211008,40°47.99',67°12.08',40°47.87',67°11.96',50.4,92.2,9:10,9:10,9:12,9:14,9:15,D19,Mercuric,100,delay in poisoning,NA,NA,NA,NA,NA,NA,NA,,,71.99278948,11.04208159,,82.25094492,,72.11844492,,33.2188,,2107.4,,2239,,0.941223761,253.0663555,90.88003739
58,Surface,RSA_382,,20211008,40°47.99',67°12.08',40°47.87',67°11.96',50.4,92.2,NA,9:11,NA,NA,NA,,Mercuric,100,delay in poisoning,NA,NA,NA,NA,NA,NA,NA,,,2.5,17.66334709,,12.66756444,,2.535064443,,32.6912,,1983.6,,2214.7,,0.895651781,272.275034,111.4540934
59,Bottom,RSA_383,Y,20211008,40°41.99',67°18.06',40°41.96',67°18.15',52.2,95.5,10:00,10:01,10:02,10:04,10:05,D20,Mercuric,100,,NA,NA,NA,NA,NA,NA,NA,,,91.47859902,15.33791104,,101.3055694,,91.17306939,,35.2286,,2140.5,,2336.4,,0.916153056,,
59,Bottom,RSA_384,,20211008,40°41.99',67°18.06',40°41.96',67°18.15',52.2,95.5,10:00,10:01,10:02,10:04,10:05,D20,Mercuric,100,,NA,NA,NA,NA,NA,NA,NA,,,91.47859902,15.33791104,,101.3055694,,91.17306939,,35.2286,,2145.8,,2336.3,,0.918460814,211.0800747,83.85445716
59,Surface,RSA_385,,20211008,40°41.99',67°18.06',40°41.96',67°18.15',52.2,95.5,NA,10:01,NA,NA,NA,,Mercuric,100,,NA,NA,NA,NA,NA,NA,NA,,,2.5,17.12382927,,12.64079219,,2.508292194,,32.4715,,1978.7,,2200.9,,0.899041301,278.2954338,112.5871102
64,Bottom,RSA_386,,20211008,40°41.99',67°30.09',40°42.01',67°30.16',48.2,88.1,10:59,11:00,11:01,11:02,11:03,D21,Mercuric,100,,NA,NA,NA,NA,NA,NA,NA,,,87.47210204,13.59712192,,98.16013424,,88.02763424,,33.9132,,2109.1,,2276,,0.926669596,232.9744446,88.74881051
64,Surface,RSA_387,,20211008,40°41.99',67°30.09',40°42.01',67°30.16',48.2,88.1,NA,11:00,NA,NA,NA,,Mercuric,100,,NA,NA,NA,NA,NA,NA,NA,,,2.5,17.36109574,,12.58513061,,2.452630605,,32.4885,,1981.7,,2195.9,,0.902454574,275.9097547,112.1473202
69,Bottom,RSA_388,,20211008,40°48.13',67°36.06',40°48.22',67°36.16',42.1,77,11:53,11:53,11:54,11:56,11:57,,Mercuric,100,,NA,NA,NA,NA,NA,NA,NA,,,71.31871226,12.50233576,,81.90180637,,71.76930637,,32.8208,,2070.8,,2219.3,,0.933087009,254.0372123,93.83091121
69,Surface,RSA_389,,20211008,40°48.13',67°36.06',40°48.22',67°36.16',42.1,77,NA,11:53,NA,NA,NA,,Mercuric,100,,NA,NA,NA,NA,NA,NA,NA,,,2.5,16.57307869,,13.66028521,,3.527785207,,32.5683,,2002.2,,2207.4,,0.907039957,276.4605473,110.7168617
70,Bottom,RSA_390,Y,20211008,40°48.02',67°42.02',40°48.10',67°42.22',38,69.5,12:25,12:25,12:26,12:28,12:29,,Mercuric,100,,12:37,12:52,40°47.28',67°42.11',40°45.85',67°42.00',433,50,,58.70328584,12.90737509,,69.00262663,,58.87012663,,32.7791,,2056.9,,2208,,0.931567029,,
70,Bottom,RSA_391,,20211008,40°48.02',67°42.02',40°48.10',67°42.22',38,69.5,12:25,12:25,12:26,12:28,12:29,,Mercuric,100,,12:37,12:52,40°47.28',67°42.11',40°45.85',67°42.00',433,50,,58.70328584,12.90737509,,69.00262663,,58.87012663,,32.7791,,2053.2,,2214,,0.927371274,252.3749101,93.98474541
70,Surface,RSA_392,,20211008,40°48.02',67°42.02',40°48.10',67°42.22',38,69.5,NA,12:25,NA,NA,NA,,Mercuric,100,,12:37,12:52,40°47.28',67°42.11',40°45.85',67°42.00',433,50,,2.5,16.98163486,,12.59993826,,2.467438259,,32.5588,,1990.7,,2202,,0.90404178,279.6966362,112.9023002
71,Bottom,RSA_393,,20211008,40°42.05',67°42.00',40°42.02',67°42.02',41.5,75.9,13:28,13:29,13:30,13:31,13:32,,Mercuric,100,,NA,NA,NA,NA,NA,NA,NA,,,69.86636656,12.47421147,,80.11776743,,69.98526743,,33.2281,,2093.2,,2236.4,,0.935968521,248.9229886,92.12533214
71,Surface,RSA_394,,20211008,40°42.05',67°42.00',40°42.02',67°42.02',41.5,75.9,NA,13:29,NA,NA,NA,,Mercuric,100,,NA,NA,NA,NA,NA,NA,NA,,,2.5,17.2630918,,12.64334076,,2.510840765,,32.4795,,1978.2,,2200.2,,0.899100082,275.3470241,111.7006068
72,Bottom,RSA_395,,20211008,40°36.05',67°48.00',40°36.19',67°48.10',45.8,83.8,14:25,14:25,14:26,14:28,14:30,,Mercuric,100,,NA,NA,NA,NA,NA,NA,NA,,,78.87088816,16.16240672,,89.11715852,,78.98465852,,35.3928,,2138.8,,2345.3,,0.911951563,218.8175086,88.45511023
72,Surface,RSA_396,,20211008,40°36.05',67°48.00',40°36.19',67°48.10',45.8,83.8,NA,14:26,NA,NA,NA,,Mercuric,100,,NA,NA,NA,NA,NA,NA,NA,,,2.5,17.53309414,,12.62754795,,2.495047954,,32.5204,,1978.4,,2208,,0.896014493,275.7206992,112.4648709
76,Bottom,RSA_397,Y,20211008,40°36.05',67°53.94',40°36.16',67°54.00',47,86,14:59,14:59,15:01,15:02,15:03,D22,Mercuric,100,,15:09,15:24,40°36.16',67°54.55',40°36.11',67°55.96',63,50,very messy pile,79.38737685,15.68407769,,90.01749918,,79.88499918,,35.487,,2145.6,,2349,,0.913409962,,
76,Bottom,RSA_398,,20211008,40°36.05',67°53.94',40°36.16',67°54.00',47,86,14:59,14:59,15:01,15:02,15:03,D22,Mercuric,100,,15:09,15:24,40°36.16',67°54.55',40°36.11',67°55.96',63,50,very messy pile,79.38737685,15.68407769,,90.01749918,,79.88499918,,35.487,,2148.3,,2348.3,,0.914832006,212.8146451,85.26503096
76,Surface,RSA_399,,20211008,40°36.05',67°53.94',40°36.16',67°54.00',47,86,NA,15:00,NA,NA,NA,,Mercuric,100,,15:09,15:24,40°36.16',67°54.55',40°36.11',67°55.96',63,50,very messy pile,2.5,17.3753717,,12.69417899,,2.561678995,,32.5135,,1977.1,,2207,,0.895831445,278.7333652,113.3436583
77,Bottom,RSA_400,Y,20211008,40°36.13',68°00.48',40°36.24',68°00.38',48.4,88.5,16:04,16:04,16:06,16:07,16:08,D23,Mercuric,100,,NA,NA,NA,NA,NA,NA,NA,,,84.67502753,15.25679185,,95.22381755,,85.09131755,,35.174,,2138.5,,2332.8,,0.916709534,,
77,Bottom,RSA_401,,20211008,40°36.13',68°00.48',40°36.24',68°00.38',48.4,88.5,16:04,16:04,16:06,16:07,16:08,D23,Mercuric,100,,NA,NA,NA,NA,NA,NA,NA,,,84.67502753,15.25679185,,95.22381755,,85.09131755,,35.174,,2141.4,,2331.7,,0.918385727,218.4990062,86.65105124
77,Surface,RSA_402,,20211008,40°36.13',68°00.48',40°36.24',68°00.38',48.4,88.5,NA,16:05,NA,NA,NA,,Mercuric,100,,NA,NA,NA,NA,NA,NA,NA,,,2.5,17.82813442,,12.64165582,,2.509155816,,32.7434,,1987.5,,2211.9,,0.898548759,259.5896837,106.635662
78,Bottom,RSA_403,Y,20211008,40°42.14',67°53.84',40°42.17',67°53.77',42.3,77.4,16:56,16:56,16:58,17:00,17:01,,Mercuric,100,,NA,NA,NA,NA,NA,NA,NA,,,78.3402916,12.83526391,,88.90892152,,78.77642152,,33.4449,,2098,,2247.6,,0.933440114,,
78,Bottom,RSA_404,,20211008,40°42.14',67°53.84',40°42.17',67°53.77',42.3,77.4,16:56,16:56,16:58,17:00,17:01,,Mercuric,100,,NA,NA,NA,NA,NA,NA,NA,,,78.3402916,12.83526391,,88.90892152,,78.77642152,,33.4449,,2099.9,,2248.9,,0.933745387,250.6753938,93.60487352
78,Surface,RSA_405,,20211008,40°42.14',67°53.84',40°42.17',67°53.77',42.3,77.4,NA,16:57,NA,NA,NA,,Mercuric,100,,NA,NA,NA,NA,NA,NA,NA,,,2.5,17.69217707,,12.67599785,,2.543497849,,32.7433,,1984.3,,2213.7,,0.896372589,276.6120416,113.3281053
73,Surface,RSA_406,,20211008,40°47.88',67°48.07',40°47.89',67°47.99',36,65.8,NA,17:48,NA,NA,NA,,Mercuric,100,,NA,NA,NA,NA,NA,NA,NA,,,2.5,17.48297633,,12.60865224,,2.476152236,,32.5428,,1988.6,,2203.8,,0.902350486,275.1088757,112.1223352
73,Bottom,RSA_407,,20211008,40°47.88',67°48.07',40°47.89',67°47.99',36,65.8,17:46,17:48,17:49,17:50,17:51,,Mercuric,100,,NA,NA,NA,NA,NA,NA,NA,,,64.99222021,12.65477722,,75.07431446,,64.94181446,,32.8914,,2076.1,,2220.1,,0.935138057,260.0867675,96.41572598
74,Bottom,RSA_408,,20211008,40°53.90',67°53.87',40°53.89',67°53.79',31.4,57.4,18:49,18:49,18:50,18:51,18:52,,Mercuric,100,,NA,NA,NA,NA,NA,NA,NA,,,53.25393006,13.87159877,,63.72364815,,53.59114815,,32.7078,,2049.4,,2214.2,,0.925571312,258.0738887,97.9965589
74,Surface,RSA_409,,20211008,40°53.90',67°53.87',40°53.89',67°53.79',31.4,57.4,NA,18:50,NA,NA,NA,,Mercuric,100,,NA,NA,NA,NA,NA,NA,NA,,,2.5,17.07523842,,12.65971098,,2.527210981,,32.5747,,1991.6,,2205.6,,0.902974247,288.47171,116.6677447
79,Bottom,RSA_410,,20211008,40°53.95',68°05.75',40°53.82',68°05.74',31,56.7,19:56,19:57,19:58,19:59,20:00,,Mercuric,100,,NA,NA,NA,NA,NA,NA,NA,,,54.43810503,15.31024977,,64.90475885,,54.77225885,,32.6356,,2036.9,,2204.4,,0.924015605,268.8239608,105.0466391
79,Surface,RSA_411,,20211008,40°53.95',68°05.75',40°53.82',68°05.74',31,56.7,NA,19:57,NA,NA,NA,,Mercuric,100,,NA,NA,NA,NA,NA,NA,NA,,,2.5,16.81009575,,12.63744603,,2.504946025,,32.5946,,2008.8,,2202.8,,0.911930271,276.9657902,111.4518145
75,Bottom,RSA_412,,20211008,40°47.89',68°00.01',40°47.82',68°00.02',35.7,65.3,20:40,20:41,20:42,20:43,20:44,,Mercuric,100,,NA,NA,NA,NA,NA,NA,NA,,,60.5898235,13.20178431,,71.14527652,,61.01277652,,32.773,,2070.1,,2215.3,,0.93445583,255.4159739,95.69713075
75,Surface,RSA_413,Y,20211008,40°47.89',68°00.01',40°47.82',68°00.02',35.7,65.3,NA,20:41,NA,NA,NA,,Mercuric,100,,NA,NA,NA,NA,NA,NA,NA,,,2.5,17.55884155,,12.66258097,,2.530080971,,32.5547,,1979.1,,2207.1,,0.896697023,,
75,Surface,RSA_414,,20211008,40°47.89',68°00.01',40°47.82',68°00.02',35.7,65.3,NA,20:41,NA,NA,NA,,Mercuric,100,,NA,NA,NA,NA,NA,NA,NA,,,2.5,17.55884155,,12.66258097,,2.530080971,,32.5547,,1978.7,,2206.1,,0.89692217,272.7050619,111.3132573
80,Bottom,RSA_415,,20211008,40°41.99',68°06.02',40°41.96',68°06.10',41.8,76.4,21:25,21:26,21:27,21:28,21:29,D24,Mercuric,100,,NA,NA,NA,NA,NA,NA,NA,,,73.85477341,12.77872559,,84.0227452,,73.8902452,,32.8747,,2076.9,,2219.4,,0.935793458,254.071287,94.41786832
80,Surface,RSA_416,,20211008,40°41.99',68°06.02',40°41.96',68°06.10',41.8,76.4,NA,21:26,NA,NA,NA,,Mercuric,100,,NA,NA,NA,NA,NA,NA,NA,,,2.5,18.22170725,,12.59302641,,2.460526406,,32.8877,,1989,,2219.5,,0.896147781,268.8911416,111.3831304
81,Bottom,RSA_417,,20211008,40°35.98',68°12.04',40°35.91',68°12.19',50.3,92,22:10,22:11,22:12,22:13,22:15,L1,Mercuric,100,,NA,NA,NA,NA,NA,NA,NA,,,82.13353419,12.2829219,,92.91555671,,82.78305671,,33.5722,,2107.4,,2254.3,,0.934835647,244.3694628,90.2730601
81,Surface,RSA_418,,20211008,40°35.98',68°12.04',40°35.91',68°12.19',50.3,92,NA,22:11,NA,NA,NA,,Mercuric,100,,NA,NA,NA,NA,NA,NA,NA,,,2.5,20.30520453,,12.64039444,,2.50789444,,33.6796,,2003.9,,2267.2,,0.883865561,268.0879936,116.0122458
82,Bottom,RSA_419,Y,20211008,40°41.94',68°12.02',40°41.92',68°12.05',39.8,72.8,23:02,23:02,23:03,23:04,23:05,L2,Mercuric,100,,23:11,23:26,40°41.80',68°12.96',40°41.35',68°14.62',18,18,"squid, needlefish (saury), lots of clamshells",72.47624094,13.44456646,,82.96568124,,72.83318124,,32.7764,,2068.6,,2212.5,,0.934960452,,
82,Bottom,RSA_420,,20211008,40°41.94',68°12.02',40°41.92',68°12.05',39.8,72.8,23:02,23:02,23:03,23:04,23:05,L2,Mercuric,100,,23:11,23:26,40°41.80',68°12.96',40°41.35',68°14.62',18,18,"squid, needlefish (saury), lots of clamshells",72.47624094,13.44456646,,82.96568124,,72.83318124,,32.7764,,2068.1,,2214.8,,0.933763771,252.3069954,95.00587258
82,Surface,RSA_421,,20211008,40°41.94',68°12.02',40°41.92',68°12.05',39.8,72.8,NA,23:02,NA,NA,NA,,Mercuric,100,,23:11,23:26,40°41.80',68°12.96',40°41.35',68°14.62',18,18,"squid, needlefish (saury), lots of clamshells",2.5,17.5852988,,12.5806392,,2.4481392,,32.5481,,1974.9,,2196.2,,0.899235042,280.8257906,114.6816574
83,Bottom,RSA_422,,20211008,40°41.97',68°18.04',40°41.88',68°18.29',34.9,63.8,23:46,23:46,23:47,23:49,23:50,,Mercuric,100,,NA,NA,NA,NA,NA,NA,NA,,,45.13059687,14.70554199,,55.6022978,,45.4697978,,32.7115,,2045,,2215.9,,0.922875581,257.6048627,99.49404272
83,Surface,RSA_423,,20211008,40°41.97',68°18.04',40°41.88',68°18.29',34.9,63.8,NA,23:46,NA,NA,NA,,Mercuric,100,,NA,NA,NA,NA,NA,NA,NA,,,2.5,16.85934627,,12.57521489,,2.442714887,,32.5725,,2009.6,,2188.5,,0.918254512,278.0293174,111.9720065
84,Bottom,RSA_424,,20211009,40°36.00',68°24.10',40°36.01',68°24.21',42.6,77.9,0:30,0:31,0:32,0:33,0:34,L3,Benzalkonium and mercuric,250,,NA,NA,NA,NA,NA,NA,NA,,,65.66502762,12.39875324,,76.1552426,,66.0227426,,32.9406,,2084.9,,2222.9,,0.937918935,251.4216669,92.72346731
84,Surface,RSA_425,,20211009,40°36.00',68°24.10',40°36.01',68°24.21',42.6,77.9,NA,0:32,NA,NA,NA,,Benzalkonium and mercuric,250,,NA,NA,NA,NA,NA,NA,NA,,,2.5,17.59101291,,12.68404774,,2.551547736,,32.5281,,1976,,2203.5,,0.896755162,282.6047193,115.4068291
86,Bottom,RSA_426,,20211009,40°29.99',68°30.03',40°30.01',68°30.18',48,87.8,1:19,1:20,1:22,1:23,1:24,,Benzalkonium and mercuric,250,,NA,NA,NA,NA,NA,NA,NA,,,78.58824833,12.5449077,,89.18241248,,79.04991248,,33.9508,,2110.5,,2259.5,,0.934056207,241.6871688,89.99135189
86,Surface,RSA_427,,20211009,40°29.99',68°30.03',40°30.01',68°30.18',48,87.8,NA,1:21,NA,NA,NA,,Benzalkonium and mercuric,250,,NA,NA,NA,NA,NA,NA,NA,,,2.5,18.29564884,,12.70660426,,2.574104261,,32.7762,,1985.4,,2218.8,,0.894808004,272.7296755,113.0556575
87,Bottom,RSA_428,,20211009,40°24.02',68°36.02',40°24.06',68°36.12',48.6,88.9,2:14,2:15,2:16,2:17,2:18,L4,Benzalkonium and mercuric,250,,NA,NA,NA,NA,NA,NA,NA,,,77.41731884,12.85698678,,88.02871933,,77.89621933,,34.0803,,2124.5,,2280.2,,0.931716516,237.5459453,89.12857253
87,Surface,RSA_429,,20211009,40°24.02',68°36.02',40°24.06',68°36.12',48.6,88.9,NA,2:15,NA,NA,NA,,Benzalkonium and mercuric,250,,NA,NA,NA,NA,NA,NA,NA,,,2.5,17.92521751,,12.64407431,,2.51157431,,32.7701,,1989.7,,2214.6,,0.898446672,274.1571209,112.8433639
93,Bottom,RSA_430,,20211009,40°24.02',68°47.99',40°24.11',68°48.07',43.9,80.3,3:11,3:12,3:13,3:14,3:16,,Mercuric,100,delay in poisoning,NA,NA,NA,NA,NA,NA,NA,,,76.43883726,13.35309278,,86.97559348,,76.84309348,,34.2718,,2122.9,,2288.7,,0.927557129,233.1075787,88.44375262
93,Surface,RSA_431,,20211009,40°24.02',68°47.99',40°24.11',68°48.07',43.9,80.3,NA,3:12,NA,NA,NA,,Mercuric,100,delay in poisoning,NA,NA,NA,NA,NA,NA,NA,,,2.5,18.64426463,,12.66367078,,2.531170777,,33.0576,,1989.8,,2224.3,,0.894573574,272.9330814,114.0841468
88,Bottom,RSA_432,,20211009,40°30.03',68°42.02',40°30.07',68°42.06',39.3,71.9,4:06,4:07,4:08,4:09,4:10,L5,Mercuric,100,delay in poisoning,4:14,4:29,40°30.35',68°41.93',40°31.38',68°41.23',67,50,,70.1811343,12.15255933,,80.85069513,,70.71819513,,33.5315,,2107,,2253.6,,0.934948527,245.1057702,90.26409009
88,Surface,RSA_433,,20211009,40°30.03',68°42.02',40°30.07',68°42.06',39.3,71.9,NA,4:07,NA,NA,NA,,Mercuric,100,delay in poisoning,4:14,4:29,40°30.35',68°41.93',40°31.38',68°41.23',67,50,,2.5,17.43399959,,12.64108357,,2.508583569,,32.695,,1992.7,,2211,,0.901266395,276.8777582,112.8415211
85,Bottom,RSA_434,,20211009,40°36.04',68°36.08',40°36.08',68°36.13',34.9,63.8,5:16,5:16,5:18,5:19,5:20,,Mercuric,100,delay in poisoning,NA,NA,NA,NA,NA,NA,NA,,,55.23834691,12.34618114,,65.74802348,,55.61552348,,33.1169,,2088.1,,2234.9,,0.934314734,251.0274863,92.5802438
85,Surface,RSA_435,,20211009,40°36.04',68°36.08',40°36.08',68°36.13',34.9,63.8,NA,5:16,NA,NA,NA,,Mercuric,100,delay in poisoning,NA,NA,NA,NA,NA,NA,NA,,,2.5,17.38296124,,12.65295957,,2.520459572,,32.6046,,1988.4,,2200.9,,0.903448589,274.428186,111.6462904
89,Bottom,RSA_436,,20211009,40°42.04',68°42.02',40°42.04',68°42.04',32.7,59.8,6:07,6:08,6:09,6:10,6:11,,Mercuric,100,delay in poisoning,NA,NA,NA,NA,NA,NA,NA,,,60.45846485,14.44117518,,70.94709878,,60.81459878,,32.7518,,2056.5,,2209.2,,0.930879957,255.0381927,98.00171552
89,Surface,RSA_437,,20211009,40°42.04',68°42.02',40°42.04',68°42.04',32.7,59.8,NA,6:08,NA,NA,NA,,Mercuric,100,delay in poisoning,NA,NA,NA,NA,NA,NA,NA,,,2.5,17.10158163,,12.67731482,,2.544814816,,32.5305,,1989.5,,2191.7,,0.907742848,282.6684688,114.3481508
90,Bottom,RSA_438,Y,20211009,40°47.79',68°42.00',40°47.74',68°42.09',32.5,59.4,6:51,6:52,6:54,6:55,6:56,,Mercuric,100,,NA,NA,NA,NA,NA,NA,NA,,,58.99553435,16.2785123,,69.00564559,,58.87314559,,32.6086,,2017.9,,2202.1,,0.916352573,,
90,Bottom,RSA_439,,20211009,40°47.79',68°42.00',40°47.74',68°42.09',32.5,59.4,6:51,6:52,6:54,6:55,6:56,,Mercuric,100,,NA,NA,NA,NA,NA,NA,NA,,,58.99553435,16.2785123,,69.00564559,,58.87314559,,32.6086,,2023.4,,2210.6,,0.915317109,266.9659068,106.324811
90,Surface,RSA_440,,20211009,40°47.79',68°42.00',40°47.74',68°42.09',32.5,59.4,NA,6:53,NA,NA,NA,,Mercuric,100,,NA,NA,NA,NA,NA,NA,NA,,,2.5,16.48273221,,12.55502863,,2.422528626,,32.5896,,2015.5,,2195.3,,0.918097754,267.0608919,106.7774034
91,Bottom,RSA_441,,20211009,40°47.99',68°48.12',40°47.95',68°48.25',35,64,7:27,7:28,7:29,7:30,7:31,,Mercuric,100,,NA,NA,NA,NA,NA,NA,NA,,,65.18468418,15.69346215,,75.79255715,,65.66005715,,32.6565,,2026.9,,2200.5,,0.921108839,263.2116413,103.6552225
91,Surface,RSA_442,,20211009,40°47.99',68°48.12',40°47.95',68°48.25',35,64,NA,7:28,NA,NA,NA,,Mercuric,100,,NA,NA,NA,NA,NA,NA,NA,,,2.5,16.22054728,,12.62525506,,2.49275506,,32.584,,2022.7,,2194.4,,0.921755377,269.1435661,107.0536775
97,Bottom,RSA_443,,20211009,40°47.98',68°53.66',40°47.89',68°53.73',36.3,66.4,8:03,8:03,8:04,8:06,8:07,,Mercuric,100,,8:12,8:28,40°47.44',68°54.02',40°46.28',68°54.12',11,11,very hard bottom; drag hung up at beginning; added 1 min to tow,61.89688831,15.96662019,,72.05196383,,61.91946383,,32.6352,,2032,,2203.7,,0.922085583,261.3538854,103.4685358
97,Surface,RSA_444,,20211009,40°47.98',68°53.66',40°47.89',68°53.73',36.3,66.4,NA,8:03,NA,NA,NA,,Mercuric,100,,8:12,8:28,40°47.44',68°54.02',40°46.28',68°54.12',11,11,very hard bottom; drag hung up at beginning; added 1 min to tow,2.5,16.47115526,,12.86571544,,2.733215436,,32.5729,,2015.2,,2203,,0.91475261,276.8383093,110.6500856
96,Bottom,RSA_445,,20211009,40°42.17',68°54.00',40°41.88',68°54.02',35,64,8:57,8:57,8:59,9:00,9:01,,Mercuric,100,top not screwed tightly,NA,NA,NA,NA,NA,NA,NA,,,63.25940016,14.55990882,,73.84251452,,63.71001452,,33.3795,,2031.6,,2252.3,,0.902410869,251.0169451,96.71372353
96,Surface,RSA_446,,20211009,40°42.17',68°54.00',40°41.88',68°54.02',35,64,NA,8:58,NA,NA,NA,,Mercuric,100,,NA,NA,NA,NA,NA,NA,NA,,,2.5,17.42740504,,12.72916293,,2.59666293,,32.5487,,1985.8,,2196.8,,0.903951202,277.8860899,113.1369239
92,Bottom,RSA_447,,20211009,40°36.08',68°48.21',40°35.86',68°48.38',33.9,62,9:52,9:53,9:54,9:55,9:56,,Mercuric,100,,NA,NA,NA,NA,NA,NA,NA,,,56.07606512,14.61481951,,66.36643453,,56.23393453,,32.7459,,2057.4,,2208.7,,0.931498166,251.0908403,96.82124217
92,Surface,RSA_448,,20211009,40°36.08',68°48.21',40°35.86',68°48.38',33.9,62,NA,9:53,NA,NA,NA,,Mercuric,100,,NA,NA,NA,NA,NA,NA,NA,,,2.5,17.20623149,,12.57285332,,2.440353321,,32.5271,,1987.2,,2205.6,,0.900979325,279.8663675,113.4421246
95,Bottom,RSA_449,,20211009,40°30.06',68°53.95',40°29.91',68°54.11',38.9,71.1,10:39,10:39,10:40,10:42,10:43,,Mercuric,100,,NA,NA,NA,NA,NA,NA,NA,,,59.94804471,13.09365836,,70.3419833,,60.2094833,,33.1892,,2068.1,,2230.5,,0.927191213,245.9516101,92.18645308
95,Surface,RSA_450,,20211009,40°30.06',68°53.95',40°29.91',68°54.11',38.9,71.1,NA,10:40,NA,NA,NA,,Mercuric,100,,NA,NA,NA,NA,NA,NA,NA,,,2.5,17.45049197,,12.67837464,,2.545874642,,32.519,,1980.6,,2208,,0.89701087,277.3985235,112.9682763
94,Bottom,RSA_451,,20211009,40°24.09',68°59.95',40°24.06',69°00.19',44.5,81.4,11:29,11:29,11:31,11:32,11:33,,Mercuric,100,,NA,NA,NA,NA,NA,NA,NA,,,70.78314767,13.23891163,,81.19088579,,71.05838579,,34.0708,,2127.3,,2272,,0.93631162,231.9547218,87.68818499
94,Surface,RSA_452,,20211009,40°24.09',68°59.95',40°24.06',69°00.19',44.5,81.4,NA,11:30,NA,NA,NA,,Mercuric,100,,NA,NA,NA,NA,NA,NA,NA,,,2.5,17.99671311,,12.75357672,,2.621076719,,32.7684,,1985.9,,2213.2,,0.89729803,271.2500114,111.7983007
104,Bottom,RSA_453,,20211009,40°24.01',69°11.89',40°23.99',69°12.03',43.3,79.2,NA,12:30,12:31,12:32,12:33,,Mercuric,100,CTD off,NA,NA,NA,NA,NA,NA,NA,,,79.2,NA,,NA,,NA,,33.2303,,2099.4,,2232.1,,0.940520446,NA,NA
104,Surface,RSA_454,,20211009,40°24.01',69°11.89',40°23.99',69°12.03',43.3,79.2,NA,12:30,NA,NA,NA,,Mercuric,100,,NA,NA,NA,NA,NA,NA,NA,,,0,NA,,NA,,NA,,32.7606,,1990.7,,2204.9,,0.902884877,NA,NA
103,Bottom,RSA_455,,20211009,40°29.96',69°06.12',40°30.07',69°06.27',42.1,77,13:39,13:39,13:40,13:41,13:42,L6,Mercuric,100,,13:50,14:05,40°30.75',69°06.18',40°32.02',69°06.15',105,50,,73.75558982,13.02304734,,84.30955864,,74.17705864,,33.4316,,2119.3,,2259.4,,0.937992387,246.1059765,92.24993315
103,Surface,RSA_456,,20211009,40°29.96',69°06.12',40°30.07',69°06.27',42.1,77,NA,13:39,NA,NA,NA,,Mercuric,100,,13:50,14:05,40°30.75',69°06.18',40°32.02',69°06.15',105,50,,2.5,18.54830762,,12.67651065,,2.544010651,,33.0524,,2007,,2236.1,,0.897544833,267.9671528,111.8018415
102,Bottom,RSA_457,,20211009,40°36.01',69°06.14',40°36.07',69°06.24',40.3,73.7,14:39,14:40,14:41,14:43,14:44,,Mercuric,100,,NA,NA,NA,NA,NA,NA,NA,,,69.58315629,14.14463583,,80.19302812,,70.06052812,,32.8098,,2069.1,,2212.7,,0.935101912,251.233226,95.99405445
102,Surface,RSA_458,,20211009,40°36.01',69°06.14',40°36.07',69°06.24',40.3,73.7,NA,14:41,NA,NA,NA,,Mercuric,100,,NA,NA,NA,NA,NA,NA,NA,,,2.5,17.84530771,,12.74073694,,2.608236935,,32.7185,,1979.6,,2216.5,,0.893119783,285.5850096,117.3306604
98,Surface,RSA_459,,20211009,40°48.03',69°06.01',40°48.18',69°06.07',35,64,15:59,15:59,16:01,16:03,16:04,,Mercuric,100,top not screwed tightly; originally recorded as bottom sample,NA,NA,NA,NA,NA,NA,NA,,,2.5,17.15473438,,12.62207333,,2.489573327,,32.5936,,1994.7,,2234.2,,0.892802793,288.9839222,117.0685312
98,Bottom,RSA_460,,20211009,40°48.03',69°06.01',40°48.18',69°06.07',35,64,NA,16:00,NA,NA,NA,,Mercuric,100,top not screwed tightly; originally recorded as surface sample,NA,NA,NA,NA,NA,NA,NA,,,59.92870079,14.92724184,,69.88948594,,59.75698594,,33.4475,,2029.5,,2260.9,,0.89809368,253.0403058,98.19707105
100,Bottom,RSA_461,,20211009,40°48.02',69°18.00',40°48.09',69°17.99',29.5,53.9,17:14,17:15,17:15,17:17,17:17,L7,Mercuric,100,originally recorded as filtered sample,NA,NA,NA,NA,NA,NA,NA,,,46.32335775,16.08329146,,56.72642382,,46.59392382,,32.8138,,2059.5,,2254.4,,0.913546842,269.1328394,106.9099862
100,Surface,RSA_462,Y?,20211009,40°48.02',69°18.00',40°48.09',69°17.99',29.5,53.9,17:14,17:15,17:15,17:17,17:17,L7,Mercuric,100,originally recorded as bottom sample (unfiltered),NA,NA,NA,NA,NA,NA,NA,,,2.5,16.52273209,,12.60261375,,2.47011375,,32.835,,2028.8,,2243.3,,0.904381937,,
100,Surface,RSA_463,,20211009,40°48.02',69°18.00',40°48.09',69°17.99',29.5,53.9,NA,17:15,NA,NA,NA,,Mercuric,100,,NA,NA,NA,NA,NA,NA,NA,,,2.5,16.52273209,,12.60261375,,2.47011375,,32.835,,2035.2,,2237.2,,0.909708564,278.6758081,111.6769154
99,Bottom,RSA_464,,20211009,40°42.05',69°12.05',40°42.05',69°12.06',33.3,60.9,18:19,18:20,18:20,18:21,18:22,L8,Mercuric,100,,18:27,18:42,40°41.72',69°12.40',40°40.79',69°13.04',78,50,,61.21019811,15.39209997,,71.78227407,,61.64977407,,32.9921,,2052.5,,2222.8,,0.92338492,254.9405822,99.99637296
99,Surface,RSA_465,,20211009,40°42.05',69°12.05',40°42.05',69°12.06',33.3,60.9,NA,18:20,NA,NA,NA,,Mercuric,100,,18:27,18:42,40°41.72',69°12.40',40°40.79',69°13.04',78,50,,2.5,17.58619976,,12.47521274,,2.342712742,,32.6146,,1981,,2210.6,,0.896136795,281.9936277,115.207347
101,Bottom,RSA_466,,20211009,40°36.01',69°17.97',40°35.98',69°18.01',29.8,54.5,19:33,19:33,19:34,19:35,19:37,,Mercuric,100,,NA,NA,NA,NA,NA,NA,NA,,,53.550834,15.1362925,,63.84206496,,53.70956496,,33.0773,,2061.7,,2224.8,,0.92669004,251.4942267,98.20229572
101,Surface,RSA_467,,20211009,40°36.01',69°17.97',40°35.98',69°18.01',29.8,54.5,NA,19:33,NA,NA,NA,,Mercuric,100,,NA,NA,NA,NA,NA,NA,NA,,,2.5,17.73403062,,12.56846701,,2.435967013,,32.6513,,1986.4,,2212.8,,0.897686189,282.4542082,115.7496374
105,Bottom,RSA_468,,20211009,40°29.99',69°24.02',40°29.92',69°24.03',31.8,58.2,20:29,20:29,20:30,20:31,20:32,L9,Mercuric,100,,NA,NA,NA,NA,NA,NA,NA,,,55.5416847,15.79552873,,65.95378001,,55.82128001,,33.3271,,2058.2,,2247.7,,0.915691596,250.2890244,99.16059836
105,Surface,RSA_469,,20211009,40°29.99',69°24.02',40°29.92',69°24.03',31.8,58.2,NA,20:29,NA,NA,NA,,Mercuric,100,,NA,NA,NA,NA,NA,NA,NA,,,2.5,19.80164346,,12.69333299,,2.560832986,,33.57,,1997.2,,2253,,0.886551265,270.7810697,115.932972
106,Bottom,RSA_470,,20211009,40°27.04',69°24.04',40°27.01',69°24.09',33.8,61.8,20:55,20:56,20:56,20:58,20:58,L10,Mercuric,100,,21:02,21:17,40°26.80',69°24.41',40°26.03',69°25.67',596,50,many crushed scallops,62.34769015,15.02232945,,72.82921985,,62.69671985,,33.2922,,2071.8,,2241.8,,0.924168079,246.7672601,96.25647051
106,Surface,RSA_471,,20211009,40°27.04',69°24.04',40°27.01',69°24.09',33.8,61.8,NA,20:56,NA,NA,NA,,Mercuric,100,,21:02,21:17,40°26.80',69°24.41',40°26.03',69°25.67',596,50,many crushed scallops,2.5,19.90327694,,12.61262896,,2.480128962,,33.6778,,2000.1,,2264.9,,0.883217802,268.8533472,115.3675092
109,Bottom,RSA_472,,20211009,40°23.98',69°36.32',40°23.98',69°36.53',35.1,64.2,22:32,22:32,22:34,22:35,22:36,L11,Mercuric,100,,22:40,22:55,40°23.90',69°36.93',40°23.90',69°38.41',10,10,,56.01322544,12.98598534,,66.15907134,,56.02657134,,33.019,,2084.5,,2231.4,,0.934166891,248.6665796,92.95485014
109,Surface,RSA_473,,20211009,40°23.98',69°36.32',40°23.98',69°36.53',35.1,64.2,NA,22:32,NA,NA,NA,,Mercuric,100,,22:40,22:55,40°23.90',69°36.93',40°23.90',69°38.41',10,10,,2.5,19.31311536,,12.68402312,,2.551523123,,33.2274,,2003.3,,2250.9,,0.889999556,265.6680925,112.5663523
110,Bottom,RSA_474,,20211009,40°23.98',69°41.54',40°23.99',69°41.61',36.5,66.8,23:16,23:16,23:17,23:19,23:20,,Mercuric,100,,NA,NA,NA,NA,NA,NA,NA,,,64.730486,12.74844332,,75.06015235,,64.92765235,,33.1964,,2095.6,,2233.3,,0.938342363,243.3140485,90.54935917
110,Surface,RSA_475,Y,20211009,40°23.98',69°41.54',40°23.99',69°41.61',36.5,66.8,NA,23:16,NA,NA,NA,,Mercuric,100,,NA,NA,NA,NA,NA,NA,NA,,,2.5,18.68485713,,12.7037716,,2.571271604,,33.0109,,1994.4,,2238.7,,0.890874168,,
110,Surface,RSA_476,,20211009,40°23.98',69°41.54',40°23.99',69°41.61',36.5,66.8,NA,23:16,NA,NA,NA,,Mercuric,100,,NA,NA,NA,NA,NA,NA,NA,,,2.5,18.68485713,,12.7037716,,2.571271604,,33.0109,,2003.9,,2244.5,,0.892804634,275.6897626,115.2921654
108,Bottom,RSA_477,,20211010,40°29.65',69°36.38',40°29.64',69°36.49',35.3,64.6,0:18,0:19,0:20,0:21,0:22,,Mercuric,100,,NA,NA,NA,NA,NA,NA,NA,,,64.90846246,15.20019871,,75.0543218,,64.9218218,,33.3455,,2068.6,,2242.6,,0.922411487,247.1001983,96.7710663
108,Surface,RSA_478,,20211010,40°29.65',69°36.38',40°29.64',69°36.49',35.3,64.6,NA,0:19,NA,NA,NA,,Mercuric,100,,NA,NA,NA,NA,NA,NA,NA,,,2.5,18.98071978,,12.63825882,,2.505758824,,33.1313,,1995.8,,2242.1,,0.89014763,269.3007433,113.331793
107,Bottom,RSA_479,Y,20211010,40°35.97',69°30.07',40°36.01',69°30.16',38,69.5,1:26,1:26,1:27,1:28,1:29,,Mercuric,100,,NA,NA,NA,NA,NA,NA,NA,,,50.11464197,16.19790242,,60.61855183,,50.48605183,,32.7864,,2037.9,,2229.2,,0.914184461,,
107,Bottom,RSA_480,,20211010,40°35.97',69°30.07',40°36.01',69°30.16',38,69.5,1:26,1:26,1:27,1:28,1:29,,Mercuric,100,,NA,NA,NA,NA,NA,NA,NA,,,50.11464197,16.19790242,,60.61855183,,50.48605183,,33.0406,,2038,,2225.9,,0.91576441,264.5840884,105.3244975
107,Surface,RSA_481,,20211010,40°35.97',69°30.07',40°36.01',69°30.16',38,69.5,NA,1:26,NA,NA,NA,,Mercuric,100,,NA,NA,NA,NA,NA,NA,NA,,,2.5,17.82278027,,12.61624604,,2.483746041,,33.0698,,2011.7,,2233.5,,0.900693978,268.9105066,110.6687966
111,Bottom,RSA_482,,20211010,40°36.03',69°41.96',40°36.09',69°42.06',32.1,58.7,2:26,2:27,2:28,2:29,2:30,,Mercuric,100,,NA,NA,NA,NA,NA,NA,NA,,,56.37717034,16.71482881,,66.79370587,,56.66120587,,33.1804,,2050.1,,2248.4,,0.91180395,256.3848824,103.3494572
111,Surface,RSA_483,,20211010,40°36.03',69°41.96',40°36.09',69°42.06',32.1,58.7,NA,2:27,NA,NA,NA,,Mercuric,100,,NA,NA,NA,NA,NA,NA,NA,,,2.5,19.65174754,,12.6330749,,2.500574902,,33.5555,,2015.4,,2274.1,,0.886240711,264.8676446,113.1600284
112,Bottom,RSA_484,,20211010,40°30.21',69°47.85',40°30.32',69°47.98',37.4,68.4,3:27,3:28,3:29,3:30,3:31,,Mercuric,100,,NA,NA,NA,NA,NA,NA,NA,,,60.26479212,13.82601408,,70.82198066,,60.68948066,,33.2801,,2102.3,,2256.4,,0.931705371,243.9362696,92.87458802
112,Surface,RSA_485,,20211010,40°30.21',69°47.85',40°30.32',69°47.98',37.4,68.4,NA,3:28,NA,NA,NA,,Mercuric,100,,NA,NA,NA,NA,NA,NA,NA,,,2.5,19.01151205,,12.69984746,,2.567347457,,33.044,,1986,,2233.5,,0.889187374,275.7121642,116.0360228
113,Bottom,RSA_486,,20211010,40°36.04',69°54.01',40°36.05',69°54.01',31.4,57.4,4:20,4:21,4:22,4:23,4:24,,Mercuric,100,,NA,NA,NA,NA,NA,NA,NA,,,52.08276505,16.00813889,,62.62498281,,52.49248281,,33.41,,2060.9,,2246.5,,0.917382595,245.8332059,97.87073467
113,Surface,RSA_487,,20211010,40°36.04',69°54.01',40°36.05',69°54.01',31.4,57.4,NA,4:22,NA,NA,NA,,Mercuric,100,,NA,NA,NA,NA,NA,NA,NA,,,2.5,20.12419697,,12.63678598,,2.504285981,,33.9955,,2013.3,,2278.1,,0.883982266,256.9558714,110.8493099
114,Bottom,RSA_488,Y,20211010,40°42.02',69°47.99',40°42.06',69°42.00',26.7,48.8,5:17,5:17,5:18,5:19,5:20,,Mercuric,100,,NA,NA,NA,NA,NA,NA,NA,,,44.99443776,17.11797827,,55.21898185,,45.08648185,,33.1807,,2031,,2236.8,,0.907993562,,
114,Bottom,RSA_489,,20211010,40°42.02',69°47.99',40°42.06',69°42.00',26.7,48.8,5:17,5:17,5:18,5:19,5:20,,Mercuric,100,,NA,NA,NA,NA,NA,NA,NA,,,44.99443776,17.11797827,,55.21898185,,45.08648185,,33.1807,,2030.1,,2235.6,,0.908078368,261.1323616,106.0911074
114,Surface,RSA_490,,20211010,40°42.02',69°47.99',40°42.06',69°42.00',26.7,48.8,NA,5:17,NA,NA,NA,,Mercuric,100,,NA,NA,NA,NA,NA,NA,NA,,,2.5,18.62032334,,12.63428322,,2.501783217,,33.5326,,2016.4,,2264.2,,0.890557371,260.549311,109.1718749